GISJOIN,YEAR,STUSAB,ANRCA,AIANHHA,RES_ONLYA,TRUSTA,AIANCC,RES_TRSTA,BLOCKA,BLCK_GRPA,TRACTA,CD101A,C_CITYA,CMSA,COUNTY,COUNTYA,CTY_SUB,CTY_SUBA,COUSUBCC,DIVISIONA,MSA_CMSAA,PLACEA,PLACECC,PLACEDC,PMSAA,REGIONA,STATE,STATEA,URBRURALA,URB_AREAA,CD103A,AREALAND,AREAWAT,ANPSADPI,FUNCSTAT,INTPTLAT,INTPTLNG,PSADC,ESJ001
"G550001000275","1990","WI",,,,,,,,,,,,"99","Adams","001","Adams city","00275","C5","3","9999",,,,"9999","2","Wisconsin","55",,,,"0000007505","0000000000","Adams city","F","+43955287","-089816929","25",2.33
"G550001000300","1990","WI",,,,,,,,,,,,"99","Adams","001","Adams town","00300","T1","3","9999",,,,"9999","2","Wisconsin","55",,,,"0000130940","0000000234","Adams town","A","+43938527","-089807561","43",2.58
"G550001007300","1990","WI",,,,,,,,,,,,"99","Adams","001","Big Flats town","07300","T1","3","9999",,,,"9999","2","Wisconsin","55",,,,"0000124593","0000000014","Big Flats town","A","+44106375","-089798940","43",2.49
"G550001016075","1990","WI",,,,,,,,,,,,"99","Adams","001","Colburn town","16075","T1","3","9999",,,,"9999","2","Wisconsin","55",,,,"0000093052","0000000000","Colburn town","A","+44112432","-089656160","43",2.57
"G550001019575","1990","WI",,,,,,,,,,,,"99","Adams","001","Dell Prairie town","19575","T1","3","9999",,,,"9999","2","Wisconsin","55",,,,"0000086601","0000002995","Dell Prairie town","A","+43689601","-089748057","43",2.64
"G550001022000","1990","WI",,,,,,,,,,,,"99","Adams","001","Easton town","22000","T1","3","9999",,,,"9999","2","Wisconsin","55",,,,"0000093508","0000000122","Easton town","A","+43857063","-089782459","43",2.53
"G550001027950","1990","WI",,,,,,,,,,,,"99","Adams","001","Friendship village","27950","C5","3","9999",,,,"9999","2","Wisconsin","55",,,,"0000002297","0000000087","Friendship village","F","+43971788","-089819993","47",2.41
"G550001037625","1990","WI",,,,,,,,,,,,"99","Adams","001","Jackson town","37625","T1","3","9999",,,,"9999","2","Wisconsin","55",,,,"0000090217","0000002479","Jackson town","A","+43765463","-089658144","43",2.37
"G550001043425","1990","WI",,,,,,,,,,,,"99","Adams","001","Leola town","43425","T1","3","9999",,,,"9999","2","Wisconsin","55",,,,"0000096414","0000000000","Leola town","A","+44199625","-089656647","43",2.55
"G550001044250","1990","WI",,,,,,,,,,,,"99","Adams","001","Lincoln town","44250","T1","3","9999",,,,"9999","2","Wisconsin","55",,,,"0000093740","0000000000","Lincoln town","A","+43941137","-089658727","43",2.56
"G550001053725","1990","WI",,,,,,,,,,,,"99","Adams","001","Monroe town","53725","T1","3","9999",,,,"9999","2","Wisconsin","55",,,,"0000056735","0000042946","Monroe town","A","+44104297","-089949709","43",2.31
"G550001056525","1990","WI",,,,,,,,,,,,"99","Adams","001","New Chester town","56525","T1","3","9999",,,,"9999","2","Wisconsin","55",,,,"0000080840","0000000472","New Chester town","A","+43859173","-089651656","43",2.64
"G550001056750","1990","WI",,,,,,,,,,,,"99","Adams","001","New Haven town","56750","T1","3","9999",,,,"9999","2","Wisconsin","55",,,,"0000075803","0000002943","New Haven town","A","+43678793","-089649266","43",2.57
"G550001065450","1990","WI",,,,,,,,,,,,"99","Adams","001","Preston town","65450","T1","3","9999",,,,"9999","2","Wisconsin","55",,,,"0000091659","0000001217","Preston town","A","+44022412","-089775116","43",2.52
"G550001065825","1990","WI",,,,,,,,,,,,"99","Adams","001","Quincy town","65825","T1","3","9999",,,,"9999","2","Wisconsin","55",,,,"0000084988","0000017657","Quincy town","A","+43893024","-089912337","43",2.17
"G550001067425","1990","WI",,,,,,,,,,,,"99","Adams","001","Richfield town","67425","T1","3","9999",,,,"9999","2","Wisconsin","55",,,,"0000091819","0000000000","Richfield town","A","+44029418","-089660185","43",2.74
"G550001069275","1990","WI",,,,,,,,,,,,"99","Adams","001","Rome town","69275","T1","3","9999",,,,"9999","2","Wisconsin","55",,,,"0000140533","0000020868","Rome town","A","+44202587","-089818465","43",2.35
"G550001076350","1990","WI",,,,,,,,,,,,"99","Adams","001","Springville town","76350","T1","3","9999",,,,"9999","2","Wisconsin","55",,,,"0000113718","0000001939","Springville town","A","+43778051","-089787365","43",2.30
"G550001077800","1990","WI",,,,,,,,,,,,"99","Adams","001","Strongs Prairie town","77800","T1","3","9999",,,,"9999","2","Wisconsin","55",,,,"0000122817","0000011645","Strongs Prairie town","A","+44022485","-089928145","43",2.50
"G550001088150","1990","WI",,,,,,,,,,,,"99","Adams","001","Wisconsin Dells city","88150","C5","3","9999",,,,"9999","2","Wisconsin","55",,,,"0000000011","0000000000","Wisconsin Dells city","F","+43641897","-089777880","25",0.00
"G550003000550","1990","WI",,,,,,,,,,,,"99","Ashland","003","Agenda town","00550","T1","3","9999",,,,"9999","2","Wisconsin","55",,,,"0000229616","0000002265","Agenda town","A","+46062738","-090371534","43",2.97
"G550003003225","1990","WI",,,,,,,,,,,,"99","Ashland","003","Ashland city","03225","C5","3","9999",,,,"9999","2","Wisconsin","55",,,,"0000034111","0000000703","Ashland city","F","+46580154","-090874147","25",2.33
"G550003003250","1990","WI",,,,,,,,,,,,"99","Ashland","003","Ashland town","03250","T1","3","9999",,,,"9999","2","Wisconsin","55",,,,"0000106798","0000000213","Ashland town","A","+46382930","-090733642","43",2.88
"G550003011525","1990","WI",,,,,,,,,,,,"99","Ashland","003","Butternut village","11525","C5","3","9999",,,,"9999","2","Wisconsin","55",,,,"0000004147","0000000000","Butternut village","F","+46013660","-090497689","47",2.34
"G550003014550","1990","WI",,,,,,,,,,,,"99","Ashland","003","Chippewa town","14550","T1","3","9999",,,,"9999","2","Wisconsin","55",,,,"0000322284","0000002829","Chippewa town","A","+46027610","-090700793","43",2.60
"G550003029250","1990","WI",,,,,,,,,,,,"99","Ashland","003","Gingles town","29250","T1","3","9999",,,,"9999","2","Wisconsin","55",,,,"0000101555","0000000012","Gingles town","A","+46544300","-090833892","43",2.75
"G550003029875","1990","WI",,,,,,,,,,,,"99","Ashland","003","Gordon town","29875","T1","3","9999",,,,"9999","2","Wisconsin","55",,,,"0000270468","0000006634","Gordon town","A","+46206654","-090745385","43",2.33
"G550003037775","1990","WI",,,,,,,,,,,,"99","Ashland","003","Jacobs town","37775","T1","3","9999",,,,"9999","2","Wisconsin","55",,,,"0000132267","0000000842","Jacobs town","A","+46173596","-090506819","43",2.61
"G550003042562","1990","WI",,,,,,,,,,,,"99","Ashland","003","La Pointe town","42562","T1","3","9999",,,,"9999","2","Wisconsin","55",,,,"0000200941","0000001020","La Pointe town","A","+46919340","-090639809","43",2.13
"G550003049200","1990","WI",,,,,,,,,,,,"99","Ashland","003","Marengo town","49200","T1","3","9999",,,,"9999","2","Wisconsin","55",,,,"0000184768","0000002532","Marengo town","A","+46329955","-090852253","43",2.73
"G550003050700","1990","WI",,,,,,,,,,,,"99","Ashland","003","Mellen city","50700","C5","3","9999",,,,"9999","2","Wisconsin","55",,,,"0000004795","0000000000","Mellen city","F","+46323264","-090661106","25",2.39
"G550003054400","1990","WI",,,,,,,,,,,,"99","Ashland","003","Morse town","54400","T1","3","9999",,,,"9999","2","Wisconsin","55",,,,"0000266182","0000004193","Morse town","A","+46311545","-090657910","43",2.81
"G550003061600","1990","WI",,,,,,,,,,,,"99","Ashland","003","Peeksville town","61600","T1","3","9999",,,,"9999","2","Wisconsin","55",,,,"0000095308","0000000275","Peeksville town","A","+46108247","-090501876","43",3.04
"G550003071350","1990","WI",,,,,,,,,,,,"99","Ashland","003","Sanborn town","71350","T1","3","9999",,,,"9999","2","Wisconsin","55",,,,"0000405131","0000011257","Sanborn town","A","+46541318","-090671578","43",3.02
"G550003072825","1990","WI",,,,,,,,,,,,"99","Ashland","003","Shanagolden town","72825","T1","3","9999",,,,"9999","2","Wisconsin","55",,,,"0000231280","0000001479","Shanagolden town","A","+46114708","-090775222","43",2.61
"G550003086850","1990","WI",,,,,,,,,,,,"99","Ashland","003","White River town","86850","T1","3","9999",,,,"9999","2","Wisconsin","55",,,,"0000114079","0000000262","White River town","A","+46440702","-090848229","43",3.01
"G550005001325","1990","WI",,,,,,,,,,,,"99","Barron","005","Almena village","01325","C5","3","9999",,,,"9999","2","Wisconsin","55",,,,"0000002591","0000000000","Almena village","F","+45414511","-092036471","47",2.50
"G550005001350","1990","WI",,,,,,,,,,,,"99","Barron","005","Almena town","01350","T1","3","9999",,,,"9999","2","Wisconsin","55",,,,"0000079456","0000004946","Almena town","A","+45424316","-092091677","43",2.83
"G550005002775","1990","WI",,,,,,,,,,,,"99","Barron","005","Arland town","02775","T1","3","9999",,,,"9999","2","Wisconsin","55",,,,"0000091545","0000000000","Arland town","A","+45337655","-091970866","43",3.05
"G550005004875","1990","WI",,,,,,,,,,,,"99","Barron","005","Barron city","04875","C5","3","9999",,,,"9999","2","Wisconsin","55",,,,"0000006815","0000000216","Barron city","F","+45400580","-091846491","25",2.39
"G550005004900","1990","WI",,,,,,,,,,,,"99","Barron","005","Barron town","04900","T1","3","9999",,,,"9999","2","Wisconsin","55",,,,"0000085797","0000000173","Barron town","A","+45418223","-091852830","43",3.13
"G550005005650","1990","WI",,,,,,,,,,,,"99","Barron","005","Bear Lake town","05650","T1","3","9999",,,,"9999","2","Wisconsin","55",,,,"0000085151","0000006001","Bear Lake town","A","+45594036","-091838426","43",3.03
"G550005012250","1990","WI",,,,,,,,,,,,"99","Barron","005","Cameron village","12250","C5","3","9999",,,,"9999","2","Wisconsin","55",,,,"0000006243","0000000263","Cameron village","F","+45403341","-091743408","47",2.45
"G550005013500","1990","WI",,,,,,,,,,,,"99","Barron","005","Cedar Lake town","13500","T1","3","9999",,,,"9999","2","Wisconsin","55",,,,"0000081126","0000010551","Cedar Lake town","A","+45592503","-091601773","43",2.69
"G550005014325","1990","WI",,,,,,,,,,,,"99","Barron","005","Chetek city","14325","C5","3","9999",,,,"9999","2","Wisconsin","55",,,,"0000006100","0000001823","Chetek city","F","+45315963","-091653058","25",2.22
"G550005014350","1990","WI",,,,,,,,,,,,"99","Barron","005","Chetek town","14350","T1","3","9999",,,,"9999","2","Wisconsin","55",,,,"0000078858","0000008084","Chetek town","A","+45337929","-091597197","43",2.59
"G550005015600","1990","WI",,,,,,,,,,,,"99","Barron","005","Clinton town","15600","T1","3","9999",,,,"9999","2","Wisconsin","55",,,,"0000090976","0000000763","Clinton town","A","+45427258","-091966455","43",3.11
"G550005017875","1990","WI",,,,,,,,,,,,"99","Barron","005","Crystal Lake town","17875","T1","3","9999",,,,"9999","2","Wisconsin","55",,,,"0000087039","0000004617","Crystal Lake town","A","+45507858","-092098100","43",2.66
"G550005018025","1990","WI",,,,,,,,,,,,"99","Barron","005","Cumberland city","18025","C5","3","9999",,,,"9999","2","Wisconsin","55",,,,"0000006481","0000001524","Cumberland city","F","+45535938","-092023210","25",2.24
"G550005018050","1990","WI",,,,,,,,,,,,"99","Barron","005","Cumberland town","18050","T1","3","9999",,,,"9999","2","Wisconsin","55",,,,"0000083218","0000002453","Cumberland town","A","+45508356","-091966738","43",2.72
"G550005018575","1990","WI",,,,,,,,,,,,"99","Barron","005","Dallas village","18575","C5","3","9999",,,,"9999","2","Wisconsin","55",,,,"0000003766","0000000100","Dallas village","F","+45258061","-091814664","47",2.44
"G550005018600","1990","WI",,,,,,,,,,,,"99","Barron","005","Dallas town","18600","T1","3","9999",,,,"9999","2","Wisconsin","55",,,,"0000087692","0000000016","Dallas town","A","+45251851","-091854889","43",3.01
"G550005020650","1990","WI",,,,,,,,,,,,"99","Barron","005","Dovre town","20650","T1","3","9999",,,,"9999","2","Wisconsin","55",,,,"0000090955","0000000245","Dovre town","A","+45251507","-091601046","43",3.02
"G550005020750","1990","WI",,,,,,,,,,,,"99","Barron","005","Doyle town","20750","T1","3","9999",,,,"9999","2","Wisconsin","55",,,,"0000092193","0000000051","Doyle town","A","+45514583","-091610769","43",2.84
"G550005033225","1990","WI",,,,,,,,,,,,"99","Barron","005","Haugen village","33225","C5","3","9999",,,,"9999","2","Wisconsin","55",,,,"0000001318","0000000016","Haugen village","F","+45607775","-091778431","47",2.63
"G550005041600","1990","WI",,,,,,,,,,,,"99","Barron","005","Lakeland town","41600","T1","3","9999",,,,"9999","2","Wisconsin","55",,,,"0000085568","0000005914","Lakeland town","A","+45598484","-091970610","43",2.67
"G550005048825","1990","WI",,,,,,,,,,,,"99","Barron","005","Maple Grove town","48825","T1","3","9999",,,,"9999","2","Wisconsin","55",,,,"0000091869","0000000000","Maple Grove town","A","+45336909","-091850849","43",3.06
"G550005048950","1990","WI",,,,,,,,,,,,"99","Barron","005","Maple Plain town","48950","T1","3","9999",,,,"9999","2","Wisconsin","55",,,,"0000086231","0000007004","Maple Plain town","A","+45591111","-092098018","43",2.86
"G550005056350","1990","WI",,,,,,,,,,,,"99","Barron","005","New Auburn village","56350","C5","3","9999",,,,"9999","2","Wisconsin","55",,,,"0000000518","0000000000","New Auburn village","F","+45208562","-091549757","47",3.71
"G550005058950","1990","WI",,,,,,,,,,,,"99","Barron","005","Oak Grove town","58950","T1","3","9999",,,,"9999","2","Wisconsin","55",,,,"0000090177","0000001166","Oak Grove town","A","+45595013","-091724878","43",3.13
"G550005065150","1990","WI",,,,,,,,,,,,"99","Barron","005","Prairie Farm village","65150","C5","3","9999",,,,"9999","2","Wisconsin","55",,,,"0000002513","0000000091","Prairie Farm village","F","+45237601","-091980758","47",2.37
"G550005065175","1990","WI",,,,,,,,,,,,"99","Barron","005","Prairie Farm town","65175","T1","3","9999",,,,"9999","2","Wisconsin","55",,,,"0000089051","0000000000","Prairie Farm town","A","+45252051","-091977305","43",3.12
"G550005065200","1990","WI",,,,,,,,,,,,"99","Barron","005","Prairie Lake town","65200","T1","3","9999",,,,"9999","2","Wisconsin","55",,,,"0000085800","0000004632","Prairie Lake town","A","+45333347","-091735684","43",2.76
"G550005067350","1990","WI",,,,,,,,,,,,"99","Barron","005","Rice Lake city","67350","C5","3","9999",,,,"9999","2","Wisconsin","55",,,,"0000016844","0000002676","Rice Lake city","F","+45496924","-091739189","25",2.34
"G550005067375","1990","WI",,,,,,,,,,,,"99","Barron","005","Rice Lake town","67375","T1","3","9999",,,,"9999","2","Wisconsin","55",,,,"0000069887","0000003193","Rice Lake town","A","+45511725","-091718808","43",2.71
"G550005074125","1990","WI",,,,,,,,,,,,"99","Barron","005","Sioux Creek town","74125","T1","3","9999",,,,"9999","2","Wisconsin","55",,,,"0000090455","0000000830","Sioux Creek town","A","+45250202","-091722782","43",3.14
"G550005076550","1990","WI",,,,,,,,,,,,"99","Barron","005","Stanfold town","76550","T1","3","9999",,,,"9999","2","Wisconsin","55",,,,"0000093012","0000000121","Stanfold town","A","+45509426","-091847720","43",2.79
"G550005076600","1990","WI",,,,,,,,,,,,"99","Barron","005","Stanley town","76600","T1","3","9999",,,,"9999","2","Wisconsin","55",,,,"0000084364","0000001489","Stanley town","A","+45430070","-091724454","43",3.05
"G550005078450","1990","WI",,,,,,,,,,,,"99","Barron","005","Sumner town","78450","T1","3","9999",,,,"9999","2","Wisconsin","55",,,,"0000092418","0000000030","Sumner town","A","+45422187","-091599972","43",2.94
"G550005081075","1990","WI",,,,,,,,,,,,"99","Barron","005","Turtle Lake village","81075","C5","3","9999",,,,"9999","2","Wisconsin","55",,,,"0000005800","0000000237","Turtle Lake village","F","+45393396","-092141153","47",2.27
"G550005081100","1990","WI",,,,,,,,,,,,"99","Barron","005","Turtle Lake town","81100","T1","3","9999",,,,"9999","2","Wisconsin","55",,,,"0000091145","0000001121","Turtle Lake town","A","+45344134","-092099519","43",3.09
"G550005082375","1990","WI",,,,,,,,,,,,"99","Barron","005","Vance Creek town","82375","T1","3","9999",,,,"9999","2","Wisconsin","55",,,,"0000091907","0000000087","Vance Creek town","A","+45245682","-092087542","43",2.76
"G550007004725","1990","WI",,,,,,,,,,,,"99","Bayfield","007","Barksdale town","04725","T1","3","9999",,,,"9999","2","Wisconsin","55",,,,"0000143860","0000028764","Barksdale town","A","+46619434","-091071063","43",2.75
"G550007004750","1990","WI",,,,,,,,,,,,"99","Bayfield","007","Barnes town","04750","T1","3","9999",,,,"9999","2","Wisconsin","55",,,,"0000304386","0000017426","Barnes town","A","+46305643","-091487803","43",2.15
"G550007005350","1990","WI",,,,,,,,,,,,"99","Bayfield","007","Bayfield city","05350","C5","3","9999",,,,"9999","2","Wisconsin","55",,,,"0000001751","0000000030","Bayfield city","F","+46811614","-090821435","25",2.22
"G550007005375","1990","WI",,,,,,,,,,,,"99","Bayfield","007","Bayfield town","05375","T1","3","9999",,,,"9999","2","Wisconsin","55",,,,"0000231222","0000116251","Bayfield town","A","+46890558","-090952971","43",2.74
"G550007005475","1990","WI",,,,,,,,,,,,"99","Bayfield","007","Bayview town","05475","T1","3","9999",,,,"9999","2","Wisconsin","55",,,,"0000107449","0000037892","Bayview town","A","+46750440","-090921975","43",2.72
"G550007006200","1990","WI",,,,,,,,,,,,"99","Bayfield","007","Bell town","06200","T1","3","9999",,,,"9999","2","Wisconsin","55",,,,"0000154460","0000002060","Bell town","A","+46791289","-091110258","43",2.26
"G550007011675","1990","WI",,,,,,,,,,,,"99","Bayfield","007","Cable town","11675","T1","3","9999",,,,"9999","2","Wisconsin","55",,,,"0000179306","0000005653","Cable town","A","+46202467","-091298268","43",2.31
"G550007015750","1990","WI",,,,,,,,,,,,"99","Bayfield","007","Clover town","15750","T1","3","9999",,,,"9999","2","Wisconsin","55",,,,"0000154369","0000000779","Clover town","A","+46766300","-091237181","43",2.37
"G550007019662","1990","WI",,,,,,,,,,,,"99","Bayfield","007","Delta town","19662","T1","3","9999",,,,"9999","2","Wisconsin","55",,,,"0000180166","0000006874","Delta town","A","+46453834","-091297659","43",2.31
"G550007020887","1990","WI",,,,,,,,,,,,"99","Bayfield","007","Drummond town","20887","T1","3","9999",,,,"9999","2","Wisconsin","55",,,,"0000355276","0000015597","Drummond town","A","+46326287","-091296241","43",2.03
"G550007022925","1990","WI",,,,,,,,,,,,"99","Bayfield","007","Eileen town","22925","T1","3","9999",,,,"9999","2","Wisconsin","55",,,,"0000091243","0000000200","Eileen town","A","+46540193","-090992646","43",2.84
"G550007030175","1990","WI",,,,,,,,,,,,"99","Bayfield","007","Grand View town","30175","T1","3","9999",,,,"9999","2","Wisconsin","55",,,,"0000270169","0000007338","Grand View town","A","+46309973","-091076351","43",2.35
"G550007036300","1990","WI",,,,,,,,,,,,"99","Bayfield","007","Hughes town","36300","T1","3","9999",,,,"9999","2","Wisconsin","55",,,,"0000134698","0000003769","Hughes town","A","+46524895","-091492161","43",2.46
"G550007037200","1990","WI",,,,,,,,,,,,"99","Bayfield","007","Iron River town","37200","T1","3","9999",,,,"9999","2","Wisconsin","55",,,,"0000081407","0000008859","Iron River town","A","+46548656","-091364840","43",2.08
"G550007039025","1990","WI",,,,,,,,,,,,"99","Bayfield","007","Kelly town","39025","T1","3","9999",,,,"9999","2","Wisconsin","55",,,,"0000094992","0000000000","Kelly town","A","+46452302","-090986647","43",2.86
"G550007039425","1990","WI",,,,,,,,,,,,"99","Bayfield","007","Keystone town","39425","T1","3","9999",,,,"9999","2","Wisconsin","55",,,,"0000092750","0000000750","Keystone town","A","+46530626","-091184329","43",2.83
"G550007044275","1990","WI",,,,,,,,,,,,"99","Bayfield","007","Lincoln town","44275","T1","3","9999",,,,"9999","2","Wisconsin","55",,,,"0000091969","0000000918","Lincoln town","A","+46366012","-090966900","43",2.56
"G550007049900","1990","WI",,,,,,,,,,,,"99","Bayfield","007","Mason village","49900","C5","3","9999",,,,"9999","2","Wisconsin","55",,,,"0000001317","0000000000","Mason village","F","+46435505","-091062269","47",3.09
"G550007049925","1990","WI",,,,,,,,,,,,"99","Bayfield","007","Mason town","49925","T1","3","9999",,,,"9999","2","Wisconsin","55",,,,"0000093002","0000000000","Mason town","A","+46465289","-091111780","43",2.72
"G550007055375","1990","WI",,,,,,,,,,,,"99","Bayfield","007","Namakagon town","55375","T1","3","9999",,,,"9999","2","Wisconsin","55",,,,"0000168301","0000018667","Namakagon town","A","+46202120","-091049367","43",2.09
"G550007060275","1990","WI",,,,,,,,,,,,"99","Bayfield","007","Orienta town","60275","T1","3","9999",,,,"9999","2","Wisconsin","55",,,,"0000140194","0000000512","Orienta town","A","+46710009","-091442481","43",2.38
"G550007060775","1990","WI",,,,,,,,,,,,"99","Bayfield","007","Oulu town","60775","T1","3","9999",,,,"9999","2","Wisconsin","55",,,,"0000091881","0000000000","Oulu town","A","+46628907","-091482511","43",2.98
"G550007062700","1990","WI",,,,,,,,,,,,"99","Bayfield","007","Pilsen town","62700","T1","3","9999",,,,"9999","2","Wisconsin","55",,,,"0000089656","0000000564","Pilsen town","A","+46564848","-091176551","43",3.03
"G550007064512","1990","WI",,,,,,,,,,,,"99","Bayfield","007","Port Wing town","64512","T1","3","9999",,,,"9999","2","Wisconsin","55",,,,"0000120732","0000000219","Port Wing town","A","+46748908","-091335167","43",2.47
"G550007070300","1990","WI",,,,,,,,,,,,"99","Bayfield","007","Russell town","70300","T1","3","9999",,,,"9999","2","Wisconsin","55",,,,"0000129074","0000130316","Russell town","A","+46945122","-090839821","43",3.17
"G550007080750","1990","WI",,,,,,,,,,,,"99","Bayfield","007","Tripp town","80750","T1","3","9999",,,,"9999","2","Wisconsin","55",,,,"0000089923","0000000529","Tripp town","A","+46628082","-091357742","43",2.72
"G550007083525","1990","WI",,,,,,,,,,,,"99","Bayfield","007","Washburn city","83525","C5","3","9999",,,,"9999","2","Wisconsin","55",,,,"0000010152","0000005813","Washburn city","F","+46673877","-090893344","25",2.46
"G550007083550","1990","WI",,,,,,,,,,,,"99","Bayfield","007","Washburn town","83550","T1","3","9999",,,,"9999","2","Wisconsin","55",,,,"0000220197","0000000517","Washburn town","A","+46663839","-091090097","43",3.08
"G550009001150","1990","WI",,,,,,,,,,,,"99","Brown","009","Allouez village","01150","C5","3","3080",,,,"9999","2","Wisconsin","55",,,,"0000011976","0000001368","Allouez village","F","+44472250","-088026046","47",2.69
"G550009003425","1990","WI",,,,,,,,,,,,"99","Brown","009","Ashwaubenon village","03425","C5","3","3080",,,,"9999","2","Wisconsin","55",,,,"0000027052","0000000965","Ashwaubenon village","F","+44485767","-088083555","47",2.63
"G550009006350","1990","WI",,,,,,,,,,,,"99","Brown","009","Bellevue town","06350","T1","3","3080",,,,"9999","2","Wisconsin","55",,,,"0000036903","0000000138","Bellevue town","A","+44459667","-087955862","43",2.70
"G550009019700","1990","WI",,,,,,,,,,,,"99","Brown","009","Denmark village","19700","C5","3","3080",,,,"9999","2","Wisconsin","55",,,,"0000003835","0000000000","Denmark village","F","+44348306","-087829605","47",2.56
"G550009019775","1990","WI",,,,,,,,,,,,"99","Brown","009","De Pere city","19775","C5","3","3080",,,,"9999","2","Wisconsin","55",,,,"0000021569","0000001852","De Pere city","F","+44438483","-088071688","25",2.65
"G550009019800","1990","WI",,,,,,,,,,,,"99","Brown","009","De Pere town","19800","T1","3","3080",,,,"9999","2","Wisconsin","55",,,,"0000046016","0000000360","De Pere town","A","+44426250","-087971618","43",3.09
"G550009022225","1990","WI",,,,,,,,,,,,"99","Brown","009","Eaton town","22225","T1","3","3080",,,,"9999","2","Wisconsin","55",,,,"0000062741","0000000195","Eaton town","A","+44445012","-087825678","43",3.16
"G550009029550","1990","WI",,,,,,,,,,,,"99","Brown","009","Glenmore town","29550","T1","3","3080",,,,"9999","2","Wisconsin","55",,,,"0000084750","0000000000","Glenmore town","A","+44372773","-087947904","43",3.43
"G550009031000","1990","WI",,,,,,,,,,,,"99","Brown","009","Green Bay city","31000","C5","3","3080",,,,"9999","2","Wisconsin","55",,,,"0000113528","0000027073","Green Bay city","F","+44521600","-087989750","25",2.45
"G550009031025","1990","WI",,,,,,,,,,,,"99","Brown","009","Green Bay town","31025","T1","3","3080",,,,"9999","2","Wisconsin","55",,,,"0000057308","0000022133","Green Bay town","A","+44599964","-087796997","43",2.89
"G550009035150","1990","WI",,,,,,,,,,,,"99","Brown","009","Hobart town","35150","T1","3","3080",,,,"9999","2","Wisconsin","55",,,,"0000086338","0000000283","Hobart town","A","+44493750","-088159863","43",3.26
"G550009035325","1990","WI",,,,,,,,,,,,"99","Brown","009","Holland town","35325","T1","3","3080",,,,"9999","2","Wisconsin","55",,,,"0000093167","0000000000","Holland town","A","+44273288","-088099176","43",3.44
"G550009035950","1990","WI",,,,,,,,,,,,"99","Brown","009","Howard village","35950","C5","3","3080",,,,"9999","2","Wisconsin","55",,,,"0000046525","0000012870","Howard village","F","+44573350","-088076757","47",2.88
"G550009036425","1990","WI",,,,,,,,,,,,"99","Brown","009","Humboldt town","36425","T1","3","3080",,,,"9999","2","Wisconsin","55",,,,"0000062032","0000000000","Humboldt town","A","+44502185","-087823529","43",3.42
"G550009042900","1990","WI",,,,,,,,,,,,"99","Brown","009","Lawrence town","42900","T1","3","3080",,,,"9999","2","Wisconsin","55",,,,"0000050019","0000001674","Lawrence town","A","+44406517","-088141975","43",3.09
"G550009054300","1990","WI",,,,,,,,,,,,"99","Brown","009","Morrison town","54300","T1","3","3080",,,,"9999","2","Wisconsin","55",,,,"0000090825","0000003612","Morrison town","A","+44284459","-087948623","43",3.13
"G550009056575","1990","WI",,,,,,,,,,,,"99","Brown","009","New Denmark town","56575","T1","3","3080",,,,"9999","2","Wisconsin","55",,,,"0000089918","0000000312","New Denmark town","A","+44370010","-087828943","43",3.22
"G550009063075","1990","WI",,,,,,,,,,,,"99","Brown","009","Pittsfield town","63075","T1","3","3080",,,,"9999","2","Wisconsin","55",,,,"0000084304","0000000059","Pittsfield town","A","+44630932","-088184838","43",3.17
"G550009065675","1990","WI",,,,,,,,,,,,"99","Brown","009","Pulaski village","65675","C5","3","3080",,,,"9999","2","Wisconsin","55",,,,"0000004549","0000000005","Pulaski village","F","+44669227","-088236892","47",2.59
"G550009068875","1990","WI",,,,,,,,,,,,"99","Brown","009","Rockland town","68875","T1","3","3080",,,,"9999","2","Wisconsin","55",,,,"0000057783","0000001457","Rockland town","A","+44382044","-088055376","43",3.20
"G550009072200","1990","WI",,,,,,,,,,,,"99","Brown","009","Scott town","72200","T1","3","3080",,,,"9999","2","Wisconsin","55",,,,"0000051106","0000089552","Scott town","A","+44608457","-087864548","43",2.85
"G550009077975","1990","WI",,,,,,,,,,,,"99","Brown","009","Suamico town","77975","T1","3","3080",,,,"9999","2","Wisconsin","55",,,,"0000093881","0000059731","Suamico town","A","+44633217","-088031925","43",3.07
"G550009089150","1990","WI",,,,,,,,,,,,"99","Brown","009","Wrightstown village","89150","C5","3","3080",,,,"9999","2","Wisconsin","55",,,,"0000005201","0000000520","Wrightstown village","F","+44325000","-088174359","47",2.97
"G550009089175","1990","WI",,,,,,,,,,,,"99","Brown","009","Wrightstown town","89175","T1","3","3080",,,,"9999","2","Wisconsin","55",,,,"0000088034","0000000540","Wrightstown town","A","+44325899","-088091974","43",3.25
"G550011001225","1990","WI",,,,,,,,,,,,"99","Buffalo","011","Alma city","01225","C5","3","9999",,,,"9999","2","Wisconsin","55",,,,"0000015013","0000004990","Alma city","F","+44330990","-091922157","25",2.18
"G550011001250","1990","WI",,,,,,,,,,,,"99","Buffalo","011","Alma town","01250","T1","3","9999",,,,"9999","2","Wisconsin","55",,,,"0000110981","0000000367","Alma town","A","+44377458","-091837507","43",3.07
"G550011006675","1990","WI",,,,,,,,,,,,"99","Buffalo","011","Belvidere town","06675","T1","3","9999",,,,"9999","2","Wisconsin","55",,,,"0000085404","0000003630","Belvidere town","A","+44257545","-091846357","43",2.79
"G550011011000","1990","WI",,,,,,,,,,,,"99","Buffalo","011","Buffalo city","11000","C5","3","9999",,,,"9999","2","Wisconsin","55",,,,"0000005207","0000010125","Buffalo city","F","+44223518","-091869362","25",2.47
"G550011011025","1990","WI",,,,,,,,,,,,"99","Buffalo","011","Buffalo town","11025","T1","3","9999",,,,"9999","2","Wisconsin","55",,,,"0000077318","0000011233","Buffalo town","A","+44089718","-091606626","43",2.79
"G550011012500","1990","WI",,,,,,,,,,,,"99","Buffalo","011","Canton town","12500","T1","3","9999",,,,"9999","2","Wisconsin","55",,,,"0000092758","0000000000","Canton town","A","+44554446","-091821603","43",3.03
"G550011016025","1990","WI",,,,,,,,,,,,"99","Buffalo","011","Cochrane village","16025","C5","3","9999",,,,"9999","2","Wisconsin","55",,,,"0000001873","0000000000","Cochrane village","F","+44228777","-091836599","47",2.33
"G550011017737","1990","WI",,,,,,,,,,,,"99","Buffalo","011","Cross town","17737","T1","3","9999",,,,"9999","2","Wisconsin","55",,,,"0000097596","0000000022","Cross town","A","+44167792","-091641020","43",2.98
"G550011020575","1990","WI",,,,,,,,,,,,"99","Buffalo","011","Dover town","20575","T1","3","9999",,,,"9999","2","Wisconsin","55",,,,"0000093797","0000000000","Dover town","A","+44463819","-091591262","43",3.24
"G550011026850","1990","WI",,,,,,,,,,,,"99","Buffalo","011","Fountain City city","26850","C5","3","9999",,,,"9999","2","Wisconsin","55",,,,"0000011539","0000002894","Fountain City city","F","+44119750","-091697773","25",2.24
"G550011029225","1990","WI",,,,,,,,,,,,"99","Buffalo","011","Gilmanton town","29225","T1","3","9999",,,,"9999","2","Wisconsin","55",,,,"0000093971","0000000020","Gilmanton town","A","+44468358","-091707330","43",2.90
"G550011029375","1990","WI",,,,,,,,,,,,"99","Buffalo","011","Glencoe town","29375","T1","3","9999",,,,"9999","2","Wisconsin","55",,,,"0000115743","0000000000","Glencoe town","A","+44275206","-091594819","43",2.99
"G550011044300","1990","WI",,,,,,,,,,,,"99","Buffalo","011","Lincoln town","44300","T1","3","9999",,,,"9999","2","Wisconsin","55",,,,"0000096474","0000000000","Lincoln town","A","+44343757","-091745754","43",2.72
"G550011050075","1990","WI",,,,,,,,,,,,"99","Buffalo","011","Maxville town","50075","T1","3","9999",,,,"9999","2","Wisconsin","55",,,,"0000108859","0000001899","Maxville town","A","+44563430","-091969184","43",3.25
"G550011052175","1990","WI",,,,,,,,,,,,"99","Buffalo","011","Milton town","52175","T1","3","9999",,,,"9999","2","Wisconsin","55",,,,"0000064877","0000011641","Milton town","A","+44174014","-091760881","43",2.88
"G550011053450","1990","WI",,,,,,,,,,,,"99","Buffalo","011","Modena town","53450","T1","3","9999",,,,"9999","2","Wisconsin","55",,,,"0000093456","0000000000","Modena town","A","+44468910","-091833205","43",2.69
"G550011053600","1990","WI",,,,,,,,,,,,"99","Buffalo","011","Mondovi city","53600","C5","3","9999",,,,"9999","2","Wisconsin","55",,,,"0000008245","0000000078","Mondovi city","F","+44568901","-091669475","25",2.29
"G550011053625","1990","WI",,,,,,,,,,,,"99","Buffalo","011","Mondovi town","53625","T1","3","9999",,,,"9999","2","Wisconsin","55",,,,"0000084666","0000000000","Mondovi town","A","+44549708","-091713620","43",3.15
"G550011053850","1990","WI",,,,,,,,,,,,"99","Buffalo","011","Montana town","53850","T1","3","9999",,,,"9999","2","Wisconsin","55",,,,"0000122220","0000000000","Montana town","A","+44388326","-091610131","43",3.01
"G550011055450","1990","WI",,,,,,,,,,,,"99","Buffalo","011","Naples town","55450","T1","3","9999",,,,"9999","2","Wisconsin","55",,,,"0000092768","0000000053","Naples town","A","+44554495","-091586761","43",2.79
"G550011055950","1990","WI",,,,,,,,,,,,"99","Buffalo","011","Nelson village","55950","C5","3","9999",,,,"9999","2","Wisconsin","55",,,,"0000003787","0000000034","Nelson village","F","+44423555","-092004870","47",2.17
"G550011055975","1990","WI",,,,,,,,,,,,"99","Buffalo","011","Nelson town","55975","T1","3","9999",,,,"9999","2","Wisconsin","55",,,,"0000183011","0000017998","Nelson town","A","+44439120","-091972697","43",2.83
"G550011084325","1990","WI",,,,,,,,,,,,"99","Buffalo","011","Waumandee town","84325","T1","3","9999",,,,"9999","2","Wisconsin","55",,,,"0000113339","0000000055","Waumandee town","A","+44265862","-091703656","43",2.96
"G550013001900","1990","WI",,,,,,,,,,,,"99","Burnett","013","Anderson town","01900","T1","3","9999",,,,"9999","2","Wisconsin","55",,,,"0000162595","0000003110","Anderson town","A","+45699878","-092769763","43",2.53
"G550013008025","1990","WI",,,,,,,,,,,,"99","Burnett","013","Blaine town","08025","T1","3","9999",,,,"9999","2","Wisconsin","55",,,,"0000178295","0000003713","Blaine town","A","+46114400","-092176754","43",2.61
"G550013018750","1990","WI",,,,,,,,,,,,"99","Burnett","013","Daniels town","18750","T1","3","9999",,,,"9999","2","Wisconsin","55",,,,"0000087276","0000005419","Daniels town","A","+45771859","-092465974","43",2.35
"G550013019925","1990","WI",,,,,,,,,,,,"99","Burnett","013","Dewey town","19925","T1","3","9999",,,,"9999","2","Wisconsin","55",,,,"0000094045","0000001427","Dewey town","A","+45775300","-092083329","43",3.09
"G550013030450","1990","WI",,,,,,,,,,,,"99","Burnett","013","Grantsburg village","30450","C5","3","9999",,,,"9999","2","Wisconsin","55",,,,"0000007575","0000000044","Grantsburg village","F","+45780589","-092684514","47",2.33
"G550013030475","1990","WI",,,,,,,,,,,,"99","Burnett","013","Grantsburg town","30475","T1","3","9999",,,,"9999","2","Wisconsin","55",,,,"0000092475","0000001938","Grantsburg town","A","+45766012","-092720810","43",2.90
"G550013037650","1990","WI",,,,,,,,,,,,"99","Burnett","013","Jackson town","37650","T1","3","9999",,,,"9999","2","Wisconsin","55",,,,"0000075462","0000015045","Jackson town","A","+45942271","-092219209","43",2.18
"G550013040975","1990","WI",,,,,,,,,,,,"99","Burnett","013","La Follette town","40975","T1","3","9999",,,,"9999","2","Wisconsin","55",,,,"0000095909","0000005262","La Follette town","A","+45772781","-092217537","43",2.38
"G550013044325","1990","WI",,,,,,,,,,,,"99","Burnett","013","Lincoln town","44325","T1","3","9999",,,,"9999","2","Wisconsin","55",,,,"0000090166","0000000962","Lincoln town","A","+45855858","-092469657","43",2.35
"G550013050650","1990","WI",,,,,,,,,,,,"99","Burnett","013","Meenon town","50650","T1","3","9999",,,,"9999","2","Wisconsin","55",,,,"0000082924","0000003539","Meenon town","A","+45854854","-092337539","43",2.43
"G550013059075","1990","WI",,,,,,,,,,,,"99","Burnett","013","Oakland town","59075","T1","3","9999",,,,"9999","2","Wisconsin","55",,,,"0000067313","0000017975","Oakland town","A","+45942873","-092344422","43",2.18
"G550013069325","1990","WI",,,,,,,,,,,,"99","Burnett","013","Roosevelt town","69325","T1","3","9999",,,,"9999","2","Wisconsin","55",,,,"0000090984","0000000574","Roosevelt town","A","+45684473","-092094750","43",2.61
"G550013070225","1990","WI",,,,,,,,,,,,"99","Burnett","013","Rusk town","70225","T1","3","9999",,,,"9999","2","Wisconsin","55",,,,"0000084480","0000005391","Rusk town","A","+45864054","-092086139","43",2.56
"G550013071450","1990","WI",,,,,,,,,,,,"99","Burnett","013","Sand Lake town","71450","T1","3","9999",,,,"9999","2","Wisconsin","55",,,,"0000084839","0000008917","Sand Lake town","A","+45861135","-092209074","43",2.61
"G550013072225","1990","WI",,,,,,,,,,,,"99","Burnett","013","Scott town","72225","T1","3","9999",,,,"9999","2","Wisconsin","55",,,,"0000071817","0000016779","Scott town","A","+45944201","-092088399","43",2.25
"G550013074175","1990","WI",,,,,,,,,,,,"99","Burnett","013","Siren village","74175","C5","3","9999",,,,"9999","2","Wisconsin","55",,,,"0000002606","0000000058","Siren village","F","+45783685","-092379966","47",2.10
"G550013074200","1990","WI",,,,,,,,,,,,"99","Burnett","013","Siren town","74200","T1","3","9999",,,,"9999","2","Wisconsin","55",,,,"0000081648","0000011842","Siren town","A","+45769199","-092342009","43",2.63
"G550013078775","1990","WI",,,,,,,,,,,,"99","Burnett","013","Swiss town","78775","T1","3","9999",,,,"9999","2","Wisconsin","55",,,,"0000148783","0000008439","Swiss town","A","+46023567","-092289345","43",2.36
"G550013080375","1990","WI",,,,,,,,,,,,"99","Burnett","013","Trade Lake town","80375","T1","3","9999",,,,"9999","2","Wisconsin","55",,,,"0000084277","0000007736","Trade Lake town","A","+45685628","-092591077","43",2.61
"G550013081500","1990","WI",,,,,,,,,,,,"99","Burnett","013","Union town","81500","T1","3","9999",,,,"9999","2","Wisconsin","55",,,,"0000089335","0000008764","Union town","A","+45942160","-092477427","43",2.28
"G550013084975","1990","WI",,,,,,,,,,,,"99","Burnett","013","Webb Lake town","84975","T1","3","9999",,,,"9999","2","Wisconsin","55",,,,"0000082838","0000010862","Webb Lake town","A","+46032935","-092113091","43",1.92
"G550013085025","1990","WI",,,,,,,,,,,,"99","Burnett","013","Webster village","85025","C5","3","9999",,,,"9999","2","Wisconsin","55",,,,"0000004298","0000000000","Webster village","F","+45878571","-092361985","47",2.24
"G550013085850","1990","WI",,,,,,,,,,,,"99","Burnett","013","West Marshland town","85850","T1","3","9999",,,,"9999","2","Wisconsin","55",,,,"0000179611","0000010546","West Marshland town","A","+45865531","-092622615","43",2.71
"G550013088900","1990","WI",,,,,,,,,,,,"99","Burnett","013","Wood River town","88900","T1","3","9999",,,,"9999","2","Wisconsin","55",,,,"0000088256","0000004184","Wood River town","A","+45772186","-092587589","43",2.71
"G550015002375","1990","WI",,,,,,,,,,,,"99","Calumet","015","Appleton city","02375","C5","3","0460",,,,"9999","2","Wisconsin","55",,,,"0000005571","0000000000","Appleton city","F","+44236833","-088386150","25",2.95
"G550015009725","1990","WI",,,,,,,,,,,,"99","Calumet","015","Brillion city","09725","C5","3","0460",,,,"9999","2","Wisconsin","55",,,,"0000005922","0000000000","Brillion city","F","+44176919","-088069443","25",2.75
"G550015009750","1990","WI",,,,,,,,,,,,"99","Calumet","015","Brillion town","09750","T1","3","0460",,,,"9999","2","Wisconsin","55",,,,"0000087021","0000000089","Brillion town","A","+44196869","-088108126","43",3.04
"G550015010350","1990","WI",,,,,,,,,,,,"99","Calumet","015","Brothertown town","10350","T1","3","0460",,,,"9999","2","Wisconsin","55",,,,"0000095271","0000045768","Brothertown town","A","+43963019","-088276163","43",3.08
"G550015014000","1990","WI",,,,,,,,,,,,"99","Calumet","015","Charlestown town","14000","T1","3","0460",,,,"9999","2","Wisconsin","55",,,,"0000083098","0000000114","Charlestown town","A","+44017676","-088107378","43",3.06
"G550015014475","1990","WI",,,,,,,,,,,,"99","Calumet","015","Chilton city","14475","C5","3","0460",,,,"9999","2","Wisconsin","55",,,,"0000009329","0000000044","Chilton city","F","+44029557","-088164517","25",2.53
"G550015014500","1990","WI",,,,,,,,,,,,"99","Calumet","015","Chilton town","14500","T1","3","0460",,,,"9999","2","Wisconsin","55",,,,"0000084253","0000000000","Chilton town","A","+44065729","-088193348","43",3.28
"G550015032800","1990","WI",,,,,,,,,,,,"99","Calumet","015","Harrison town","32800","T1","3","0460",,,,"9999","2","Wisconsin","55",,,,"0000092097","0000067137","Harrison town","A","+44191700","-088318543","43",3.02
"G550015034575","1990","WI",,,,,,,,,,,,"99","Calumet","015","Hilbert village","34575","C5","3","0460",,,,"9999","2","Wisconsin","55",,,,"0000002630","0000000000","Hilbert village","F","+44140050","-088159149","47",2.59
"G550015039525","1990","WI",,,,,,,,,,,,"99","Calumet","015","Kiel city","39525","C5","3","0460",,,,"9999","2","Wisconsin","55",,,,"0000000861","0000000000","Kiel city","F","+43914733","-088044436","25",2.98
"G550015050825","1990","WI",,,,,,,,,,,,"99","Calumet","015","Menasha city","50825","C5","3","0460",,,,"9999","2","Wisconsin","55",,,,"0000000756","0000000000","Menasha city","F","+44221967","-088400104","25",3.04
"G550015056800","1990","WI",,,,,,,,,,,,"99","Calumet","015","New Holstein city","56800","C5","3","0460",,,,"9999","2","Wisconsin","55",,,,"0000005332","0000000000","New Holstein city","F","+43949283","-088094767","25",2.63
"G550015056825","1990","WI",,,,,,,,,,,,"99","Calumet","015","New Holstein town","56825","T1","3","0460",,,,"9999","2","Wisconsin","55",,,,"0000083390","0000000210","New Holstein town","A","+43934923","-088102901","43",3.07
"G550015064675","1990","WI",,,,,,,,,,,,"99","Calumet","015","Potter village","64675","C5","3","0460",,,,"9999","2","Wisconsin","55",,,,"0000001367","0000000000","Potter village","F","+44119609","-088097741","47",2.77
"G550015066275","1990","WI",,,,,,,,,,,,"99","Calumet","015","Rantoul town","66275","T1","3","0460",,,,"9999","2","Wisconsin","55",,,,"0000084022","0000000368","Rantoul town","A","+44110318","-088099901","43",3.59
"G550015073525","1990","WI",,,,,,,,,,,,"99","Calumet","015","Sherwood village","73525","C5","3","0460",,,,"9999","2","Wisconsin","55",,,,"0000006317","0000000023","Sherwood village","F","+44173550","-088275151","47",2.76
"G550015077400","1990","WI",,,,,,,,,,,,"99","Calumet","015","Stockbridge village","77400","C5","3","0460",,,,"9999","2","Wisconsin","55",,,,"0000008159","0000000005","Stockbridge village","F","+44074038","-088315999","47",2.69
"G550015077425","1990","WI",,,,,,,,,,,,"99","Calumet","015","Stockbridge town","77425","T1","3","0460",,,,"9999","2","Wisconsin","55",,,,"0000087492","0000086164","Stockbridge town","A","+44058057","-088318850","43",3.01
"G550015089000","1990","WI",,,,,,,,,,,,"99","Calumet","015","Woodville town","89000","T1","3","0460",,,,"9999","2","Wisconsin","55",,,,"0000085564","0000000000","Woodville town","A","+44179533","-088206100","43",3.47
"G550017002175","1990","WI",,,,,,,,,,,,"99","Chippewa","017","Anson town","02175","T1","3","2290",,,,"9999","2","Wisconsin","55",,,,"0000096936","0000005493","Anson town","A","+45020549","-091269718","43",2.85
"G550017003075","1990","WI",,,,,,,,,,,,"99","Chippewa","017","Arthur town","03075","T1","3","2290",,,,"9999","2","Wisconsin","55",,,,"0000111167","0000000402","Arthur town","A","+45071822","-091154870","43",3.06
"G550017003725","1990","WI",,,,,,,,,,,,"99","Chippewa","017","Auburn town","03725","T1","3","2290",,,,"9999","2","Wisconsin","55",,,,"0000092535","0000000000","Auburn town","A","+45159500","-091605299","43",3.16
"G550017007525","1990","WI",,,,,,,,,,,,"99","Chippewa","017","Birch Creek town","07525","T1","3","2290",,,,"9999","2","Wisconsin","55",,,,"0000115450","0000005369","Birch Creek town","A","+45238485","-091221238","43",2.59
"G550017008225","1990","WI",,,,,,,,,,,,"99","Chippewa","017","Bloomer city","08225","C5","3","2290",,,,"9999","2","Wisconsin","55",,,,"0000006286","0000000154","Bloomer city","F","+45102493","-091490800","25",2.37
"G550017008250","1990","WI",,,,,,,,,,,,"99","Chippewa","017","Bloomer town","08250","T1","3","2290",,,,"9999","2","Wisconsin","55",,,,"0000121898","0000001905","Bloomer town","A","+45167148","-091457299","43",3.11
"G550017009075","1990","WI",,,,,,,,,,,,"99","Chippewa","017","Boyd village","09075","C5","3","2290",,,,"9999","2","Wisconsin","55",,,,"0000004791","0000000000","Boyd village","F","+44953511","-091040150","47",2.68
"G550017011750","1990","WI",,,,,,,,,,,,"99","Chippewa","017","Cadott village","11750","C5","3","2290",,,,"9999","2","Wisconsin","55",,,,"0000007467","0000000066","Cadott village","F","+44951169","-091151195","47",2.55
"G550017014575","1990","WI",,,,,,,,,,,,"99","Chippewa","017","Chippewa Falls city","14575","C5","3","2290",,,,"9999","2","Wisconsin","55",,,,"0000025457","0000001654","Chippewa Falls city","F","+44932550","-091391211","25",2.34
"G550017015350","1990","WI",,,,,,,,,,,,"99","Chippewa","017","Cleveland town","15350","T1","3","2290",,,,"9999","2","Wisconsin","55",,,,"0000140220","0000005760","Cleveland town","A","+45158085","-091278943","43",3.00
"G550017016125","1990","WI",,,,,,,,,,,,"99","Chippewa","017","Colburn town","16125","T1","3","2290",,,,"9999","2","Wisconsin","55",,,,"0000168473","0000003465","Colburn town","A","+45091594","-091006925","43",3.10
"G550017016800","1990","WI",,,,,,,,,,,,"99","Chippewa","017","Cooks Valley town","16800","T1","3","2290",,,,"9999","2","Wisconsin","55",,,,"0000088815","0000000030","Cooks Valley town","A","+45077490","-091583035","43",3.47
"G550017017100","1990","WI",,,,,,,,,,,,"99","Chippewa","017","Cornell city","17100","C5","3","2290",,,,"9999","2","Wisconsin","55",,,,"0000009196","0000001332","Cornell city","F","+45162463","-091152300","25",2.54
"G550017019625","1990","WI",,,,,,,,,,,,"99","Chippewa","017","Delmar town","19625","T1","3","2290",,,,"9999","2","Wisconsin","55",,,,"0000112627","0000000057","Delmar town","A","+44980590","-091014478","43",3.26
"G550017021600","1990","WI",,,,,,,,,,,,"99","Chippewa","017","Eagle Point town","21600","T1","3","2290",,,,"9999","2","Wisconsin","55",,,,"0000160817","0000013186","Eagle Point town","A","+45042494","-091337725","43",2.92
"G550017022300","1990","WI",,,,,,,,,,,,"99","Chippewa","017","Eau Claire city","22300","C5","3","2290",,,,"9999","2","Wisconsin","55",,,,"0000009317","0000000225","Eau Claire city","F","+44866800","-091471682","25",3.01
"G550017022750","1990","WI",,,,,,,,,,,,"99","Chippewa","017","Edson town","22750","T1","3","2290",,,,"9999","2","Wisconsin","55",,,,"0000139741","0000000049","Edson town","A","+44895970","-091022094","43",3.26
"G550017024375","1990","WI",,,,,,,,,,,,"99","Chippewa","017","Estella town","24375","T1","3","2290",,,,"9999","2","Wisconsin","55",,,,"0000082407","0000001231","Estella town","A","+45156098","-091118403","43",2.92
"G550017029700","1990","WI",,,,,,,,,,,,"99","Chippewa","017","Goetz town","29700","T1","3","2290",,,,"9999","2","Wisconsin","55",,,,"0000077495","0000000000","Goetz town","A","+44988590","-091151656","43",3.33
"G550017032125","1990","WI",,,,,,,,,,,,"99","Chippewa","017","Hallie town","32125","T1","3","2290",,,,"9999","2","Wisconsin","55",,,,"0000056093","0000001271","Hallie town","A","+44882725","-091398023","43",2.87
"G550017036000","1990","WI",,,,,,,,,,,,"99","Chippewa","017","Howard town","36000","T1","3","2290",,,,"9999","2","Wisconsin","55",,,,"0000092708","0000000000","Howard town","A","+44984437","-091588053","43",3.21
"G550017040900","1990","WI",,,,,,,,,,,,"99","Chippewa","017","Lafayette town","40900","T1","3","2290",,,,"9999","2","Wisconsin","55",,,,"0000089953","0000011784","Lafayette town","A","+44906300","-091281744","43",2.70
"G550017041550","1990","WI",,,,,,,,,,,,"99","Chippewa","017","Lake Holcombe town","41550","T1","3","2290",,,,"9999","2","Wisconsin","55",,,,"0000069698","0000009689","Lake Holcombe town","A","+45247911","-091101865","43",2.49
"G550017056350","1990","WI",,,,,,,,,,,,"99","Chippewa","017","New Auburn village","56350","C5","3","2290",,,,"9999","2","Wisconsin","55",,,,"0000008264","0000000000","New Auburn village","F","+45198078","-091565015","47",2.62
"G550017069975","1990","WI",,,,,,,,,,,,"99","Chippewa","017","Ruby town","69975","T1","3","2290",,,,"9999","2","Wisconsin","55",,,,"0000138545","0000000302","Ruby town","A","+45238286","-090984018","43",2.99
"G550017071275","1990","WI",,,,,,,,,,,,"99","Chippewa","017","Sampson town","71275","T1","3","2290",,,,"9999","2","Wisconsin","55",,,,"0000161883","0000014649","Sampson town","A","+45247583","-091421863","43",2.63
"G550017073875","1990","WI",,,,,,,,,,,,"99","Chippewa","017","Sigel town","73875","T1","3","2290",,,,"9999","2","Wisconsin","55",,,,"0000093770","0000000175","Sigel town","A","+44902640","-091172302","43",3.08
"G550017076625","1990","WI",,,,,,,,,,,,"99","Chippewa","017","Stanley city","76625","C5","3","2290",,,,"9999","2","Wisconsin","55",,,,"0000007658","0000000131","Stanley city","F","+44962548","-090942761","25",2.32
"G550017079875","1990","WI",,,,,,,,,,,,"99","Chippewa","017","Tilden town","79875","T1","3","2290",,,,"9999","2","Wisconsin","55",,,,"0000093194","0000000245","Tilden town","A","+44994864","-091468585","43",3.16
"G550017086537","1990","WI",,,,,,,,,,,,"99","Chippewa","017","Wheaton town","86537","T1","3","2290",,,,"9999","2","Wisconsin","55",,,,"0000142194","0000001148","Wheaton town","A","+44903219","-091558971","43",2.98
"G550017088875","1990","WI",,,,,,,,,,,,"99","Chippewa","017","Woodmohr town","88875","T1","3","2290",,,,"9999","2","Wisconsin","55",,,,"0000092070","0000000232","Woodmohr town","A","+45078023","-091464062","43",3.12
"G550019000100","1990","WI",,,,,,,,,,,,"99","Clark","019","Abbotsford city","00100","C5","3","9999",,,,"9999","2","Wisconsin","55",,,,"0000002917","0000000000","Abbotsford city","F","+44949132","-090327330","25",2.42
"G550019005750","1990","WI",,,,,,,,,,,,"99","Clark","019","Beaver town","05750","T1","3","9999",,,,"9999","2","Wisconsin","55",,,,"0000093460","0000000000","Beaver town","A","+44810074","-090500103","43",3.46
"G550019011425","1990","WI",,,,,,,,,,,,"99","Clark","019","Butler town","11425","T1","3","9999",,,,"9999","2","Wisconsin","55",,,,"0000093163","0000000016","Butler town","A","+44814597","-090859288","43",2.84
"G550019016150","1990","WI",,,,,,,,,,,,"99","Clark","019","Colby city","16150","C5","3","9999",,,,"9999","2","Wisconsin","55",,,,"0000002004","0000000000","Colby city","F","+44911488","-090321283","25",2.56
"G550019016175","1990","WI",,,,,,,,,,,,"99","Clark","019","Colby town","16175","T1","3","9999",,,,"9999","2","Wisconsin","55",,,,"0000087585","0000000000","Colby town","A","+44894940","-090380974","43",3.44
"G550019018125","1990","WI",,,,,,,,,,,,"99","Clark","019","Curtiss village","18125","C5","3","9999",,,,"9999","2","Wisconsin","55",,,,"0000001776","0000000000","Curtiss village","F","+44953855","-090435226","47",2.54
"G550019020025","1990","WI",,,,,,,,,,,,"99","Clark","019","Dewhurst town","20025","T1","3","9999",,,,"9999","2","Wisconsin","55",,,,"0000091707","0000001933","Dewhurst town","A","+44462390","-090735727","43",2.03
"G550019020450","1990","WI",,,,,,,,,,,,"99","Clark","019","Dorchester village","20450","C5","3","9999",,,,"9999","2","Wisconsin","55",,,,"0000003160","0000000042","Dorchester village","F","+45002299","-090333341","47",2.55
"G550019022250","1990","WI",,,,,,,,,,,,"99","Clark","019","Eaton town","22250","T1","3","9999",,,,"9999","2","Wisconsin","55",,,,"0000088076","0000000152","Eaton town","A","+44722210","-090622673","43",3.42
"G550019026775","1990","WI",,,,,,,,,,,,"99","Clark","019","Foster town","26775","T1","3","9999",,,,"9999","2","Wisconsin","55",,,,"0000184650","0000000616","Foster town","A","+44668527","-090864369","43",2.18
"G550019027775","1990","WI",,,,,,,,,,,,"99","Clark","019","Fremont town","27775","T1","3","9999",,,,"9999","2","Wisconsin","55",,,,"0000091289","0000000000","Fremont town","A","+44641851","-090381767","43",3.00
"G550019030275","1990","WI",,,,,,,,,,,,"99","Clark","019","Grant town","30275","T1","3","9999",,,,"9999","2","Wisconsin","55",,,,"0000092670","0000000000","Grant town","A","+44543068","-090505075","43",2.96
"G550019030425","1990","WI",,,,,,,,,,,,"99","Clark","019","Granton village","30425","C5","3","9999",,,,"9999","2","Wisconsin","55",,,,"0000001420","0000000000","Granton village","F","+44588541","-090462003","47",2.53
"G550019031275","1990","WI",,,,,,,,,,,,"99","Clark","019","Green Grove town","31275","T1","3","9999",,,,"9999","2","Wisconsin","55",,,,"0000094451","0000000022","Green Grove town","A","+44898538","-090497049","43",3.06
"G550019031575","1990","WI",,,,,,,,,,,,"99","Clark","019","Greenwood city","31575","C5","3","9999",,,,"9999","2","Wisconsin","55",,,,"0000006745","0000000071","Greenwood city","F","+44765429","-090598809","25",2.32
"G550019033900","1990","WI",,,,,,,,,,,,"99","Clark","019","Hendren town","33900","T1","3","9999",,,,"9999","2","Wisconsin","55",,,,"0000092833","0000000098","Hendren town","A","+44727816","-090739522","43",2.88
"G550019034200","1990","WI",,,,,,,,,,,,"99","Clark","019","Hewett town","34200","T1","3","9999",,,,"9999","2","Wisconsin","55",,,,"0000092604","0000000077","Hewett town","A","+44551622","-090736268","43",2.80
"G550019035050","1990","WI",,,,,,,,,,,,"99","Clark","019","Hixon town","35050","T1","3","9999",,,,"9999","2","Wisconsin","55",,,,"0000086714","0000000996","Hixon town","A","+44990292","-090618303","43",2.89
"G550019035125","1990","WI",,,,,,,,,,,,"99","Clark","019","Hoard town","35125","T1","3","9999",,,,"9999","2","Wisconsin","55",,,,"0000091415","0000000000","Hoard town","A","+44990295","-090487680","43",3.21
"G550019043700","1990","WI",,,,,,,,,,,,"99","Clark","019","Levis town","43700","T1","3","9999",,,,"9999","2","Wisconsin","55",,,,"0000092955","0000000762","Levis town","A","+44464404","-090624914","43",2.89
"G550019045700","1990","WI",,,,,,,,,,,,"99","Clark","019","Longwood town","45700","T1","3","9999",,,,"9999","2","Wisconsin","55",,,,"0000092885","0000000025","Longwood town","A","+44904456","-090608243","43",2.99
"G550019046075","1990","WI",,,,,,,,,,,,"99","Clark","019","Loyal city","46075","C5","3","9999",,,,"9999","2","Wisconsin","55",,,,"0000003326","0000000000","Loyal city","F","+44736116","-090496413","25",2.38
"G550019046100","1990","WI",,,,,,,,,,,,"99","Clark","019","Loyal town","46100","T1","3","9999",,,,"9999","2","Wisconsin","55",,,,"0000090185","0000000000","Loyal town","A","+44723003","-090506169","43",3.57
"G550019046625","1990","WI",,,,,,,,,,,,"99","Clark","019","Lynn town","46625","T1","3","9999",,,,"9999","2","Wisconsin","55",,,,"0000092027","0000000143","Lynn town","A","+44555489","-090363982","43",3.35
"G550019050175","1990","WI",,,,,,,,,,,,"99","Clark","019","Mayville town","50175","T1","3","9999",,,,"9999","2","Wisconsin","55",,,,"0000084116","0000000156","Mayville town","A","+44989275","-090373556","43",3.21
"G550019050275","1990","WI",,,,,,,,,,,,"99","Clark","019","Mead town","50275","T1","3","9999",,,,"9999","2","Wisconsin","55",,,,"0000091025","0000001404","Mead town","A","+44821471","-090737075","43",2.59
"G550019051125","1990","WI",,,,,,,,,,,,"99","Clark","019","Mentor town","51125","T1","3","9999",,,,"9999","2","Wisconsin","55",,,,"0000092477","0000000297","Mentor town","A","+44555247","-090866733","43",2.70
"G550019055800","1990","WI",,,,,,,,,,,,"99","Clark","019","Neillsville city","55800","C5","3","9999",,,,"9999","2","Wisconsin","55",,,,"0000007018","0000000074","Neillsville city","F","+44560423","-090590888","25",2.24
"G550019060825","1990","WI",,,,,,,,,,,,"99","Clark","019","Owen city","60825","C5","3","9999",,,,"9999","2","Wisconsin","55",,,,"0000004531","0000000067","Owen city","F","+44949364","-090567823","25",2.17
"G550019063000","1990","WI",,,,,,,,,,,,"99","Clark","019","Pine Valley town","63000","T1","3","9999",,,,"9999","2","Wisconsin","55",,,,"0000086567","0000000457","Pine Valley town","A","+44555724","-090618416","43",2.77
"G550019067025","1990","WI",,,,,,,,,,,,"99","Clark","019","Reseburg town","67025","T1","3","9999",,,,"9999","2","Wisconsin","55",,,,"0000093094","0000000000","Reseburg town","A","+44897523","-090741049","43",3.35
"G550019072450","1990","WI",,,,,,,,,,,,"99","Clark","019","Seif town","72450","T1","3","9999",,,,"9999","2","Wisconsin","55",,,,"0000093300","0000000042","Seif town","A","+44632782","-090729628","43",2.97
"G550019073350","1990","WI",,,,,,,,,,,,"99","Clark","019","Sherman town","73350","T1","3","9999",,,,"9999","2","Wisconsin","55",,,,"0000090571","0000000000","Sherman town","A","+44729686","-090380531","43",3.52
"G550019073550","1990","WI",,,,,,,,,,,,"99","Clark","019","Sherwood town","73550","T1","3","9999",,,,"9999","2","Wisconsin","55",,,,"0000092574","0000000573","Sherwood town","A","+44462200","-090370664","43",2.75
"G550019079625","1990","WI",,,,,,,,,,,,"99","Clark","019","Thorp city","79625","C5","3","9999",,,,"9999","2","Wisconsin","55",,,,"0000002744","0000000000","Thorp city","F","+44959825","-090800925","25",2.25
"G550019079650","1990","WI",,,,,,,,,,,,"99","Clark","019","Thorp town","79650","T1","3","9999",,,,"9999","2","Wisconsin","55",,,,"0000091742","0000000000","Thorp town","A","+44984629","-090857671","43",3.07
"G550019081825","1990","WI",,,,,,,,,,,,"99","Clark","019","Unity town","81825","T1","3","9999",,,,"9999","2","Wisconsin","55",,,,"0000090243","0000000000","Unity town","A","+44813909","-090375486","43",3.33
"G550019081850","1990","WI",,,,,,,,,,,,"99","Clark","019","Unity village","81850","C5","3","9999",,,,"9999","2","Wisconsin","55",,,,"0000000929","0000000000","Unity village","F","+44852064","-090317196","47",2.88
"G550019083350","1990","WI",,,,,,,,,,,,"99","Clark","019","Warner town","83350","T1","3","9999",,,,"9999","2","Wisconsin","55",,,,"0000090459","0000000334","Warner town","A","+44810755","-090615905","43",3.29
"G550019083575","1990","WI",,,,,,,,,,,,"99","Clark","019","Washburn town","83575","T1","3","9999",,,,"9999","2","Wisconsin","55",,,,"0000093931","0000000163","Washburn town","A","+44459983","-090493045","43",2.82
"G550019085925","1990","WI",,,,,,,,,,,,"99","Clark","019","Weston town","85925","T1","3","9999",,,,"9999","2","Wisconsin","55",,,,"0000093617","0000000344","Weston town","A","+44638840","-090612920","43",3.05
"G550019088275","1990","WI",,,,,,,,,,,,"99","Clark","019","Withee village","88275","C5","3","9999",,,,"9999","2","Wisconsin","55",,,,"0000001602","0000000000","Withee village","F","+44952780","-090597010","47",2.32
"G550019088300","1990","WI",,,,,,,,,,,,"99","Clark","019","Withee town","88300","T1","3","9999",,,,"9999","2","Wisconsin","55",,,,"0000091052","0000000048","Withee town","A","+44990700","-090730912","43",3.13
"G550019089125","1990","WI",,,,,,,,,,,,"99","Clark","019","Worden town","89125","T1","3","9999",,,,"9999","2","Wisconsin","55",,,,"0000093556","0000000000","Worden town","A","+44898171","-090855155","43",3.32
"G550019089425","1990","WI",,,,,,,,,,,,"99","Clark","019","York town","89425","T1","3","9999",,,,"9999","2","Wisconsin","55",,,,"0000093496","0000000010","York town","A","+44643665","-090501930","43",3.37
"G550021002800","1990","WI",,,,,,,,,,,,"99","Columbia","021","Arlington village","02800","C5","3","9999",,,,"9999","2","Wisconsin","55",,,,"0000000749","0000000000","Arlington village","F","+43338518","-089376578","47",2.67
"G550021002825","1990","WI",,,,,,,,,,,,"99","Columbia","021","Arlington town","02825","T1","3","9999",,,,"9999","2","Wisconsin","55",,,,"0000092196","0000000123","Arlington town","A","+43335356","-089413202","43",2.96
"G550021011900","1990","WI",,,,,,,,,,,,"99","Columbia","021","Caledonia town","11900","T1","3","9999",,,,"9999","2","Wisconsin","55",,,,"0000154163","0000010641","Caledonia town","A","+43477703","-089530279","43",2.89
"G550021012200","1990","WI",,,,,,,,,,,,"99","Columbia","021","Cambria village","12200","C5","3","9999",,,,"9999","2","Wisconsin","55",,,,"0000002043","0000000099","Cambria village","F","+43540853","-089113826","47",2.64
"G550021016450","1990","WI",,,,,,,,,,,,"99","Columbia","021","Columbus city","16450","C5","3","9999",,,,"9999","2","Wisconsin","55",,,,"0000009543","0000000019","Columbus city","F","+43336086","-089029885","25",2.46
"G550021016475","1990","WI",,,,,,,,,,,,"99","Columbia","021","Columbus town","16475","T1","3","9999",,,,"9999","2","Wisconsin","55",,,,"0000083310","0000000000","Columbus town","A","+43325692","-089079138","43",3.10
"G550021017325","1990","WI",,,,,,,,,,,,"99","Columbia","021","Courtland town","17325","T1","3","9999",,,,"9999","2","Wisconsin","55",,,,"0000091308","0000000379","Courtland town","A","+43497693","-089058620","43",2.93
"G550021019375","1990","WI",,,,,,,,,,,,"99","Columbia","021","Dekorra town","19375","T1","3","9999",,,,"9999","2","Wisconsin","55",,,,"0000106642","0000009967","Dekorra town","A","+43418006","-089445234","43",2.65
"G550021020775","1990","WI",,,,,,,,,,,,"99","Columbia","021","Doylestown village","20775","C5","3","9999",,,,"9999","2","Wisconsin","55",,,,"0000010182","0000000204","Doylestown village","F","+43427602","-089146185","47",2.72
"G550021025150","1990","WI",,,,,,,,,,,,"99","Columbia","021","Fall River village","25150","C5","3","9999",,,,"9999","2","Wisconsin","55",,,,"0000003433","0000000044","Fall River village","F","+43385146","-089047729","47",2.54
"G550021026725","1990","WI",,,,,,,,,,,,"99","Columbia","021","Fort Winnebago town","26725","T1","3","9999",,,,"9999","2","Wisconsin","55",,,,"0000086748","0000001233","Fort Winnebago town","A","+43610933","-089416925","43",3.01
"G550021026875","1990","WI",,,,,,,,,,,,"99","Columbia","021","Fountain Prairie town","26875","T1","3","9999",,,,"9999","2","Wisconsin","55",,,,"0000090306","0000000787","Fountain Prairie town","A","+43415709","-089058677","43",2.84
"G550021028000","1990","WI",,,,,,,,,,,,"99","Columbia","021","Friesland village","28000","C5","3","9999",,,,"9999","2","Wisconsin","55",,,,"0000002641","0000000000","Friesland village","F","+43589002","-089067759","47",2.68
"G550021032375","1990","WI",,,,,,,,,,,,"99","Columbia","021","Hampden town","32375","T1","3","9999",,,,"9999","2","Wisconsin","55",,,,"0000092384","0000000056","Hampden town","A","+43320313","-089186905","43",3.03
"G550021043125","1990","WI",,,,,,,,,,,,"99","Columbia","021","Leeds town","43125","T1","3","9999",,,,"9999","2","Wisconsin","55",,,,"0000091993","0000000724","Leeds town","A","+43321340","-089295249","43",2.78
"G550021043775","1990","WI",,,,,,,,,,,,"99","Columbia","021","Lewiston town","43775","T1","3","9999",,,,"9999","2","Wisconsin","55",,,,"0000139910","0000002482","Lewiston town","A","+43598508","-089565317","43",2.79
"G550021045350","1990","WI",,,,,,,,,,,,"99","Columbia","021","Lodi city","45350","C5","3","9999",,,,"9999","2","Wisconsin","55",,,,"0000003113","0000000000","Lodi city","F","+43316400","-089532069","25",2.50
"G550021045375","1990","WI",,,,,,,,,,,,"99","Columbia","021","Lodi town","45375","T1","3","9999",,,,"9999","2","Wisconsin","55",,,,"0000070684","0000004696","Lodi town","A","+43338401","-089536649","43",2.75
"G550021046050","1990","WI",,,,,,,,,,,,"99","Columbia","021","Lowville town","46050","T1","3","9999",,,,"9999","2","Wisconsin","55",,,,"0000089123","0000003818","Lowville town","A","+43405960","-089307329","43",2.89
"G550021049150","1990","WI",,,,,,,,,,,,"99","Columbia","021","Marcellon town","49150","T1","3","9999",,,,"9999","2","Wisconsin","55",,,,"0000091944","0000000723","Marcellon town","A","+43599401","-089310282","43",3.00
"G550021057025","1990","WI",,,,,,,,,,,,"99","Columbia","021","Newport town","57025","T1","3","9999",,,,"9999","2","Wisconsin","55",,,,"0000055684","0000001540","Newport town","A","+43607622","-089709109","43",2.65
"G550021060687","1990","WI",,,,,,,,,,,,"99","Columbia","021","Otsego town","60687","T1","3","9999",,,,"9999","2","Wisconsin","55",,,,"0000079013","0000001198","Otsego town","A","+43404586","-089187541","43",2.70
"G550021060925","1990","WI",,,,,,,,,,,,"99","Columbia","021","Pacific town","60925","T1","3","9999",,,,"9999","2","Wisconsin","55",,,,"0000052669","0000003277","Pacific town","A","+43511752","-089403364","43",2.64
"G550021061100","1990","WI",,,,,,,,,,,,"99","Columbia","021","Pardeeville village","61100","C5","3","9999",,,,"9999","2","Wisconsin","55",,,,"0000005177","0000000719","Pardeeville village","F","+43534070","-089300324","47",2.57
"G550021064100","1990","WI",,,,,,,,,,,,"99","Columbia","021","Portage city","64100","C5","3","9999",,,,"9999","2","Wisconsin","55",,,,"0000021334","0000001883","Portage city","F","+43547941","-089465903","25",2.37
"G550021064900","1990","WI",,,,,,,,,,,,"99","Columbia","021","Poynette village","64900","C5","3","9999",,,,"9999","2","Wisconsin","55",,,,"0000006177","0000000027","Poynette village","F","+43390836","-089408232","47",2.58
"G550021066150","1990","WI",,,,,,,,,,,,"99","Columbia","021","Randolph village","66150","C5","3","9999",,,,"9999","2","Wisconsin","55",,,,"0000000612","0000000000","Randolph village","F","+43540474","-089009577","47",2.77
"G550021066175","1990","WI",,,,,,,,,,,,"99","Columbia","021","Randolph town","66175","T1","3","9999",,,,"9999","2","Wisconsin","55",,,,"0000091544","0000000026","Randolph town","A","+43580241","-089061635","43",3.12
"G550021068100","1990","WI",,,,,,,,,,,,"99","Columbia","021","Rio village","68100","C5","3","9999",,,,"9999","2","Wisconsin","55",,,,"0000002844","0000000000","Rio village","F","+43450274","-089237652","47",2.39
"G550021072250","1990","WI",,,,,,,,,,,,"99","Columbia","021","Scott town","72250","T1","3","9999",,,,"9999","2","Wisconsin","55",,,,"0000092785","0000000000","Scott town","A","+43606584","-089189197","43",3.06
"G550021076225","1990","WI",,,,,,,,,,,,"99","Columbia","021","Springvale town","76225","T1","3","9999",,,,"9999","2","Wisconsin","55",,,,"0000106201","0000000127","Springvale town","A","+43502656","-089189536","43",2.89
"G550021086100","1990","WI",,,,,,,,,,,,"99","Columbia","021","West Point town","86100","T1","3","9999",,,,"9999","2","Wisconsin","55",,,,"0000074890","0000009202","West Point town","A","+43326082","-089645507","43",2.55
"G550021088150","1990","WI",,,,,,,,,,,,"99","Columbia","021","Wisconsin Dells city","88150","C5","3","9999",,,,"9999","2","Wisconsin","55",,,,"0000005364","0000000376","Wisconsin Dells city","F","+43625124","-089765259","25",2.30
"G550021089300","1990","WI",,,,,,,,,,,,"99","Columbia","021","Wyocena village","89300","C5","3","9999",,,,"9999","2","Wisconsin","55",,,,"0000003710","0000000274","Wyocena village","F","+43493132","-089310048","47",2.49
"G550021089325","1990","WI",,,,,,,,,,,,"99","Columbia","021","Wyocena town","89325","T1","3","9999",,,,"9999","2","Wisconsin","55",,,,"0000093894","0000002115","Wyocena town","A","+43499482","-089294494","43",2.72
"G550023006225","1990","WI",,,,,,,,,,,,"99","Crawford","023","Bell Center village","06225","C5","3","9999",,,,"9999","2","Wisconsin","55",,,,"0000014316","0000000100","Bell Center village","F","+43291963","-090825367","47",2.89
"G550023009550","1990","WI",,,,,,,,,,,,"99","Crawford","023","Bridgeport town","09550","T1","3","9999",,,,"9999","2","Wisconsin","55",,,,"0000054241","0000007706","Bridgeport town","A","+43018497","-091081882","43",2.92
"G550023015075","1990","WI",,,,,,,,,,,,"99","Crawford","023","Clayton town","15075","T1","3","9999",,,,"9999","2","Wisconsin","55",,,,"0000179309","0000000000","Clayton town","A","+43357752","-090746724","43",2.83
"G550023019850","1990","WI",,,,,,,,,,,,"99","Crawford","023","De Soto village","19850","C5","3","9999",,,,"9999","2","Wisconsin","55",,,,"0000000787","0000000079","De Soto village","F","+43419373","-091194689","47",2.43
"G550023021900","1990","WI",,,,,,,,,,,,"99","Crawford","023","Eastman village","21900","C5","3","9999",,,,"9999","2","Wisconsin","55",,,,"0000009265","0000000000","Eastman village","F","+43162284","-091020336","47",2.77
"G550023021925","1990","WI",,,,,,,,,,,,"99","Crawford","023","Eastman town","21925","T1","3","9999",,,,"9999","2","Wisconsin","55",,,,"0000185096","0000002962","Eastman town","A","+43152801","-091009081","43",3.18
"G550023025725","1990","WI",,,,,,,,,,,,"99","Crawford","023","Ferryville village","25725","C5","3","9999",,,,"9999","2","Wisconsin","55",,,,"0000006389","0000000000","Ferryville village","F","+43343233","-091083548","47",2.05
"G550023027700","1990","WI",,,,,,,,,,,,"99","Crawford","023","Freeman town","27700","T1","3","9999",,,,"9999","2","Wisconsin","55",,,,"0000176633","0000024619","Freeman town","A","+43375196","-091082817","43",2.71
"G550023028450","1990","WI",,,,,,,,,,,,"99","Crawford","023","Gays Mills village","28450","C5","3","9999",,,,"9999","2","Wisconsin","55",,,,"0000011908","0000000068","Gays Mills village","F","+43320091","-090850354","47",2.40
"G550023032500","1990","WI",,,,,,,,,,,,"99","Crawford","023","Haney town","32500","T1","3","9999",,,,"9999","2","Wisconsin","55",,,,"0000084649","0000000029","Haney town","A","+43241404","-090852608","43",2.98
"G550023046675","1990","WI",,,,,,,,,,,,"99","Crawford","023","Lynxville village","46675","C5","3","9999",,,,"9999","2","Wisconsin","55",,,,"0000003589","0000000000","Lynxville village","F","+43247984","-091047858","47",2.59
"G550023049275","1990","WI",,,,,,,,,,,,"99","Crawford","023","Marietta town","49275","T1","3","9999",,,,"9999","2","Wisconsin","55",,,,"0000121784","0000002657","Marietta town","A","+43156417","-090784145","43",2.86
"G550023054900","1990","WI",,,,,,,,,,,,"99","Crawford","023","Mount Sterling village","54900","C5","3","9999",,,,"9999","2","Wisconsin","55",,,,"0000003515","0000000000","Mount Sterling village","F","+43314323","-090930626","47",2.49
"G550023065050","1990","WI",,,,,,,,,,,,"99","Crawford","023","Prairie du Chien city","65050","C5","3","9999",,,,"9999","2","Wisconsin","55",,,,"0000011271","0000001936","Prairie du Chien city","F","+43043219","-091139955","25",2.41
"G550023065075","1990","WI",,,,,,,,,,,,"99","Crawford","023","Prairie du Chien town","65075","T1","3","9999",,,,"9999","2","Wisconsin","55",,,,"0000088599","0000007171","Prairie du Chien town","A","+43072684","-091107738","43",2.60
"G550023072275","1990","WI",,,,,,,,,,,,"99","Crawford","023","Scott town","72275","T1","3","9999",,,,"9999","2","Wisconsin","55",,,,"0000092396","0000000000","Scott town","A","+43250935","-090727519","43",2.92
"G550023072500","1990","WI",,,,,,,,,,,,"99","Crawford","023","Seneca town","72500","T1","3","9999",,,,"9999","2","Wisconsin","55",,,,"0000151828","0000017877","Seneca town","A","+43264291","-090994196","43",3.15
"G550023074550","1990","WI",,,,,,,,,,,,"99","Crawford","023","Soldiers Grove village","74550","C5","3","9999",,,,"9999","2","Wisconsin","55",,,,"0000009228","0000000000","Soldiers Grove village","F","+43392433","-090773557","47",2.34
"G550023077175","1990","WI",,,,,,,,,,,,"99","Crawford","023","Steuben village","77175","C5","3","9999",,,,"9999","2","Wisconsin","55",,,,"0000016040","0000000000","Steuben village","F","+43181236","-090857343","47",2.78
"G550023082100","1990","WI",,,,,,,,,,,,"99","Crawford","023","Utica town","82100","T1","3","9999",,,,"9999","2","Wisconsin","55",,,,"0000140305","0000000000","Utica town","A","+43368008","-090903855","43",2.87
"G550023084725","1990","WI",,,,,,,,,,,,"99","Crawford","023","Wauzeka village","84725","C5","3","9999",,,,"9999","2","Wisconsin","55",,,,"0000012405","0000000000","Wauzeka village","F","+43084371","-090895462","47",2.74
"G550023084750","1990","WI",,,,,,,,,,,,"99","Crawford","023","Wauzeka town","84750","T1","3","9999",,,,"9999","2","Wisconsin","55",,,,"0000109874","0000003519","Wauzeka town","A","+43082964","-090930976","43",3.19
"G550025000875","1990","WI",,,,,,,,,,,,"99","Dane","025","Albion town","00875","T1","3","4720",,,,"9999","2","Wisconsin","55",,,,"0000092272","0000001596","Albion town","A","+42891893","-089079000","43",2.69
"G550025006300","1990","WI",,,,,,,,,,,,"99","Dane","025","Belleville village","06300","C5","3","4720",,,,"9999","2","Wisconsin","55",,,,"0000002388","0000000413","Belleville village","F","+42861713","-089536511","47",2.64
"G550025007025","1990","WI",,,,,,,,,,,,"99","Dane","025","Berry town","07025","T1","3","4720",,,,"9999","2","Wisconsin","55",,,,"0000092913","0000000312","Berry town","A","+43164988","-089662955","43",3.01
"G550025007800","1990","WI",,,,,,,,,,,,"99","Dane","025","Black Earth village","07800","C5","3","4720",,,,"9999","2","Wisconsin","55",,,,"0000001682","0000000000","Black Earth village","F","+43136617","-089746051","47",2.60
"G550025007825","1990","WI",,,,,,,,,,,,"99","Dane","025","Black Earth town","07825","T1","3","4720",,,,"9999","2","Wisconsin","55",,,,"0000044797","0000000000","Black Earth town","A","+43129423","-089778807","43",2.81
"G550025008350","1990","WI",,,,,,,,,,,,"99","Dane","025","Blooming Grove town","08350","T1","3","4720",,,,"9999","2","Wisconsin","55",,,,"0000026475","0000003465","Blooming Grove town","A","+43051422","-089278591","43",2.67
"G550025008475","1990","WI",,,,,,,,,,,,"99","Dane","025","Blue Mounds village","08475","C5","3","4720",,,,"9999","2","Wisconsin","55",,,,"0000001955","0000000000","Blue Mounds village","F","+43020719","-089826184","47",2.64
"G550025008500","1990","WI",,,,,,,,,,,,"99","Dane","025","Blue Mounds town","08500","T1","3","4720",,,,"9999","2","Wisconsin","55",,,,"0000086027","0000000022","Blue Mounds town","A","+42985358","-089776424","43",2.91
"G550025009775","1990","WI",,,,,,,,,,,,"99","Dane","025","Bristol town","09775","T1","3","4720",,,,"9999","2","Wisconsin","55",,,,"0000090539","0000000000","Bristol town","A","+43245868","-089178650","43",3.10
"G550025010075","1990","WI",,,,,,,,,,,,"99","Dane","025","Brooklyn village","10075","C5","3","4720",,,,"9999","2","Wisconsin","55",,,,"0000001263","0000000000","Brooklyn village","F","+42853622","-089366573","47",3.10
"G550025011150","1990","WI",,,,,,,,,,,,"99","Dane","025","Burke town","11150","T1","3","4720",,,,"9999","2","Wisconsin","55",,,,"0000063200","0000000000","Burke town","A","+43161165","-089298679","43",2.86
"G550025012225","1990","WI",,,,,,,,,,,,"99","Dane","025","Cambridge village","12225","C5","3","4720",,,,"9999","2","Wisconsin","55",,,,"0000001343","0000000000","Cambridge village","F","+43004569","-089018765","47",2.54
"G550025014650","1990","WI",,,,,,,,,,,,"99","Dane","025","Christiana town","14650","T1","3","4720",,,,"9999","2","Wisconsin","55",,,,"0000092015","0000000364","Christiana town","A","+42980894","-089067544","43",2.93
"G550025017175","1990","WI",,,,,,,,,,,,"99","Dane","025","Cottage Grove village","17175","C5","3","4720",,,,"9999","2","Wisconsin","55",,,,"0000002388","0000000000","Cottage Grove village","F","+43085040","-089202328","47",2.90
"G550025017200","1990","WI",,,,,,,,,,,,"99","Dane","025","Cottage Grove town","17200","T1","3","4720",,,,"9999","2","Wisconsin","55",,,,"0000089668","0000000000","Cottage Grove town","A","+43065077","-089188973","43",3.11
"G550025017775","1990","WI",,,,,,,,,,,,"99","Dane","025","Cross Plains village","17775","C5","3","4720",,,,"9999","2","Wisconsin","55",,,,"0000002525","0000000000","Cross Plains village","F","+43113922","-089646178","47",2.76
"G550025017800","1990","WI",,,,,,,,,,,,"99","Dane","025","Cross Plains town","17800","T1","3","4720",,,,"9999","2","Wisconsin","55",,,,"0000091999","0000000090","Cross Plains town","A","+43082518","-089665789","43",2.91
"G550025018700","1990","WI",,,,,,,,,,,,"99","Dane","025","Dane village","18700","C5","3","4720",,,,"9999","2","Wisconsin","55",,,,"0000002587","0000000000","Dane village","F","+43250372","-089500408","47",3.00
"G550025018725","1990","WI",,,,,,,,,,,,"99","Dane","025","Dane town","18725","T1","3","4720",,,,"9999","2","Wisconsin","55",,,,"0000091251","0000000036","Dane town","A","+43254563","-089550063","43",3.16
"G550025019250","1990","WI",,,,,,,,,,,,"99","Dane","025","Deerfield village","19250","C5","3","4720",,,,"9999","2","Wisconsin","55",,,,"0000002929","0000000000","Deerfield village","F","+43051429","-089074276","47",2.75
"G550025019275","1990","WI",,,,,,,,,,,,"99","Dane","025","Deerfield town","19275","T1","3","4720",,,,"9999","2","Wisconsin","55",,,,"0000088913","0000000394","Deerfield town","A","+43066819","-089073962","43",3.07
"G550025019350","1990","WI",,,,,,,,,,,,"99","Dane","025","De Forest village","19350","C5","3","4720",,,,"9999","2","Wisconsin","55",,,,"0000006181","0000000076","De Forest village","F","+43245760","-089345753","47",2.83
"G550025021100","1990","WI",,,,,,,,,,,,"99","Dane","025","Dunkirk town","21100","T1","3","4720",,,,"9999","2","Wisconsin","55",,,,"0000084821","0000001098","Dunkirk town","A","+42881389","-089189982","43",2.89
"G550025021125","1990","WI",,,,,,,,,,,,"99","Dane","025","Dunn town","21125","T1","3","4720",,,,"9999","2","Wisconsin","55",,,,"0000074275","0000014962","Dunn town","A","+42972205","-089304752","43",2.73
"G550025025950","1990","WI",,,,,,,,,,,,"99","Dane","025","Fitchburg city","25950","C5","3","4720",,,,"9999","2","Wisconsin","55",,,,"0000090459","0000000111","Fitchburg city","F","+42986000","-089425142","25",2.36
"G550025046850","1990","WI",,,,,,,,,,,,"99","Dane","025","McFarland village","46850","C5","3","4720",,,,"9999","2","Wisconsin","55",,,,"0000008021","0000000000","McFarland village","F","+43018850","-089293863","47",2.83
"G550025048000","1990","WI",,,,,,,,,,,,"99","Dane","025","Madison city","48000","C5","3","4720",,,,"9999","2","Wisconsin","55",,,,"0000149600","0000041493","Madison city","F","+43079800","-089387519","25",2.30
"G550025048025","1990","WI",,,,,,,,,,,,"99","Dane","025","Madison town","48025","T1","3","4720",,,,"9999","2","Wisconsin","55",,,,"0000008480","0000001316","Madison town","A","+43044050","-089409547","43",2.07
"G550025048750","1990","WI",,,,,,,,,,,,"99","Dane","025","Maple Bluff village","48750","C5","3","4720",,,,"9999","2","Wisconsin","55",,,,"0000001805","0000000000","Maple Bluff village","F","+43109807","-089369435","47",2.48
"G550025049575","1990","WI",,,,,,,,,,,,"99","Dane","025","Marshall village","49575","C5","3","4720",,,,"9999","2","Wisconsin","55",,,,"0000003956","0000000174","Marshall village","F","+43172540","-089064060","47",2.57
"G550025050225","1990","WI",,,,,,,,,,,,"99","Dane","025","Mazomanie village","50225","C5","3","4720",,,,"9999","2","Wisconsin","55",,,,"0000002654","0000000021","Mazomanie village","F","+43174396","-089794837","47",2.71
"G550025050250","1990","WI",,,,,,,,,,,,"99","Dane","025","Mazomanie town","50250","T1","3","4720",,,,"9999","2","Wisconsin","55",,,,"0000079010","0000002171","Mazomanie town","A","+43202987","-089773136","43",2.75
"G550025050475","1990","WI",,,,,,,,,,,,"99","Dane","025","Medina town","50475","T1","3","4720",,,,"9999","2","Wisconsin","55",,,,"0000087346","0000000765","Medina town","A","+43142588","-089066526","43",3.01
"G550025051575","1990","WI",,,,,,,,,,,,"99","Dane","025","Middleton city","51575","C5","3","4720",,,,"9999","2","Wisconsin","55",,,,"0000016694","0000000040","Middleton city","F","+43102867","-089506333","25",2.32
"G550025051600","1990","WI",,,,,,,,,,,,"99","Dane","025","Middleton town","51600","T1","3","4720",,,,"9999","2","Wisconsin","55",,,,"0000058270","0000000000","Middleton town","A","+43078384","-089556321","43",3.17
"G550025053675","1990","WI",,,,,,,,,,,,"99","Dane","025","Monona city","53675","C5","3","4720",,,,"9999","2","Wisconsin","55",,,,"0000008617","0000000153","Monona city","F","+43054400","-089333201","25",2.30
"G550025054100","1990","WI",,,,,,,,,,,,"99","Dane","025","Montrose town","54100","T1","3","4720",,,,"9999","2","Wisconsin","55",,,,"0000089170","0000000605","Montrose town","A","+42901752","-089546811","43",2.85
"G550025054725","1990","WI",,,,,,,,,,,,"99","Dane","025","Mount Horeb village","54725","C5","3","4720",,,,"9999","2","Wisconsin","55",,,,"0000005754","0000000000","Mount Horeb village","F","+43009062","-089733630","47",2.53
"G550025060200","1990","WI",,,,,,,,,,,,"99","Dane","025","Oregon village","60200","C5","3","4720",,,,"9999","2","Wisconsin","55",,,,"0000006906","0000000000","Oregon village","F","+42926280","-089382149","47",2.71
"G550025060225","1990","WI",,,,,,,,,,,,"99","Dane","025","Oregon town","60225","T1","3","4720",,,,"9999","2","Wisconsin","55",,,,"0000084283","0000000339","Oregon town","A","+42900497","-089429043","43",3.10
"G550025062050","1990","WI",,,,,,,,,,,,"99","Dane","025","Perry town","62050","T1","3","4720",,,,"9999","2","Wisconsin","55",,,,"0000093604","0000000000","Perry town","A","+42898241","-089777645","43",3.06
"G550025063375","1990","WI",,,,,,,,,,,,"99","Dane","025","Pleasant Springs town","63375","T1","3","4720",,,,"9999","2","Wisconsin","55",,,,"0000086768","0000005774","Pleasant Springs town","A","+42971880","-089190204","43",2.89
"G550025065575","1990","WI",,,,,,,,,,,,"99","Dane","025","Primrose town","65575","T1","3","4720",,,,"9999","2","Wisconsin","55",,,,"0000092821","0000000000","Primrose town","A","+42907752","-089667626","43",2.89
"G550025068725","1990","WI",,,,,,,,,,,,"99","Dane","025","Rockdale village","68725","C5","3","4720",,,,"9999","2","Wisconsin","55",,,,"0000000605","0000000023","Rockdale village","F","+42972464","-089032627","47",2.61
"G550025069850","1990","WI",,,,,,,,,,,,"99","Dane","025","Roxbury town","69850","T1","3","4720",,,,"9999","2","Wisconsin","55",,,,"0000089612","0000003397","Roxbury town","A","+43246575","-089657979","43",2.97
"G550025070400","1990","WI",,,,,,,,,,,,"99","Dane","025","Rutland town","70400","T1","3","4720",,,,"9999","2","Wisconsin","55",,,,"0000091516","0000000354","Rutland town","A","+42894992","-089310640","43",2.92
"G550025073750","1990","WI",,,,,,,,,,,,"99","Dane","025","Shorewood Hills village","73750","C5","3","4720",,,,"9999","2","Wisconsin","55",,,,"0000002090","0000000000","Shorewood Hills village","F","+43077733","-089446482","47",2.54
"G550025075850","1990","WI",,,,,,,,,,,,"99","Dane","025","Springdale town","75850","T1","3","4720",,,,"9999","2","Wisconsin","55",,,,"0000092679","0000000000","Springdale town","A","+42997744","-089664442","43",2.86
"G550025075875","1990","WI",,,,,,,,,,,,"99","Dane","025","Springfield town","75875","T1","3","4720",,,,"9999","2","Wisconsin","55",,,,"0000093862","0000000461","Springfield town","A","+43162084","-089544844","43",3.01
"G550025077675","1990","WI",,,,,,,,,,,,"99","Dane","025","Stoughton city","77675","C5","3","4720",,,,"9999","2","Wisconsin","55",,,,"0000007750","0000000335","Stoughton city","F","+42921056","-089222764","25",2.55
"G550025078600","1990","WI",,,,,,,,,,,,"99","Dane","025","Sun Prairie city","78600","C5","3","4720",,,,"9999","2","Wisconsin","55",,,,"0000018209","0000000000","Sun Prairie city","F","+43183680","-089232338","25",2.72
"G550025078625","1990","WI",,,,,,,,,,,,"99","Dane","025","Sun Prairie town","78625","T1","3","4720",,,,"9999","2","Wisconsin","55",,,,"0000081857","0000000000","Sun Prairie town","A","+43156368","-089177404","43",2.93
"G550025082525","1990","WI",,,,,,,,,,,,"99","Dane","025","Vermont town","82525","T1","3","4720",,,,"9999","2","Wisconsin","55",,,,"0000092660","0000000000","Vermont town","A","+43072199","-089785568","43",2.83
"G550025082600","1990","WI",,,,,,,,,,,,"99","Dane","025","Verona city","82600","C5","3","4720",,,,"9999","2","Wisconsin","55",,,,"0000005098","0000000000","Verona city","F","+42988848","-089535427","25",2.77
"G550025082625","1990","WI",,,,,,,,,,,,"99","Dane","025","Verona town","82625","T1","3","4720",,,,"9999","2","Wisconsin","55",,,,"0000084004","0000000101","Verona town","A","+42987936","-089546969","43",2.86
"G550025082750","1990","WI",,,,,,,,,,,,"99","Dane","025","Vienna town","82750","T1","3","4720",,,,"9999","2","Wisconsin","55",,,,"0000092883","0000000050","Vienna town","A","+43244604","-089428846","43",3.20
"G550025084350","1990","WI",,,,,,,,,,,,"99","Dane","025","Waunakee village","84350","C5","3","4720",,,,"9999","2","Wisconsin","55",,,,"0000006665","0000000000","Waunakee village","F","+43186616","-089452039","47",2.88
"G550025086125","1990","WI",,,,,,,,,,,,"99","Dane","025","Westport town","86125","T1","3","4720",,,,"9999","2","Wisconsin","55",,,,"0000067262","0000013001","Westport town","A","+43159192","-089425768","43",2.75
"G550025087750","1990","WI",,,,,,,,,,,,"99","Dane","025","Windsor town","87750","T1","3","4720",,,,"9999","2","Wisconsin","55",,,,"0000085322","0000000327","Windsor town","A","+43229288","-089301276","43",2.97
"G550025089450","1990","WI",,,,,,,,,,,,"99","Dane","025","York town","89450","T1","3","4720",,,,"9999","2","Wisconsin","55",,,,"0000092936","0000000054","York town","A","+43239682","-089066805","43",2.96
"G550027003200","1990","WI",,,,,,,,,,,,"99","Dodge","027","Ashippun town","03200","T1","3","9999",,,,"9999","2","Wisconsin","55",,,,"0000092322","0000000221","Ashippun town","A","+43240315","-088474101","43",2.97
"G550027005900","1990","WI",,,,,,,,,,,,"99","Dodge","027","Beaver Dam city","05900","C5","3","9999",,,,"9999","2","Wisconsin","55",,,,"0000012322","0000003467","Beaver Dam city","F","+43464003","-088837164","25",2.42
"G550027005925","1990","WI",,,,,,,,,,,,"99","Dodge","027","Beaver Dam town","05925","T1","3","9999",,,,"9999","2","Wisconsin","55",,,,"0000089959","0000007157","Beaver Dam town","A","+43442708","-088815773","43",2.71
"G550027010450","1990","WI",,,,,,,,,,,,"99","Dodge","027","Brownsville village","10450","C5","3","9999",,,,"9999","2","Wisconsin","55",,,,"0000000639","0000000000","Brownsville village","F","+43615696","-088491344","47",2.79
"G550027011275","1990","WI",,,,,,,,,,,,"99","Dodge","027","Burnett town","11275","T1","3","9999",,,,"9999","2","Wisconsin","55",,,,"0000093742","0000000690","Burnett town","A","+43503703","-088703411","43",2.81
"G550027011850","1990","WI",,,,,,,,,,,,"99","Dodge","027","Calamus town","11850","T1","3","9999",,,,"9999","2","Wisconsin","55",,,,"0000093462","0000001216","Calamus town","A","+43407983","-088953344","43",2.87
"G550027014300","1990","WI",,,,,,,,,,,,"99","Dodge","027","Chester town","14300","T1","3","9999",,,,"9999","2","Wisconsin","55",,,,"0000087138","0000003159","Chester town","A","+43592112","-088705190","43",2.87
"G550027015900","1990","WI",,,,,,,,,,,,"99","Dodge","027","Clyman village","15900","C5","3","9999",,,,"9999","2","Wisconsin","55",,,,"0000000578","0000000000","Clyman village","F","+43312056","-088719302","47",2.66
"G550027015925","1990","WI",,,,,,,,,,,,"99","Dodge","027","Clyman town","15925","T1","3","9999",,,,"9999","2","Wisconsin","55",,,,"0000091738","0000000065","Clyman town","A","+43330109","-088715663","43",3.28
"G550027016450","1990","WI",,,,,,,,,,,,"99","Dodge","027","Columbus city","16450","C5","3","9999",,,,"9999","2","Wisconsin","55",,,,"0000000118","0000000000","Columbus city","F","+43330371","-089008099","25",2.50
"G550027023000","1990","WI",,,,,,,,,,,,"99","Dodge","027","Elba town","23000","T1","3","9999",,,,"9999","2","Wisconsin","55",,,,"0000091787","0000000129","Elba town","A","+43327908","-088950628","43",2.90
"G550027024000","1990","WI",,,,,,,,,,,,"99","Dodge","027","Emmet town","24000","T1","3","9999",,,,"9999","2","Wisconsin","55",,,,"0000083266","0000000000","Emmet town","A","+43239809","-088711247","43",3.20
"G550027027000","1990","WI",,,,,,,,,,,,"99","Dodge","027","Fox Lake city","27000","C5","3","9999",,,,"9999","2","Wisconsin","55",,,,"0000003635","0000000271","Fox Lake city","F","+43563384","-088912607","25",2.51
"G550027027025","1990","WI",,,,,,,,,,,,"99","Dodge","027","Fox Lake town","27025","T1","3","9999",,,,"9999","2","Wisconsin","55",,,,"0000083561","0000015431","Fox Lake town","A","+43584582","-088942153","43",2.49
"G550027033000","1990","WI",,,,,,,,,,,,"99","Dodge","027","Hartford city","33000","C5","3","9999",,,,"9999","2","Wisconsin","55",,,,"0000001386","0000000000","Hartford city","F","+43333233","-088423836","25",2.25
"G550027034000","1990","WI",,,,,,,,,,,,"99","Dodge","027","Herman town","34000","T1","3","9999",,,,"9999","2","Wisconsin","55",,,,"0000094308","0000000000","Herman town","A","+43413181","-088457522","43",3.25
"G550027035750","1990","WI",,,,,,,,,,,,"99","Dodge","027","Horicon city","35750","C5","3","9999",,,,"9999","2","Wisconsin","55",,,,"0000008443","0000000102","Horicon city","F","+43444904","-088637058","25",2.70
"G550027036100","1990","WI",,,,,,,,,,,,"99","Dodge","027","Hubbard town","36100","T1","3","9999",,,,"9999","2","Wisconsin","55",,,,"0000082281","0000004207","Hubbard town","A","+43405592","-088585534","43",2.76
"G550027036625","1990","WI",,,,,,,,,,,,"99","Dodge","027","Hustisford village","36625","C5","3","9999",,,,"9999","2","Wisconsin","55",,,,"0000001797","0000000252","Hustisford village","F","+43345541","-088603622","47",2.60
"G550027036650","1990","WI",,,,,,,,,,,,"99","Dodge","027","Hustisford town","36650","T1","3","9999",,,,"9999","2","Wisconsin","55",,,,"0000087680","0000003277","Hustisford town","A","+43329726","-088597533","43",3.15
"G550027037150","1990","WI",,,,,,,,,,,,"99","Dodge","027","Iron Ridge village","37150","C5","3","9999",,,,"9999","2","Wisconsin","55",,,,"0000001844","0000000000","Iron Ridge village","F","+43397558","-088532063","47",2.89
"G550027038675","1990","WI",,,,,,,,,,,,"99","Dodge","027","Juneau city","38675","C5","3","9999",,,,"9999","2","Wisconsin","55",,,,"0000003575","0000000000","Juneau city","F","+43406257","-088703296","25",2.47
"G550027038900","1990","WI",,,,,,,,,,,,"99","Dodge","027","Kekoskee village","38900","C5","3","9999",,,,"9999","2","Wisconsin","55",,,,"0000000608","0000000024","Kekoskee village","F","+43527633","-088561710","47",2.81
"G550027043050","1990","WI",,,,,,,,,,,,"99","Dodge","027","Lebanon town","43050","T1","3","9999",,,,"9999","2","Wisconsin","55",,,,"0000092776","0000000498","Lebanon town","A","+43241043","-088593205","43",3.02
"G550027043650","1990","WI",,,,,,,,,,,,"99","Dodge","027","Leroy town","43650","T1","3","9999",,,,"9999","2","Wisconsin","55",,,,"0000094689","0000002138","Leroy town","A","+43592428","-088592897","43",3.05
"G550027045475","1990","WI",,,,,,,,,,,,"99","Dodge","027","Lomira village","45475","C5","3","9999",,,,"9999","2","Wisconsin","55",,,,"0000003664","0000000000","Lomira village","F","+43588856","-088444716","47",2.74
"G550027045500","1990","WI",,,,,,,,,,,,"99","Dodge","027","Lomira town","45500","T1","3","9999",,,,"9999","2","Wisconsin","55",,,,"0000090783","0000000000","Lomira town","A","+43594528","-088465332","43",3.05
"G550027045950","1990","WI",,,,,,,,,,,,"99","Dodge","027","Lowell village","45950","C5","3","9999",,,,"9999","2","Wisconsin","55",,,,"0000002575","0000000087","Lowell village","F","+43337812","-088820933","47",2.73
"G550027045975","1990","WI",,,,,,,,,,,,"99","Dodge","027","Lowell town","45975","T1","3","9999",,,,"9999","2","Wisconsin","55",,,,"0000133345","0000001158","Lowell town","A","+43329660","-088838866","43",2.88
"G550027050200","1990","WI",,,,,,,,,,,,"99","Dodge","027","Mayville city","50200","C5","3","9999",,,,"9999","2","Wisconsin","55",,,,"0000007169","0000000003","Mayville city","F","+43498216","-088546220","25",2.66
"G550027056075","1990","WI",,,,,,,,,,,,"99","Dodge","027","Neosho village","56075","C5","3","9999",,,,"9999","2","Wisconsin","55",,,,"0000001548","0000000088","Neosho village","F","+43309733","-088517841","47",2.99
"G550027059000","1990","WI",,,,,,,,,,,,"99","Dodge","027","Oak Grove town","59000","T1","3","9999",,,,"9999","2","Wisconsin","55",,,,"0000088981","0000000325","Oak Grove town","A","+43427173","-088699894","43",2.91
"G550027064375","1990","WI",,,,,,,,,,,,"99","Dodge","027","Portland town","64375","T1","3","9999",,,,"9999","2","Wisconsin","55",,,,"0000091509","0000000922","Portland town","A","+43239683","-088952532","43",3.06
"G550027066150","1990","WI",,,,,,,,,,,,"99","Dodge","027","Randolph village","66150","C5","3","9999",,,,"9999","2","Wisconsin","55",,,,"0000001740","0000000000","Randolph village","F","+43537714","-088999757","47",2.49
"G550027066900","1990","WI",,,,,,,,,,,,"99","Dodge","027","Reeseville village","66900","C5","3","9999",,,,"9999","2","Wisconsin","55",,,,"0000001478","0000000000","Reeseville village","F","+43305904","-088845104","47",2.65
"G550027069962","1990","WI",,,,,,,,,,,,"99","Dodge","027","Rubicon town","69962","T1","3","9999",,,,"9999","2","Wisconsin","55",,,,"0000089429","0000001064","Rubicon town","A","+43332792","-088473632","43",3.30
"G550027073575","1990","WI",,,,,,,,,,,,"99","Dodge","027","Shields town","73575","T1","3","9999",,,,"9999","2","Wisconsin","55",,,,"0000068661","0000001163","Shields town","A","+43234118","-088817207","43",3.09
"G550027079375","1990","WI",,,,,,,,,,,,"99","Dodge","027","Theresa village","79375","C5","3","9999",,,,"9999","2","Wisconsin","55",,,,"0000001587","0000000056","Theresa village","F","+43517824","-088452732","47",2.71
"G550027079425","1990","WI",,,,,,,,,,,,"99","Dodge","027","Theresa town","79425","T1","3","9999",,,,"9999","2","Wisconsin","55",,,,"0000091413","0000001232","Theresa town","A","+43498928","-088464942","43",3.29
"G550027080525","1990","WI",,,,,,,,,,,,"99","Dodge","027","Trenton town","80525","T1","3","9999",,,,"9999","2","Wisconsin","55",,,,"0000139507","0000001350","Trenton town","A","+43567319","-088831001","43",3.18
"G550027083975","1990","WI",,,,,,,,,,,,"99","Dodge","027","Watertown city","83975","C5","3","9999",,,,"9999","2","Wisconsin","55",,,,"0000009064","0000000414","Watertown city","F","+43207460","-088725284","25",2.70
"G550027084425","1990","WI",,,,,,,,,,,,"99","Dodge","027","Waupun city","84425","C5","3","9999",,,,"9999","2","Wisconsin","55",,,,"0000004671","0000000000","Waupun city","F","+43625482","-088734195","25",2.44
"G550027085650","1990","WI",,,,,,,,,,,,"99","Dodge","027","Westford town","85650","T1","3","9999",,,,"9999","2","Wisconsin","55",,,,"0000078537","0000012001","Westford town","A","+43488134","-088940210","43",2.83
"G550027087225","1990","WI",,,,,,,,,,,,"99","Dodge","027","Williamstown town","87225","T1","3","9999",,,,"9999","2","Wisconsin","55",,,,"0000086094","0000001749","Williamstown town","A","+43501809","-088585791","43",3.10
"G550029004325","1990","WI",,,,,,,,,,,,"99","Door","029","Baileys Harbor town","04325","T1","3","9999",,,,"9999","2","Wisconsin","55",,,,"0000076477","0000101635","Baileys Harbor town","A","+45063491","-087094756","43",2.34
"G550029010700","1990","WI",,,,,,,,,,,,"99","Door","029","Brussels town","10700","T1","3","9999",,,,"9999","2","Wisconsin","55",,,,"0000093618","0000000000","Brussels town","A","+44708464","-087580804","43",2.93
"G550029015025","1990","WI",,,,,,,,,,,,"99","Door","029","Claybanks town","15025","T1","3","9999",,,,"9999","2","Wisconsin","55",,,,"0000038553","0000083408","Claybanks town","A","+44757519","-087325224","43",2.65
"G550029022850","1990","WI",,,,,,,,,,,,"99","Door","029","Egg Harbor village","22850","C5","3","9999",,,,"9999","2","Wisconsin","55",,,,"0000004762","0000000000","Egg Harbor village","F","+45045820","-087291210","47",2.08
"G550029022875","1990","WI",,,,,,,,,,,,"99","Door","029","Egg Harbor town","22875","T1","3","9999",,,,"9999","2","Wisconsin","55",,,,"0000094935","0000171879","Egg Harbor town","A","+44993935","-087354010","43",2.84
"G550029024150","1990","WI",,,,,,,,,,,,"99","Door","029","Ephraim village","24150","C5","3","9999",,,,"9999","2","Wisconsin","55",,,,"0000010095","0000000000","Ephraim village","F","+45157654","-087166260","47",2.14
"G550029026625","1990","WI",,,,,,,,,,,,"99","Door","029","Forestville village","26625","C5","3","9999",,,,"9999","2","Wisconsin","55",,,,"0000001347","0000000000","Forestville village","F","+44690929","-087478337","47",2.58
"G550029026650","1990","WI",,,,,,,,,,,,"99","Door","029","Forestville town","26650","T1","3","9999",,,,"9999","2","Wisconsin","55",,,,"0000091660","0000000374","Forestville town","A","+44715317","-087468980","43",2.99
"G550029028300","1990","WI",,,,,,,,,,,,"99","Door","029","Gardner town","28300","T1","3","9999",,,,"9999","2","Wisconsin","55",,,,"0000088819","0000205254","Gardner town","A","+44847311","-087587024","43",2.65
"G550029028950","1990","WI",,,,,,,,,,,,"99","Door","029","Gibraltar town","28950","T1","3","9999",,,,"9999","2","Wisconsin","55",,,,"0000087676","0000304599","Gibraltar town","A","+45159110","-087265532","43",2.46
"G550029037750","1990","WI",,,,,,,,,,,,"99","Door","029","Jacksonport town","37750","T1","3","9999",,,,"9999","2","Wisconsin","55",,,,"0000075215","0000075783","Jacksonport town","A","+44985035","-087177623","43",2.68
"G550029043925","1990","WI",,,,,,,,,,,,"99","Door","029","Liberty Grove town","43925","T1","3","9999",,,,"9999","2","Wisconsin","55",,,,"0000138783","0000354681","Liberty Grove town","A","+45262388","-087059348","43",2.41
"G550029055500","1990","WI",,,,,,,,,,,,"99","Door","029","Nasewaupee town","55500","T1","3","9999",,,,"9999","2","Wisconsin","55",,,,"0000111601","0000072672","Nasewaupee town","A","+44849947","-087464023","43",2.57
"G550029072600","1990","WI",,,,,,,,,,,,"99","Door","029","Sevastopol town","72600","T1","3","9999",,,,"9999","2","Wisconsin","55",,,,"0000134319","0000098948","Sevastopol town","A","+44889580","-087265364","43",2.76
"G550029074225","1990","WI",,,,,,,,,,,,"99","Door","029","Sister Bay village","74225","C5","3","9999",,,,"9999","2","Wisconsin","55",,,,"0000006692","0000001198","Sister Bay village","F","+45186888","-087127451","47",2.13
"G550029077875","1990","WI",,,,,,,,,,,,"99","Door","029","Sturgeon Bay city","77875","C5","3","9999",,,,"9999","2","Wisconsin","55",,,,"0000024779","0000004382","Sturgeon Bay city","F","+44821635","-087368287","25",2.38
"G550029077900","1990","WI",,,,,,,,,,,,"99","Door","029","Sturgeon Bay town","77900","T1","3","9999",,,,"9999","2","Wisconsin","55",,,,"0000050123","0000041082","Sturgeon Bay town","A","+44809297","-087290413","43",2.67
"G550029081525","1990","WI",,,,,,,,,,,,"99","Door","029","Union town","81525","T1","3","9999",,,,"9999","2","Wisconsin","55",,,,"0000054844","0000038160","Union town","A","+44726025","-087700153","43",2.85
"G550029083600","1990","WI",,,,,,,,,,,,"99","Door","029","Washington town","83600","T1","3","9999",,,,"9999","2","Wisconsin","55",,,,"0000066019","0000256343","Washington town","A","+45385799","-086925840","43",2.24
"G550031001825","1990","WI",,,,,,,,,,,,"99","Douglas","031","Amnicon town","01825","T1","3","2240",,,,"9999","2","Wisconsin","55",,,,"0000101220","0000000040","Amnicon town","A","+46589434","-091853557","43",2.96
"G550031006775","1990","WI",,,,,,,,,,,,"99","Douglas","031","Bennett town","06775","T1","3","2240",,,,"9999","2","Wisconsin","55",,,,"0000123104","0000002004","Bennett town","A","+46440969","-091824411","43",2.84
"G550031010575","1990","WI",,,,,,,,,,,,"99","Douglas","031","Brule town","10575","T1","3","2240",,,,"9999","2","Wisconsin","55",,,,"0000144297","0000000456","Brule town","A","+46590333","-091605139","43",2.41
"G550031015825","1990","WI",,,,,,,,,,,,"99","Douglas","031","Cloverland town","15825","T1","3","2240",,,,"9999","2","Wisconsin","55",,,,"0000119650","0000000000","Cloverland town","A","+46699618","-091628826","43",2.65
"G550031018425","1990","WI",,,,,,,,,,,,"99","Douglas","031","Dairyland town","18425","T1","3","2240",,,,"9999","2","Wisconsin","55",,,,"0000363167","0000001556","Dairyland town","A","+46247826","-092167502","43",2.55
"G550031029925","1990","WI",,,,,,,,,,,,"99","Douglas","031","Gordon town","29925","T1","3","2240",,,,"9999","2","Wisconsin","55",,,,"0000393078","0000014620","Gordon town","A","+46295191","-091826691","43",2.29
"G550031033350","1990","WI",,,,,,,,,,,,"99","Douglas","031","Hawthorne town","33350","T1","3","2240",,,,"9999","2","Wisconsin","55",,,,"0000118143","0000001408","Hawthorne town","A","+46512376","-091834535","43",2.92
"G550031034425","1990","WI",,,,,,,,,,,,"99","Douglas","031","Highland town","34425","T1","3","2240",,,,"9999","2","Wisconsin","55",,,,"0000198144","0000004031","Highland town","A","+46421218","-091629187","43",2.30
"G550031041725","1990","WI",,,,,,,,,,,,"99","Douglas","031","Lake Nebagamon village","41725","C5","3","2240",,,,"9999","2","Wisconsin","55",,,,"0000032779","0000004378","Lake Nebagamon village","F","+46507797","-091694504","47",2.65
"G550031041800","1990","WI",,,,,,,,,,,,"99","Douglas","031","Lakeside town","41800","T1","3","2240",,,,"9999","2","Wisconsin","55",,,,"0000103250","0000000084","Lakeside town","A","+46660460","-091821589","43",2.80
"G550031048725","1990","WI",,,,,,,,,,,,"99","Douglas","031","Maple town","48725","T1","3","2240",,,,"9999","2","Wisconsin","55",,,,"0000083117","0000000000","Maple town","A","+46604906","-091697067","43",2.66
"G550031059100","1990","WI",,,,,,,,,,,,"99","Douglas","031","Oakland town","59100","T1","3","2240",,,,"9999","2","Wisconsin","55",,,,"0000165563","0000002721","Oakland town","A","+46494184","-091989974","43",2.86
"G550031059800","1990","WI",,,,,,,,,,,,"99","Douglas","031","Oliver village","59800","C5","3","2240",,,,"9999","2","Wisconsin","55",,,,"0000005303","0000000045","Oliver village","F","+46649900","-092189949","47",2.94
"G550031061250","1990","WI",,,,,,,,,,,,"99","Douglas","031","Parkland town","61250","T1","3","2240",,,,"9999","2","Wisconsin","55",,,,"0000091962","0000000000","Parkland town","A","+46619898","-091987384","43",2.81
"G550031063975","1990","WI",,,,,,,,,,,,"99","Douglas","031","Poplar village","63975","C5","3","2240",,,,"9999","2","Wisconsin","55",,,,"0000030886","0000000033","Poplar village","F","+46581927","-091787804","47",2.77
"G550031074575","1990","WI",,,,,,,,,,,,"99","Douglas","031","Solon Springs village","74575","C5","3","2240",,,,"9999","2","Wisconsin","55",,,,"0000004138","0000001818","Solon Springs village","F","+46349447","-091819997","47",2.30
"G550031074600","1990","WI",,,,,,,,,,,,"99","Douglas","031","Solon Springs town","74600","T1","3","2240",,,,"9999","2","Wisconsin","55",,,,"0000215031","0000003834","Solon Springs town","A","+46365171","-091818704","43",2.47
"G550031078275","1990","WI",,,,,,,,,,,,"99","Douglas","031","Summit town","78275","T1","3","2240",,,,"9999","2","Wisconsin","55",,,,"0000379743","0000002499","Summit town","A","+46427653","-092175986","43",2.67
"G550031078650","1990","WI",,,,,,,,,,,,"99","Douglas","031","Superior city","78650","C5","3","2240",,,,"9999","2","Wisconsin","55",,,,"0000095678","0000047900","Superior city","F","+46696870","-092059603","25",2.36
"G550031078660","1990","WI",,,,,,,,,,,,"99","Douglas","031","Superior village","78660","C5","3","2240",,,,"9999","2","Wisconsin","55",,,,"0000003201","0000000021","Superior village","F","+46653660","-092105499","47",2.56
"G550031078675","1990","WI",,,,,,,,,,,,"99","Douglas","031","Superior town","78675","T1","3","2240",,,,"9999","2","Wisconsin","55",,,,"0000275071","0000004033","Superior town","A","+46583187","-092164702","43",2.77
"G550031083512","1990","WI",,,,,,,,,,,,"99","Douglas","031","Wascott town","83512","T1","3","2240",,,,"9999","2","Wisconsin","55",,,,"0000344448","0000021071","Wascott town","A","+46202100","-091798591","43",2.21
"G550033009050","1990","WI",,,,,,,,,,,,"99","Dunn","033","Boyceville village","09050","C5","3","9999",,,,"9999","2","Wisconsin","55",,,,"0000010261","0000000000","Boyceville village","F","+45042612","-092039915","47",2.40
"G550033016275","1990","WI",,,,,,,,,,,,"99","Dunn","033","Colfax village","16275","C5","3","9999",,,,"9999","2","Wisconsin","55",,,,"0000003598","0000000078","Colfax village","F","+44996943","-091725908","47",2.24
"G550033016300","1990","WI",,,,,,,,,,,,"99","Dunn","033","Colfax town","16300","T1","3","9999",,,,"9999","2","Wisconsin","55",,,,"0000088678","0000000827","Colfax town","A","+44986525","-091707479","43",3.04
"G550033020675","1990","WI",,,,,,,,,,,,"99","Dunn","033","Downing village","20675","C5","3","9999",,,,"9999","2","Wisconsin","55",,,,"0000007706","0000000000","Downing village","F","+45048539","-092124101","47",2.94
"G550033021150","1990","WI",,,,,,,,,,,,"99","Dunn","033","Dunn town","21150","T1","3","9999",,,,"9999","2","Wisconsin","55",,,,"0000144291","0000003518","Dunn town","A","+44756237","-091913304","43",2.75
"G550033022375","1990","WI",,,,,,,,,,,,"99","Dunn","033","Eau Galle town","22375","T1","3","9999",,,,"9999","2","Wisconsin","55",,,,"0000122682","0000001501","Eau Galle town","A","+44724698","-092053472","43",3.00
"G550033023325","1990","WI",,,,,,,,,,,,"99","Dunn","033","Elk Mound village","23325","C5","3","9999",,,,"9999","2","Wisconsin","55",,,,"0000005890","0000000000","Elk Mound village","F","+44875054","-091687709","47",3.00
"G550033023350","1990","WI",,,,,,,,,,,,"99","Dunn","033","Elk Mound town","23350","T1","3","9999",,,,"9999","2","Wisconsin","55",,,,"0000087280","0000000061","Elk Mound town","A","+44902833","-091707952","43",3.02
"G550033030300","1990","WI",,,,,,,,,,,,"99","Dunn","033","Grant town","30300","T1","3","9999",,,,"9999","2","Wisconsin","55",,,,"0000095462","0000001254","Grant town","A","+45080232","-091711414","43",3.07
"G550033033400","1990","WI",,,,,,,,,,,,"99","Dunn","033","Hay River town","33400","T1","3","9999",,,,"9999","2","Wisconsin","55",,,,"0000093482","0000000000","Hay River town","A","+45071950","-091950277","43",3.02
"G550033039975","1990","WI",,,,,,,,,,,,"99","Dunn","033","Knapp village","39975","C5","3","9999",,,,"9999","2","Wisconsin","55",,,,"0000004096","0000000000","Knapp village","F","+44954100","-092076950","47",2.46
"G550033046175","1990","WI",,,,,,,,,,,,"99","Dunn","033","Lucas town","46175","T1","3","9999",,,,"9999","2","Wisconsin","55",,,,"0000092577","0000000000","Lucas town","A","+44901971","-092070461","43",2.86
"G550033051025","1990","WI",,,,,,,,,,,,"99","Dunn","033","Menomonie city","51025","C5","3","9999",,,,"9999","2","Wisconsin","55",,,,"0000029167","0000004503","Menomonie city","F","+44887891","-091913986","25",2.46
"G550033051050","1990","WI",,,,,,,,,,,,"99","Dunn","033","Menomonie town","51050","T1","3","9999",,,,"9999","2","Wisconsin","55",,,,"0000108489","0000000532","Menomonie town","A","+44881536","-091959979","43",2.95
"G550033056775","1990","WI",,,,,,,,,,,,"99","Dunn","033","New Haven town","56775","T1","3","9999",,,,"9999","2","Wisconsin","55",,,,"0000094251","0000000000","New Haven town","A","+45166127","-092095830","43",2.75
"G550033060725","1990","WI",,,,,,,,,,,,"99","Dunn","033","Otter Creek town","60725","T1","3","9999",,,,"9999","2","Wisconsin","55",,,,"0000095631","0000000000","Otter Creek town","A","+45074562","-091834406","43",2.89
"G550033062125","1990","WI",,,,,,,,,,,,"99","Dunn","033","Peru town","62125","T1","3","9999",,,,"9999","2","Wisconsin","55",,,,"0000048488","0000002282","Peru town","A","+44713292","-091815152","43",2.82
"G550033066550","1990","WI",,,,,,,,,,,,"99","Dunn","033","Red Cedar town","66550","T1","3","9999",,,,"9999","2","Wisconsin","55",,,,"0000106976","0000002426","Red Cedar town","A","+44886248","-091834399","43",3.01
"G550033067800","1990","WI",,,,,,,,,,,,"99","Dunn","033","Ridgeland village","67800","C5","3","9999",,,,"9999","2","Wisconsin","55",,,,"0000001098","0000000000","Ridgeland village","F","+45202217","-091897373","47",1.92
"G550033068700","1990","WI",,,,,,,,,,,,"99","Dunn","033","Rock Creek town","68700","T1","3","9999",,,,"9999","2","Wisconsin","55",,,,"0000079794","0000002013","Rock Creek town","A","+44718110","-091716585","43",2.86
"G550033071425","1990","WI",,,,,,,,,,,,"99","Dunn","033","Sand Creek town","71425","T1","3","9999",,,,"9999","2","Wisconsin","55",,,,"0000092593","0000001048","Sand Creek town","A","+45165622","-091721550","43",2.67
"G550033073300","1990","WI",,,,,,,,,,,,"99","Dunn","033","Sheridan town","73300","T1","3","9999",,,,"9999","2","Wisconsin","55",,,,"0000093483","0000000017","Sheridan town","A","+45162002","-091972919","43",3.02
"G550033073375","1990","WI",,,,,,,,,,,,"99","Dunn","033","Sherman town","73375","T1","3","9999",,,,"9999","2","Wisconsin","55",,,,"0000091373","0000000248","Sherman town","A","+44991873","-091958338","43",2.97
"G550033075750","1990","WI",,,,,,,,,,,,"99","Dunn","033","Spring Brook town","75750","T1","3","9999",,,,"9999","2","Wisconsin","55",,,,"0000157430","0000003506","Spring Brook town","A","+44807121","-091741561","43",2.97
"G550033076650","1990","WI",,,,,,,,,,,,"99","Dunn","033","Stanton town","76650","T1","3","9999",,,,"9999","2","Wisconsin","55",,,,"0000087707","0000000000","Stanton town","A","+44989784","-092081104","43",3.02
"G550033078975","1990","WI",,,,,,,,,,,,"99","Dunn","033","Tainter town","78975","T1","3","9999",,,,"9999","2","Wisconsin","55",,,,"0000085472","0000006950","Tainter town","A","+44981549","-091834427","43",2.62
"G550033079775","1990","WI",,,,,,,,,,,,"99","Dunn","033","Tiffany town","79775","T1","3","9999",,,,"9999","2","Wisconsin","55",,,,"0000077259","0000000024","Tiffany town","A","+45081961","-092074862","43",3.09
"G550033085975","1990","WI",,,,,,,,,,,,"99","Dunn","033","Weston town","85975","T1","3","9999",,,,"9999","2","Wisconsin","55",,,,"0000107516","0000000000","Weston town","A","+44814437","-092068046","43",2.89
"G550033086575","1990","WI",,,,,,,,,,,,"99","Dunn","033","Wheeler village","86575","C5","3","9999",,,,"9999","2","Wisconsin","55",,,,"0000002123","0000000000","Wheeler village","F","+45043673","-091905463","47",2.66
"G550033087375","1990","WI",,,,,,,,,,,,"99","Dunn","033","Wilson town","87375","T1","3","9999",,,,"9999","2","Wisconsin","55",,,,"0000092027","0000000000","Wilson town","A","+45165254","-091843835","43",2.77
"G550035001550","1990","WI",,,,,,,,,,,,"99","Eau Claire","035","Altoona city","01550","C5","3","2290",,,,"9999","2","Wisconsin","55",,,,"0000010594","0000000547","Altoona city","F","+44805050","-091441999","25",2.47
"G550035003825","1990","WI",,,,,,,,,,,,"99","Eau Claire","035","Augusta city","03825","C5","3","2290",,,,"9999","2","Wisconsin","55",,,,"0000005013","0000000000","Augusta city","F","+44678668","-091121217","25",2.36
"G550035009500","1990","WI",,,,,,,,,,,,"99","Eau Claire","035","Bridge Creek town","09500","T1","3","2290",,,,"9999","2","Wisconsin","55",,,,"0000265549","0000004756","Bridge Creek town","A","+44686500","-091066534","43",3.21
"G550035010625","1990","WI",,,,,,,,,,,,"99","Eau Claire","035","Brunswick town","10625","T1","3","2290",,,,"9999","2","Wisconsin","55",,,,"0000094575","0000001986","Brunswick town","A","+44732219","-091587231","43",2.81
"G550035015200","1990","WI",,,,,,,,,,,,"99","Eau Claire","035","Clear Creek town","15200","T1","3","2290",,,,"9999","2","Wisconsin","55",,,,"0000093102","0000000000","Clear Creek town","A","+44632190","-091341772","43",2.93
"G550035020800","1990","WI",,,,,,,,,,,,"99","Eau Claire","035","Drammen town","20800","T1","3","2290",,,,"9999","2","Wisconsin","55",,,,"0000093068","0000000000","Drammen town","A","+44635551","-091593430","43",2.89
"G550035022300","1990","WI",,,,,,,,,,,,"99","Eau Claire","035","Eau Claire city","22300","C5","3","2290",,,,"9999","2","Wisconsin","55",,,,"0000062356","0000005169","Eau Claire city","F","+44814300","-091496261","25",2.48
"G550035024825","1990","WI",,,,,,,,,,,,"99","Eau Claire","035","Fairchild village","24825","C5","3","2290",,,,"9999","2","Wisconsin","55",,,,"0000003766","0000000065","Fairchild village","F","+44605457","-090956416","47",2.41
"G550035024850","1990","WI",,,,,,,,,,,,"99","Eau Claire","035","Fairchild town","24850","T1","3","2290",,,,"9999","2","Wisconsin","55",,,,"0000089351","0000000085","Fairchild town","A","+44637394","-090984137","43",3.00
"G550035025125","1990","WI",,,,,,,,,,,,"99","Eau Claire","035","Fall Creek village","25125","C5","3","2290",,,,"9999","2","Wisconsin","55",,,,"0000003845","0000000077","Fall Creek village","F","+44762102","-091274013","47",2.47
"G550035044350","1990","WI",,,,,,,,,,,,"99","Eau Claire","035","Lincoln town","44350","T1","3","2290",,,,"9999","2","Wisconsin","55",,,,"0000151079","0000001269","Lincoln town","A","+44742409","-091244642","43",3.23
"G550035046275","1990","WI",,,,,,,,,,,,"99","Eau Claire","035","Ludington town","46275","T1","3","2290",,,,"9999","2","Wisconsin","55",,,,"0000118548","0000000473","Ludington town","A","+44808846","-091160476","43",3.05
"G550035060750","1990","WI",,,,,,,,,,,,"99","Eau Claire","035","Otter Creek town","60750","T1","3","2290",,,,"9999","2","Wisconsin","55",,,,"0000092138","0000000000","Otter Creek town","A","+44635517","-091218488","43",2.92
"G550035063400","1990","WI",,,,,,,,,,,,"99","Eau Claire","035","Pleasant Valley town","63400","T1","3","2290",,,,"9999","2","Wisconsin","55",,,,"0000140428","0000000000","Pleasant Valley town","A","+44661317","-091461733","43",3.03
"G550035072675","1990","WI",,,,,,,,,,,,"99","Eau Claire","035","Seymour town","72675","T1","3","2290",,,,"9999","2","Wisconsin","55",,,,"0000081181","0000002788","Seymour town","A","+44835704","-091336739","43",2.78
"G550035081550","1990","WI",,,,,,,,,,,,"99","Eau Claire","035","Union town","81550","T1","3","2290",,,,"9999","2","Wisconsin","55",,,,"0000075935","0000001233","Union town","A","+44821800","-091599524","43",2.85
"G550035083612","1990","WI",,,,,,,,,,,,"99","Eau Claire","035","Washington town","83612","T1","3","2290",,,,"9999","2","Wisconsin","55",,,,"0000147535","0000001256","Washington town","A","+44753830","-091406859","43",2.88
"G550035087400","1990","WI",,,,,,,,,,,,"99","Eau Claire","035","Wilson town","87400","T1","3","2290",,,,"9999","2","Wisconsin","55",,,,"0000123482","0000000096","Wilson town","A","+44810485","-091011788","43",3.16
"G550037003875","1990","WI",,,,,,,,,,,,"99","Florence","037","Aurora town","03875","T1","3","9999",,,,"9999","2","Wisconsin","55",,,,"0000098328","0000001059","Aurora town","A","+45769642","-088139856","43",2.60
"G550037016550","1990","WI",,,,,,,,,,,,"99","Florence","037","Commonwealth town","16550","T1","3","9999",,,,"9999","2","Wisconsin","55",,,,"0000109641","0000001582","Commonwealth town","A","+45854518","-088238639","43",2.70
"G550037025575","1990","WI",,,,,,,,,,,,"99","Florence","037","Fence town","25575","T1","3","9999",,,,"9999","2","Wisconsin","55",,,,"0000231682","0000001533","Fence town","A","+45762303","-088529141","43",2.67
"G550037025675","1990","WI",,,,,,,,,,,,"99","Florence","037","Fern town","25675","T1","3","9999",,,,"9999","2","Wisconsin","55",,,,"0000088058","0000003026","Fern town","A","+45841552","-088364028","43",2.60
"G550037026200","1990","WI",,,,,,,,,,,,"99","Florence","037","Florence town","26200","T1","3","9999",,,,"9999","2","Wisconsin","55",,,,"0000397966","0000010480","Florence town","A","+45915764","-088389833","43",2.51
"G550037035600","1990","WI",,,,,,,,,,,,"99","Florence","037","Homestead town","35600","T1","3","9999",,,,"9999","2","Wisconsin","55",,,,"0000139501","0000001205","Homestead town","A","+45765670","-088265605","43",2.76
"G550037045625","1990","WI",,,,,,,,,,,,"99","Florence","037","Long Lake town","45625","T1","3","9999",,,,"9999","2","Wisconsin","55",,,,"0000088035","0000004798","Long Lake town","A","+45854151","-088622572","43",2.53
"G550037079975","1990","WI",,,,,,,,,,,,"99","Florence","037","Tipler town","79975","T1","3","9999",,,,"9999","2","Wisconsin","55",,,,"0000110923","0000000747","Tipler town","A","+45952396","-088602592","43",2.45
"G550039001525","1990","WI",,,,,,,,,,,,"99","Fond du Lac","039","Alto town","01525","T1","3","9999",,,,"9999","2","Wisconsin","55",,,,"0000094034","0000000000","Alto town","A","+43674084","-088819584","43",3.32
"G550039003150","1990","WI",,,,,,,,,,,,"99","Fond du Lac","039","Ashford town","03150","T1","3","9999",,,,"9999","2","Wisconsin","55",,,,"0000092777","0000000179","Ashford town","A","+43590768","-088340703","43",3.15
"G550039003750","1990","WI",,,,,,,,,,,,"99","Fond du Lac","039","Auburn town","03750","T1","3","9999",,,,"9999","2","Wisconsin","55",,,,"0000091441","0000001488","Auburn town","A","+43579824","-088221867","43",3.21
"G550039009300","1990","WI",,,,,,,,,,,,"99","Fond du Lac","039","Brandon village","09300","C5","3","9999",,,,"9999","2","Wisconsin","55",,,,"0000001594","0000000000","Brandon village","F","+43737380","-088783843","47",2.70
"G550039011600","1990","WI",,,,,,,,,,,,"99","Fond du Lac","039","Byron town","11600","T1","3","9999",,,,"9999","2","Wisconsin","55",,,,"0000094072","0000000000","Byron town","A","+43668064","-088467135","43",3.24
"G550039012075","1990","WI",,,,,,,,,,,,"99","Fond du Lac","039","Calumet town","12075","T1","3","9999",,,,"9999","2","Wisconsin","55",,,,"0000078168","0000036024","Calumet town","A","+43916322","-088286272","43",3.03
"G550039012325","1990","WI",,,,,,,,,,,,"99","Fond du Lac","039","Campbellsport village","12325","C5","3","9999",,,,"9999","2","Wisconsin","55",,,,"0000002376","0000000006","Campbellsport village","F","+43599368","-088281335","47",2.65
"G550039022475","1990","WI",,,,,,,,,,,,"99","Fond du Lac","039","Eden village","22475","C5","3","9999",,,,"9999","2","Wisconsin","55",,,,"0000000881","0000000000","Eden village","F","+43692424","-088362846","47",2.76
"G550039022500","1990","WI",,,,,,,,,,,,"99","Fond du Lac","039","Eden town","22500","T1","3","9999",,,,"9999","2","Wisconsin","55",,,,"0000093721","0000000116","Eden town","A","+43677073","-088345022","43",3.26
"G550039023150","1990","WI",,,,,,,,,,,,"99","Fond du Lac","039","Eldorado town","23150","T1","3","9999",,,,"9999","2","Wisconsin","55",,,,"0000092656","0000001219","Eldorado town","A","+43852271","-088582660","43",3.15
"G550039024050","1990","WI",,,,,,,,,,,,"99","Fond du Lac","039","Empire town","24050","T1","3","9999",,,,"9999","2","Wisconsin","55",,,,"0000078011","0000000329","Empire town","A","+43753996","-088344534","43",3.04
"G550039025075","1990","WI",,,,,,,,,,,,"99","Fond du Lac","039","Fairwater village","25075","C5","3","9999",,,,"9999","2","Wisconsin","55",,,,"0000001926","0000000000","Fairwater village","F","+43741064","-088868776","47",2.65
"G550039026275","1990","WI",,,,,,,,,,,,"99","Fond du Lac","039","Fond du Lac city","26275","C5","3","9999",,,,"9999","2","Wisconsin","55",,,,"0000033059","0000002251","Fond du Lac city","F","+43773300","-088445511","25",2.49
"G550039026300","1990","WI",,,,,,,,,,,,"99","Fond du Lac","039","Fond du Lac town","26300","T1","3","9999",,,,"9999","2","Wisconsin","55",,,,"0000057000","0000002787","Fond du Lac town","A","+43756514","-088468835","43",2.73
"G550039026450","1990","WI",,,,,,,,,,,,"99","Fond du Lac","039","Forest town","26450","T1","3","9999",,,,"9999","2","Wisconsin","55",,,,"0000091293","0000002249","Forest town","A","+43768686","-088225851","43",3.17
"G550039027975","1990","WI",,,,,,,,,,,,"99","Fond du Lac","039","Friendship town","27975","T1","3","9999",,,,"9999","2","Wisconsin","55",,,,"0000044729","0000046302","Friendship town","A","+43853241","-088462457","43",2.64
"G550039039300","1990","WI",,,,,,,,,,,,"99","Fond du Lac","039","Kewaskum village","39300","C5","3","9999",,,,"9999","2","Wisconsin","55",,,,"0000000201","0000000000","Kewaskum village","F","+43545104","-088267847","47",1.00
"G550039042125","1990","WI",,,,,,,,,,,,"99","Fond du Lac","039","Lamartine town","42125","T1","3","9999",,,,"9999","2","Wisconsin","55",,,,"0000094543","0000000170","Lamartine town","A","+43759615","-088581590","43",3.06
"G550039049650","1990","WI",,,,,,,,,,,,"99","Fond du Lac","039","Marshfield town","49650","T1","3","9999",,,,"9999","2","Wisconsin","55",,,,"0000088557","0000000527","Marshfield town","A","+43855976","-088222330","43",3.24
"G550039051450","1990","WI",,,,,,,,,,,,"99","Fond du Lac","039","Metomen town","51450","T1","3","9999",,,,"9999","2","Wisconsin","55",,,,"0000090152","0000000000","Metomen town","A","+43768937","-088834507","43",2.93
"G550039054650","1990","WI",,,,,,,,,,,,"99","Fond du Lac","039","Mount Calvary village","54650","C5","3","9999",,,,"9999","2","Wisconsin","55",,,,"0000002571","0000000000","Mount Calvary village","F","+43826503","-088246755","47",2.65
"G550039058000","1990","WI",,,,,,,,,,,,"99","Fond du Lac","039","North Fond du Lac village","58000","C5","3","9999",,,,"9999","2","Wisconsin","55",,,,"0000004280","0000000006","North Fond du Lac village","F","+43809017","-088483308","47",2.65
"G550039058900","1990","WI",,,,,,,,,,,,"99","Fond du Lac","039","Oakfield village","58900","C5","3","9999",,,,"9999","2","Wisconsin","55",,,,"0000002399","0000000000","Oakfield village","F","+43684578","-088546870","47",2.87
"G550039058925","1990","WI",,,,,,,,,,,,"99","Fond du Lac","039","Oakfield town","58925","T1","3","9999",,,,"9999","2","Wisconsin","55",,,,"0000092684","0000000141","Oakfield town","A","+43677513","-088582259","43",3.21
"G550039060425","1990","WI",,,,,,,,,,,,"99","Fond du Lac","039","Osceola town","60425","T1","3","9999",,,,"9999","2","Wisconsin","55",,,,"0000090984","0000003184","Osceola town","A","+43662884","-088223613","43",2.94
"G550039068175","1990","WI",,,,,,,,,,,,"99","Fond du Lac","039","Ripon city","68175","C5","3","9999",,,,"9999","2","Wisconsin","55",,,,"0000010568","0000000062","Ripon city","F","+43845821","-088841576","25",2.36
"G550039068200","1990","WI",,,,,,,,,,,,"99","Fond du Lac","039","Ripon town","68200","T1","3","9999",,,,"9999","2","Wisconsin","55",,,,"0000082792","0000000378","Ripon town","A","+43859213","-088824161","43",2.90
"G550039069525","1990","WI",,,,,,,,,,,,"99","Fond du Lac","039","Rosendale village","69525","C5","3","9999",,,,"9999","2","Wisconsin","55",,,,"0000002700","0000000000","Rosendale village","F","+43808276","-088675794","47",2.89
"G550039069550","1990","WI",,,,,,,,,,,,"99","Fond du Lac","039","Rosendale town","69550","T1","3","9999",,,,"9999","2","Wisconsin","55",,,,"0000092345","0000000090","Rosendale town","A","+43843761","-088700642","43",2.92
"G550039070500","1990","WI",,,,,,,,,,,,"99","Fond du Lac","039","St. Cloud village","70500","C5","3","9999",,,,"9999","2","Wisconsin","55",,,,"0000002410","0000000000","St. Cloud village","F","+43822611","-088167303","47",2.71
"G550039076250","1990","WI",,,,,,,,,,,,"99","Fond du Lac","039","Springvale town","76250","T1","3","9999",,,,"9999","2","Wisconsin","55",,,,"0000093305","0000000000","Springvale town","A","+43763773","-088705198","43",2.93
"G550039079125","1990","WI",,,,,,,,,,,,"99","Fond du Lac","039","Taycheedah town","79125","T1","3","9999",,,,"9999","2","Wisconsin","55",,,,"0000079936","0000013595","Taycheedah town","A","+43834447","-088342540","43",2.94
"G550039084425","1990","WI",,,,,,,,,,,,"99","Fond du Lac","039","Waupun city","84425","C5","3","9999",,,,"9999","2","Wisconsin","55",,,,"0000003359","0000000000","Waupun city","F","+43636818","-088735963","25",2.63
"G550039084450","1990","WI",,,,,,,,,,,,"99","Fond du Lac","039","Waupun town","84450","T1","3","9999",,,,"9999","2","Wisconsin","55",,,,"0000090981","0000000000","Waupun town","A","+43680588","-088707693","43",2.86
"G550041001625","1990","WI",,,,,,,,,,,,"99","Forest","041","Alvin town","01625","T1","3","9999",,,,"9999","2","Wisconsin","55",,,,"0000297823","0000002623","Alvin town","A","+45964885","-088821952","43",2.10
"G550041002625","1990","WI",,,,,,,,,,,,"99","Forest","041","Argonne town","02625","T1","3","9999",,,,"9999","2","Wisconsin","55",,,,"0000280358","0000000186","Argonne town","A","+45781388","-088859107","43",2.81
"G550041002950","1990","WI",,,,,,,,,,,,"99","Forest","041","Armstrong Creek town","02950","T1","3","9999",,,,"9999","2","Wisconsin","55",,,,"0000124298","0000001696","Armstrong Creek town","A","+45668288","-088496998","43",2.32
"G550041007950","1990","WI",,,,,,,,,,,,"99","Forest","041","Blackwell town","07950","T1","3","9999",,,,"9999","2","Wisconsin","55",,,,"0000170952","0000000960","Blackwell town","A","+45550065","-088525880","43",2.73
"G550041013125","1990","WI",,,,,,,,,,,,"99","Forest","041","Caswell town","13125","T1","3","9999",,,,"9999","2","Wisconsin","55",,,,"0000123660","0000000444","Caswell town","A","+45677581","-088665960","43",2.54
"G550041017425","1990","WI",,,,,,,,,,,,"99","Forest","041","Crandon city","17425","C5","3","9999",,,,"9999","2","Wisconsin","55",,,,"0000013518","0000002462","Crandon city","F","+45569905","-088897260","25",2.45
"G550041017450","1990","WI",,,,,,,,,,,,"99","Forest","041","Crandon town","17450","T1","3","9999",,,,"9999","2","Wisconsin","55",,,,"0000087524","0000005165","Crandon town","A","+45604917","-088986823","43",2.76
"G550041027600","1990","WI",,,,,,,,,,,,"99","Forest","041","Freedom town","27600","T1","3","9999",,,,"9999","2","Wisconsin","55",,,,"0000088236","0000005252","Freedom town","A","+45425948","-088751341","43",2.67
"G550041034650","1990","WI",,,,,,,,,,,,"99","Forest","041","Hiles town","34650","T1","3","9999",,,,"9999","2","Wisconsin","55",,,,"0000340463","0000024655","Hiles town","A","+45803784","-088980709","43",2.23
"G550041042500","1990","WI",,,,,,,,,,,,"99","Forest","041","Laona town","42500","T1","3","9999",,,,"9999","2","Wisconsin","55",,,,"0000267807","0000010747","Laona town","A","+45564929","-088697576","43",2.57
"G550041044375","1990","WI",,,,,,,,,,,,"99","Forest","041","Lincoln town","44375","T1","3","9999",,,,"9999","2","Wisconsin","55",,,,"0000150546","0000012438","Lincoln town","A","+45545538","-088853690","43",2.81
"G550041055575","1990","WI",,,,,,,,,,,,"99","Forest","041","Nashville town","55575","T1","3","9999",,,,"9999","2","Wisconsin","55",,,,"0000173975","0000013426","Nashville town","A","+45466670","-088925806","43",2.70
"G550041064050","1990","WI",,,,,,,,,,,,"99","Forest","041","Popple River town","64050","T1","3","9999",,,,"9999","2","Wisconsin","55",,,,"0000129738","0000001001","Popple River town","A","+45831467","-088724388","43",2.21
"G550041069625","1990","WI",,,,,,,,,,,,"99","Forest","041","Ross town","69625","T1","3","9999",,,,"9999","2","Wisconsin","55",,,,"0000099708","0000000264","Ross town","A","+45740959","-088731141","43",2.45
"G550041083025","1990","WI",,,,,,,,,,,,"99","Forest","041","Wabeno town","83025","T1","3","9999",,,,"9999","2","Wisconsin","55",,,,"0000278031","0000002455","Wabeno town","A","+45433026","-088553032","43",2.64
"G550043004250","1990","WI",,,,,,,,,,,,"99","Grant","043","Bagley village","04250","C5","3","9999",,,,"9999","2","Wisconsin","55",,,,"0000001664","0000000102","Bagley village","F","+42903572","-091098197","47",2.30
"G550043006100","1990","WI",,,,,,,,,,,,"99","Grant","043","Beetown town","06100","T1","3","9999",,,,"9999","2","Wisconsin","55",,,,"0000125395","0000000000","Beetown town","A","+42812043","-090860653","43",3.14
"G550043008375","1990","WI",,,,,,,,,,,,"99","Grant","043","Bloomington village","08375","C5","3","9999",,,,"9999","2","Wisconsin","55",,,,"0000003356","0000000000","Bloomington village","F","+42892143","-090927330","47",2.49
"G550043008400","1990","WI",,,,,,,,,,,,"99","Grant","043","Bloomington town","08400","T1","3","9999",,,,"9999","2","Wisconsin","55",,,,"0000094270","0000009274","Bloomington town","A","+42876298","-091005127","43",3.08
"G550043008525","1990","WI",,,,,,,,,,,,"99","Grant","043","Blue River village","08525","C5","3","9999",,,,"9999","2","Wisconsin","55",,,,"0000001925","0000000000","Blue River village","F","+43186191","-090572449","47",2.58
"G550043008850","1990","WI",,,,,,,,,,,,"99","Grant","043","Boscobel city","08850","C5","3","9999",,,,"9999","2","Wisconsin","55",,,,"0000004714","0000000121","Boscobel city","F","+43139606","-090704580","25",2.46
"G550043008875","1990","WI",,,,,,,,,,,,"99","Grant","043","Boscobel town","08875","T1","3","9999",,,,"9999","2","Wisconsin","55",,,,"0000020102","0000001129","Boscobel town","A","+43139039","-090695059","43",2.55
"G550043013050","1990","WI",,,,,,,,,,,,"99","Grant","043","Cassville village","13050","C5","3","9999",,,,"9999","2","Wisconsin","55",,,,"0000002791","0000000028","Cassville village","F","+42715577","-090990387","47",2.27
"G550043013075","1990","WI",,,,,,,,,,,,"99","Grant","043","Cassville town","13075","T1","3","9999",,,,"9999","2","Wisconsin","55",,,,"0000086639","0000007545","Cassville town","A","+42734048","-090964457","43",2.98
"G550043013100","1990","WI",,,,,,,,,,,,"99","Grant","043","Castle Rock town","13100","T1","3","9999",,,,"9999","2","Wisconsin","55",,,,"0000092711","0000000000","Castle Rock town","A","+43079022","-090486031","43",3.08
"G550043015500","1990","WI",,,,,,,,,,,,"99","Grant","043","Clifton town","15500","T1","3","9999",,,,"9999","2","Wisconsin","55",,,,"0000092528","0000000028","Clifton town","A","+42899179","-090488359","43",3.06
"G550043017950","1990","WI",,,,,,,,,,,,"99","Grant","043","Cuba City city","17950","C5","3","9999",,,,"9999","2","Wisconsin","55",,,,"0000002503","0000000000","Cuba City city","F","+42603086","-090432530","25",2.52
"G550043020175","1990","WI",,,,,,,,,,,,"99","Grant","043","Dickeyville village","20175","C5","3","9999",,,,"9999","2","Wisconsin","55",,,,"0000002248","0000000000","Dickeyville village","F","+42625758","-090592082","47",2.64
"G550043023400","1990","WI",,,,,,,,,,,,"99","Grant","043","Ellenboro town","23400","T1","3","9999",,,,"9999","2","Wisconsin","55",,,,"0000093647","0000000000","Ellenboro town","A","+42808493","-090599192","43",3.10
"G550043025600","1990","WI",,,,,,,,,,,,"99","Grant","043","Fennimore city","25600","C5","3","9999",,,,"9999","2","Wisconsin","55",,,,"0000003802","0000000000","Fennimore city","F","+42980618","-090650638","25",2.45
"G550043025625","1990","WI",,,,,,,,,,,,"99","Grant","043","Fennimore town","25625","T1","3","9999",,,,"9999","2","Wisconsin","55",,,,"0000090071","0000000000","Fennimore town","A","+42985417","-090606105","43",2.94
"G550043029525","1990","WI",,,,,,,,,,,,"99","Grant","043","Glen Haven town","29525","T1","3","9999",,,,"9999","2","Wisconsin","55",,,,"0000088737","0000002903","Glen Haven town","A","+42811156","-091008585","43",2.99
"G550043032825","1990","WI",,,,,,,,,,,,"99","Grant","043","Harrison town","32825","T1","3","9999",,,,"9999","2","Wisconsin","55",,,,"0000093592","0000000000","Harrison town","A","+42725888","-090605219","43",3.20
"G550043033500","1990","WI",,,,,,,,,,,,"99","Grant","043","Hazel Green village","33500","C5","3","9999",,,,"9999","2","Wisconsin","55",,,,"0000002973","0000000000","Hazel Green village","F","+42534612","-090436187","47",2.77
"G550043033525","1990","WI",,,,,,,,,,,,"99","Grant","043","Hazel Green town","33525","T1","3","9999",,,,"9999","2","Wisconsin","55",,,,"0000091309","0000000000","Hazel Green town","A","+42548661","-090488419","43",3.41
"G550043034300","1990","WI",,,,,,,,,,,,"99","Grant","043","Hickory Grove town","34300","T1","3","9999",,,,"9999","2","Wisconsin","55",,,,"0000094156","0000000000","Hickory Grove town","A","+43073947","-090608663","43",3.22
"G550043037800","1990","WI",,,,,,,,,,,,"99","Grant","043","Jamestown town","37800","T1","3","9999",,,,"9999","2","Wisconsin","55",,,,"0000077897","0000006780","Jamestown town","A","+42555942","-090590581","43",3.16
"G550043042250","1990","WI",,,,,,,,,,,,"99","Grant","043","Lancaster city","42250","C5","3","9999",,,,"9999","2","Wisconsin","55",,,,"0000007027","0000000000","Lancaster city","F","+42848538","-090707989","25",2.45
"G550043043825","1990","WI",,,,,,,,,,,,"99","Grant","043","Liberty town","43825","T1","3","9999",,,,"9999","2","Wisconsin","55",,,,"0000094523","0000000000","Liberty town","A","+42892651","-090608916","43",2.92
"G550043044050","1990","WI",,,,,,,,,,,,"99","Grant","043","Lima town","44050","T1","3","9999",,,,"9999","2","Wisconsin","55",,,,"0000094660","0000000027","Lima town","A","+42816402","-090488522","43",3.10
"G550043045025","1990","WI",,,,,,,,,,,,"99","Grant","043","Little Grant town","45025","T1","3","9999",,,,"9999","2","Wisconsin","55",,,,"0000093270","0000000000","Little Grant town","A","+42900017","-090840046","43",3.41
"G550043045325","1990","WI",,,,,,,,,,,,"99","Grant","043","Livingston village","45325","C5","3","9999",,,,"9999","2","Wisconsin","55",,,,"0000002110","0000000000","Livingston village","F","+42900722","-090435962","47",2.36
"G550043049350","1990","WI",,,,,,,,,,,,"99","Grant","043","Marion town","49350","T1","3","9999",,,,"9999","2","Wisconsin","55",,,,"0000091861","0000000842","Marion town","A","+43075301","-090723635","43",3.10
"G550043052150","1990","WI",,,,,,,,,,,,"99","Grant","043","Millville town","52150","T1","3","9999",,,,"9999","2","Wisconsin","55",,,,"0000054344","0000001948","Millville town","A","+43022806","-090957257","43",2.86
"G550043053950","1990","WI",,,,,,,,,,,,"99","Grant","043","Montfort village","53950","C5","3","9999",,,,"9999","2","Wisconsin","55",,,,"0000001310","0000000000","Montfort village","F","+42969831","-090434066","47",2.53
"G550043054675","1990","WI",,,,,,,,,,,,"99","Grant","043","Mount Hope village","54675","C5","3","9999",,,,"9999","2","Wisconsin","55",,,,"0000000823","0000000000","Mount Hope village","F","+42969668","-090858593","47",2.34
"G550043054700","1990","WI",,,,,,,,,,,,"99","Grant","043","Mount Hope town","54700","T1","3","9999",,,,"9999","2","Wisconsin","55",,,,"0000077452","0000000000","Mount Hope town","A","+42980929","-090834422","43",3.12
"G550043054775","1990","WI",,,,,,,,,,,,"99","Grant","043","Mount Ida town","54775","T1","3","9999",,,,"9999","2","Wisconsin","55",,,,"0000094010","0000000000","Mount Ida town","A","+42986164","-090724961","43",3.09
"G550043055200","1990","WI",,,,,,,,,,,,"99","Grant","043","Muscoda village","55200","C5","3","9999",,,,"9999","2","Wisconsin","55",,,,"0000002326","0000000000","Muscoda village","F","+43188471","-090440650","47",2.34
"G550043055225","1990","WI",,,,,,,,,,,,"99","Grant","043","Muscoda town","55225","T1","3","9999",,,,"9999","2","Wisconsin","55",,,,"0000086866","0000002867","Muscoda town","A","+43158524","-090491483","43",2.71
"G550043058125","1990","WI",,,,,,,,,,,,"99","Grant","043","North Lancaster town","58125","T1","3","9999",,,,"9999","2","Wisconsin","55",,,,"0000093318","0000000028","North Lancaster town","A","+42896881","-090725716","43",3.49
"G550043061150","1990","WI",,,,,,,,,,,,"99","Grant","043","Paris town","61150","T1","3","9999",,,,"9999","2","Wisconsin","55",,,,"0000090986","0000001070","Paris town","A","+42635264","-090596732","43",3.42
"G550043061425","1990","WI",,,,,,,,,,,,"99","Grant","043","Patch Grove village","61425","C5","3","9999",,,,"9999","2","Wisconsin","55",,,,"0000001015","0000000000","Patch Grove village","F","+42939341","-090972654","47",2.30
"G550043061450","1990","WI",,,,,,,,,,,,"99","Grant","043","Patch Grove town","61450","T1","3","9999",,,,"9999","2","Wisconsin","55",,,,"0000085152","0000000000","Patch Grove town","A","+42947905","-090962593","43",3.50
"G550043063250","1990","WI",,,,,,,,,,,,"99","Grant","043","Platteville city","63250","C5","3","9999",,,,"9999","2","Wisconsin","55",,,,"0000010350","0000000000","Platteville city","F","+42735180","-090476866","25",2.43
"G550043063275","1990","WI",,,,,,,,,,,,"99","Grant","043","Platteville town","63275","T1","3","9999",,,,"9999","2","Wisconsin","55",,,,"0000083719","0000000000","Platteville town","A","+42724973","-090485071","43",2.95
"G550043064625","1990","WI",,,,,,,,,,,,"99","Grant","043","Potosi village","64625","C5","3","9999",,,,"9999","2","Wisconsin","55",,,,"0000003737","0000000024","Potosi village","F","+42689385","-090711029","47",2.55
"G550043064650","1990","WI",,,,,,,,,,,,"99","Grant","043","Potosi town","64650","T1","3","9999",,,,"9999","2","Wisconsin","55",,,,"0000120856","0000029072","Potosi town","A","+42697104","-090720974","43",3.15
"G550043074450","1990","WI",,,,,,,,,,,,"99","Grant","043","Smelser town","74450","T1","3","9999",,,,"9999","2","Wisconsin","55",,,,"0000090960","0000000000","Smelser town","A","+42638897","-090491981","43",3.26
"G550043075075","1990","WI",,,,,,,,,,,,"99","Grant","043","South Lancaster town","75075","T1","3","9999",,,,"9999","2","Wisconsin","55",,,,"0000088325","0000000000","South Lancaster town","A","+42811404","-090727218","43",3.12
"G550043079250","1990","WI",,,,,,,,,,,,"99","Grant","043","Tennyson village","79250","C5","3","9999",,,,"9999","2","Wisconsin","55",,,,"0000001087","0000000000","Tennyson village","F","+42689652","-090686628","47",2.72
"G550043083900","1990","WI",,,,,,,,,,,,"99","Grant","043","Waterloo town","83900","T1","3","9999",,,,"9999","2","Wisconsin","55",,,,"0000098879","0000016625","Waterloo town","A","+42724748","-090841569","43",2.87
"G550043084075","1990","WI",,,,,,,,,,,,"99","Grant","043","Watterstown town","84075","T1","3","9999",,,,"9999","2","Wisconsin","55",,,,"0000072050","0000002688","Watterstown town","A","+43161884","-090599296","43",2.98
"G550043087800","1990","WI",,,,,,,,,,,,"99","Grant","043","Wingville town","87800","T1","3","9999",,,,"9999","2","Wisconsin","55",,,,"0000091842","0000000026","Wingville town","A","+42991574","-090491413","43",3.15
"G550043088825","1990","WI",,,,,,,,,,,,"99","Grant","043","Woodman village","88825","C5","3","9999",,,,"9999","2","Wisconsin","55",,,,"0000000608","0000000000","Woodman village","F","+43090822","-090797919","47",2.67
"G550043088850","1990","WI",,,,,,,,,,,,"99","Grant","043","Woodman town","88850","T1","3","9999",,,,"9999","2","Wisconsin","55",,,,"0000069218","0000001999","Woodman town","A","+43053717","-090839718","43",2.89
"G550043089250","1990","WI",,,,,,,,,,,,"99","Grant","043","Wyalusing town","89250","T1","3","9999",,,,"9999","2","Wisconsin","55",,,,"0000103345","0000006916","Wyalusing town","A","+42952854","-091089966","43",2.60
"G550045000325","1990","WI",,,,,,,,,,,,"99","Green","045","Adams town","00325","T1","3","9999",,,,"9999","2","Wisconsin","55",,,,"0000093720","0000000000","Adams town","A","+42730154","-089780632","43",3.18
"G550045000750","1990","WI",,,,,,,,,,,,"99","Green","045","Albany village","00750","C5","3","9999",,,,"9999","2","Wisconsin","55",,,,"0000003301","0000000072","Albany village","F","+42707031","-089436841","47",2.55
"G550045000775","1990","WI",,,,,,,,,,,,"99","Green","045","Albany town","00775","T1","3","9999",,,,"9999","2","Wisconsin","55",,,,"0000088491","0000000410","Albany town","A","+42723619","-089428056","43",2.96
"G550045006300","1990","WI",,,,,,,,,,,,"99","Green","045","Belleville village","06300","C5","3","9999",,,,"9999","2","Wisconsin","55",,,,"0000000313","0000000000","Belleville village","F","+42856331","-089532036","47",2.14
"G550045009925","1990","WI",,,,,,,,,,,,"99","Green","045","Brodhead city","09925","C5","3","9999",,,,"9999","2","Wisconsin","55",,,,"0000004210","0000000000","Brodhead city","F","+42616690","-089376173","25",2.52
"G550045010075","1990","WI",,,,,,,,,,,,"99","Green","045","Brooklyn village","10075","C5","3","9999",,,,"9999","2","Wisconsin","55",,,,"0000001427","0000000000","Brooklyn village","F","+42849803","-089376094","47",2.59
"G550045010100","1990","WI",,,,,,,,,,,,"99","Green","045","Brooklyn town","10100","T1","3","9999",,,,"9999","2","Wisconsin","55",,,,"0000091888","0000000032","Brooklyn town","A","+42824336","-089424256","43",3.03
"G550045010475","1990","WI",,,,,,,,,,,,"99","Green","045","Browntown village","10475","C5","3","9999",,,,"9999","2","Wisconsin","55",,,,"0000002629","0000000000","Browntown village","F","+42577900","-089791365","47",2.61
"G550045011725","1990","WI",,,,,,,,,,,,"99","Green","045","Cadiz town","11725","T1","3","9999",,,,"9999","2","Wisconsin","55",,,,"0000094439","0000000371","Cadiz town","A","+42547688","-089777758","43",2.97
"G550045015000","1990","WI",,,,,,,,,,,,"99","Green","045","Clarno town","15000","T1","3","9999",,,,"9999","2","Wisconsin","55",,,,"0000094724","0000000000","Clarno town","A","+42546214","-089655058","43",2.89
"G550045019075","1990","WI",,,,,,,,,,,,"99","Green","045","Decatur town","19075","T1","3","9999",,,,"9999","2","Wisconsin","55",,,,"0000088569","0000000504","Decatur town","A","+42643485","-089427889","43",3.05
"G550045024725","1990","WI",,,,,,,,,,,,"99","Green","045","Exeter town","24725","T1","3","9999",,,,"9999","2","Wisconsin","55",,,,"0000091027","0000000000","Exeter town","A","+42810207","-089548328","43",3.01
"G550045037875","1990","WI",,,,,,,,,,,,"99","Green","045","Jefferson town","37875","T1","3","9999",,,,"9999","2","Wisconsin","55",,,,"0000100371","0000000026","Jefferson town","A","+42554061","-089541845","43",3.01
"G550045038550","1990","WI",,,,,,,,,,,,"99","Green","045","Jordan town","38550","T1","3","9999",,,,"9999","2","Wisconsin","55",,,,"0000093255","0000000020","Jordan town","A","+42640762","-089781540","43",2.99
"G550045053750","1990","WI",,,,,,,,,,,,"99","Green","045","Monroe city","53750","C5","3","9999",,,,"9999","2","Wisconsin","55",,,,"0000010407","0000000000","Monroe city","F","+42599781","-089643843","25",2.30
"G550045053775","1990","WI",,,,,,,,,,,,"99","Green","045","Monroe town","53775","T1","3","9999",,,,"9999","2","Wisconsin","55",,,,"0000086322","0000000018","Monroe town","A","+42642957","-089662011","43",2.99
"G550045054000","1990","WI",,,,,,,,,,,,"99","Green","045","Monticello village","54000","C5","3","9999",,,,"9999","2","Wisconsin","55",,,,"0000002924","0000000032","Monticello village","F","+42745803","-089589668","47",2.46
"G550045054850","1990","WI",,,,,,,,,,,,"99","Green","045","Mount Pleasant town","54850","T1","3","9999",,,,"9999","2","Wisconsin","55",,,,"0000088905","0000000007","Mount Pleasant town","A","+42723273","-089539433","43",2.98
"G550045056700","1990","WI",,,,,,,,,,,,"99","Green","045","New Glarus village","56700","C5","3","9999",,,,"9999","2","Wisconsin","55",,,,"0000003602","0000000000","New Glarus village","F","+42813192","-089634590","47",2.40
"G550045056725","1990","WI",,,,,,,,,,,,"99","Green","045","New Glarus town","56725","T1","3","9999",,,,"9999","2","Wisconsin","55",,,,"0000089994","0000000000","New Glarus town","A","+42808235","-089660721","43",3.01
"G550045076075","1990","WI",,,,,,,,,,,,"99","Green","045","Spring Grove town","76075","T1","3","9999",,,,"9999","2","Wisconsin","55",,,,"0000103146","0000000000","Spring Grove town","A","+42548326","-089428039","43",3.05
"G550045078875","1990","WI",,,,,,,,,,,,"99","Green","045","Sylvester town","78875","T1","3","9999",,,,"9999","2","Wisconsin","55",,,,"0000093035","0000000000","Sylvester town","A","+42637905","-089542834","43",2.98
"G550045083625","1990","WI",,,,,,,,,,,,"99","Green","045","Washington town","83625","T1","3","9999",,,,"9999","2","Wisconsin","55",,,,"0000092808","0000000000","Washington town","A","+42728822","-089654084","43",3.07
"G550045089475","1990","WI",,,,,,,,,,,,"99","Green","045","York town","89475","T1","3","9999",,,,"9999","2","Wisconsin","55",,,,"0000093173","0000000000","York town","A","+42811756","-089776944","43",3.33
"G550047006925","1990","WI",,,,,,,,,,,,"99","Green Lake","047","Berlin city","06925","C5","3","9999",,,,"9999","2","Wisconsin","55",,,,"0000013360","0000000684","Berlin city","F","+43967924","-088951261","25",2.45
"G550047006950","1990","WI",,,,,,,,,,,,"99","Green Lake","047","Berlin town","06950","T1","3","9999",,,,"9999","2","Wisconsin","55",,,,"0000076961","0000000821","Berlin town","A","+43936205","-088936445","43",2.95
"G550047010125","1990","WI",,,,,,,,,,,,"99","Green Lake","047","Brooklyn town","10125","T1","3","9999",,,,"9999","2","Wisconsin","55",,,,"0000092018","0000030598","Brooklyn town","A","+43844007","-088967367","43",2.56
"G550047031300","1990","WI",,,,,,,,,,,,"99","Green Lake","047","Green Lake city","31300","C5","3","9999",,,,"9999","2","Wisconsin","55",,,,"0000003382","0000000589","Green Lake city","F","+43842683","-088955695","25",2.16
"G550047031350","1990","WI",,,,,,,,,,,,"99","Green Lake","047","Green Lake town","31350","T1","3","9999",,,,"9999","2","Wisconsin","55",,,,"0000122413","0000003480","Green Lake town","A","+43749040","-088980867","43",2.63
"G550047039750","1990","WI",,,,,,,,,,,,"99","Green Lake","047","Kingston village","39750","C5","3","9999",,,,"9999","2","Wisconsin","55",,,,"0000003509","0000000449","Kingston village","F","+43693582","-089131265","47",2.72
"G550047039775","1990","WI",,,,,,,,,,,,"99","Green Lake","047","Kingston town","39775","T1","3","9999",,,,"9999","2","Wisconsin","55",,,,"0000074678","0000001512","Kingston town","A","+43680853","-089186937","43",3.17
"G550047046875","1990","WI",,,,,,,,,,,,"99","Green Lake","047","Mackford town","46875","T1","3","9999",,,,"9999","2","Wisconsin","55",,,,"0000087029","0000001810","Mackford town","A","+43669762","-088945599","43",3.11
"G550047048400","1990","WI",,,,,,,,,,,,"99","Green Lake","047","Manchester town","48400","T1","3","9999",,,,"9999","2","Wisconsin","55",,,,"0000090386","0000001257","Manchester town","A","+43674896","-089067737","43",2.92
"G550047049450","1990","WI",,,,,,,,,,,,"99","Green Lake","047","Markesan city","49450","C5","3","9999",,,,"9999","2","Wisconsin","55",,,,"0000005951","0000000000","Markesan city","F","+43709224","-088989691","25",2.47
"G550047049500","1990","WI",,,,,,,,,,,,"99","Green Lake","047","Marquette village","49500","C5","3","9999",,,,"9999","2","Wisconsin","55",,,,"0000001975","0000000000","Marquette village","F","+43742211","-089138791","47",2.56
"G550047049525","1990","WI",,,,,,,,,,,,"99","Green Lake","047","Marquette town","49525","T1","3","9999",,,,"9999","2","Wisconsin","55",,,,"0000078669","0000025545","Marquette town","A","+43737851","-089146186","43",2.65
"G550047065600","1990","WI",,,,,,,,,,,,"99","Green Lake","047","Princeton city","65600","C5","3","9999",,,,"9999","2","Wisconsin","55",,,,"0000004188","0000000000","Princeton city","F","+43852249","-089129465","25",2.32
"G550047065625","1990","WI",,,,,,,,,,,,"99","Green Lake","047","Princeton town","65625","T1","3","9999",,,,"9999","2","Wisconsin","55",,,,"0000091552","0000000765","Princeton town","A","+43830347","-089128660","43",2.50
"G550047070925","1990","WI",,,,,,,,,,,,"99","Green Lake","047","St. Marie town","70925","T1","3","9999",,,,"9999","2","Wisconsin","55",,,,"0000086766","0000000053","St. Marie town","A","+43884826","-089085802","43",2.83
"G550047072525","1990","WI",,,,,,,,,,,,"99","Green Lake","047","Seneca town","72525","T1","3","9999",,,,"9999","2","Wisconsin","55",,,,"0000084813","0000000180","Seneca town","A","+43946931","-089089393","43",2.95
"G550049002550","1990","WI",,,,,,,,,,,,"99","Iowa","049","Arena village","02550","C5","3","9999",,,,"9999","2","Wisconsin","55",,,,"0000002114","0000000012","Arena village","F","+43163333","-089913206","47",2.81
"G550049002575","1990","WI",,,,,,,,,,,,"99","Iowa","049","Arena town","02575","T1","3","9999",,,,"9999","2","Wisconsin","55",,,,"0000202864","0000003792","Arena town","A","+43127484","-089932741","43",2.83
"G550049004025","1990","WI",,,,,,,,,,,,"99","Iowa","049","Avoca village","04025","C5","3","9999",,,,"9999","2","Wisconsin","55",,,,"0000005880","0000000329","Avoca village","F","+43188247","-090325186","47",2.32
"G550049004775","1990","WI",,,,,,,,,,,,"99","Iowa","049","Barneveld village","04775","C5","3","9999",,,,"9999","2","Wisconsin","55",,,,"0000003342","0000000000","Barneveld village","F","+43014537","-089895910","47",2.61
"G550049008125","1990","WI",,,,,,,,,,,,"99","Iowa","049","Blanchardville village","08125","C5","3","9999",,,,"9999","2","Wisconsin","55",,,,"0000000193","0000000000","Blanchardville village","F","+42815754","-089860214","47",2.74
"G550049009600","1990","WI",,,,,,,,,,,,"99","Iowa","049","Brigham town","09600","T1","3","9999",,,,"9999","2","Wisconsin","55",,,,"0000166107","0000000061","Brigham town","A","+42994851","-089895881","43",2.96
"G550049015875","1990","WI",,,,,,,,,,,,"99","Iowa","049","Clyde town","15875","T1","3","9999",,,,"9999","2","Wisconsin","55",,,,"0000088440","0000001292","Clyde town","A","+43131504","-090220079","43",2.92
"G550049015975","1990","WI",,,,,,,,,,,,"99","Iowa","049","Cobb village","15975","C5","3","9999",,,,"9999","2","Wisconsin","55",,,,"0000002329","0000000000","Cobb village","F","+42965273","-090329348","47",2.44
"G550049020350","1990","WI",,,,,,,,,,,,"99","Iowa","049","Dodgeville city","20350","C5","3","9999",,,,"9999","2","Wisconsin","55",,,,"0000008618","0000000000","Dodgeville city","F","+42963811","-090130018","25",2.48
"G550049020375","1990","WI",,,,,,,,,,,,"99","Iowa","049","Dodgeville town","20375","T1","3","9999",,,,"9999","2","Wisconsin","55",,,,"0000233420","0000001046","Dodgeville town","A","+43011612","-090123304","43",2.90
"G550049022525","1990","WI",,,,,,,,,,,,"99","Iowa","049","Eden town","22525","T1","3","9999",,,,"9999","2","Wisconsin","55",,,,"0000091151","0000000300","Eden town","A","+42974260","-090349436","43",3.07
"G550049034450","1990","WI",,,,,,,,,,,,"99","Iowa","049","Highland village","34450","C5","3","9999",,,,"9999","2","Wisconsin","55",,,,"0000002805","0000000000","Highland village","F","+43046356","-090378959","47",2.64
"G550049034475","1990","WI",,,,,,,,,,,,"99","Iowa","049","Highland town","34475","T1","3","9999",,,,"9999","2","Wisconsin","55",,,,"0000167591","0000000554","Highland town","A","+43066358","-090343962","43",3.10
"G550049035400","1990","WI",,,,,,,,,,,,"99","Iowa","049","Hollandale village","35400","C5","3","9999",,,,"9999","2","Wisconsin","55",,,,"0000001787","0000000000","Hollandale village","F","+42876122","-089933288","47",2.35
"G550049044625","1990","WI",,,,,,,,,,,,"99","Iowa","049","Linden village","44625","C5","3","9999",,,,"9999","2","Wisconsin","55",,,,"0000002000","0000000000","Linden village","F","+42919199","-090273959","47",2.63
"G550049044650","1990","WI",,,,,,,,,,,,"99","Iowa","049","Linden town","44650","T1","3","9999",,,,"9999","2","Wisconsin","55",,,,"0000157123","0000000020","Linden town","A","+42917408","-090260229","43",2.80
"G550049045325","1990","WI",,,,,,,,,,,,"99","Iowa","049","Livingston village","45325","C5","3","9999",,,,"9999","2","Wisconsin","55",,,,"0000000550","0000000000","Livingston village","F","+42899728","-090425424","47",2.50
"G550049051725","1990","WI",,,,,,,,,,,,"99","Iowa","049","Mifflin town","51725","T1","3","9999",,,,"9999","2","Wisconsin","55",,,,"0000131278","0000000000","Mifflin town","A","+42879602","-090364456","43",3.19
"G550049053100","1990","WI",,,,,,,,,,,,"99","Iowa","049","Mineral Point city","53100","C5","3","9999",,,,"9999","2","Wisconsin","55",,,,"0000007526","0000000000","Mineral Point city","F","+42861927","-090183084","25",2.41
"G550049053125","1990","WI",,,,,,,,,,,,"99","Iowa","049","Mineral Point town","53125","T1","3","9999",,,,"9999","2","Wisconsin","55",,,,"0000153192","0000000244","Mineral Point town","A","+42867170","-090151961","43",3.05
"G550049053950","1990","WI",,,,,,,,,,,,"99","Iowa","049","Montfort village","53950","C5","3","9999",,,,"9999","2","Wisconsin","55",,,,"0000000057","0000000000","Montfort village","F","+42969445","-090426534","47",3.31
"G550049054425","1990","WI",,,,,,,,,,,,"99","Iowa","049","Moscow town","54425","T1","3","9999",,,,"9999","2","Wisconsin","55",,,,"0000107136","0000000017","Moscow town","A","+42868318","-089902341","43",3.16
"G550049055200","1990","WI",,,,,,,,,,,,"99","Iowa","049","Muscoda village","55200","C5","3","9999",,,,"9999","2","Wisconsin","55",,,,"0000001075","0000000000","Muscoda village","F","+43179863","-090418951","47",2.00
"G550049065700","1990","WI",,,,,,,,,,,,"99","Iowa","049","Pulaski town","65700","T1","3","9999",,,,"9999","2","Wisconsin","55",,,,"0000112151","0000003487","Pulaski town","A","+43159421","-090350165","43",2.97
"G550049067100","1990","WI",,,,,,,,,,,,"99","Iowa","049","Rewey village","67100","C5","3","9999",,,,"9999","2","Wisconsin","55",,,,"0000001286","0000000000","Rewey village","F","+42841896","-090396337","47",2.47
"G550049067875","1990","WI",,,,,,,,,,,,"99","Iowa","049","Ridgeway village","67875","C5","3","9999",,,,"9999","2","Wisconsin","55",,,,"0000003274","0000000000","Ridgeway village","F","+42999153","-089992203","47",2.55
"G550049067900","1990","WI",,,,,,,,,,,,"99","Iowa","049","Ridgeway town","67900","T1","3","9999",,,,"9999","2","Wisconsin","55",,,,"0000110589","0000000071","Ridgeway town","A","+42990705","-089991462","43",2.98
"G550049083150","1990","WI",,,,,,,,,,,,"99","Iowa","049","Waldwick town","83150","T1","3","9999",,,,"9999","2","Wisconsin","55",,,,"0000108646","0000000000","Waldwick town","A","+42857465","-090022427","43",2.99
"G550049089350","1990","WI",,,,,,,,,,,,"99","Iowa","049","Wyoming town","89350","T1","3","9999",,,,"9999","2","Wisconsin","55",,,,"0000102988","0000002791","Wyoming town","A","+43121677","-090108974","43",2.70
"G550051001925","1990","WI",,,,,,,,,,,,"99","Iron","051","Anderson town","01925","T1","3","9999",,,,"9999","2","Wisconsin","55",,,,"0000215467","0000001100","Anderson town","A","+46343728","-090465517","43",2.23
"G550051012525","1990","WI",,,,,,,,,,,,"99","Iron","051","Carey town","12525","T1","3","9999",,,,"9999","2","Wisconsin","55",,,,"0000107628","0000003800","Carey town","A","+46315576","-090230555","43",2.50
"G550051031875","1990","WI",,,,,,,,,,,,"99","Iron","051","Gurney town","31875","T1","3","9999",,,,"9999","2","Wisconsin","55",,,,"0000096010","0000000000","Gurney town","A","+46478115","-090506211","43",2.98
"G550051036525","1990","WI",,,,,,,,,,,,"99","Iron","051","Hurley city","36525","C5","3","9999",,,,"9999","2","Wisconsin","55",,,,"0000008157","0000000419","Hurley city","F","+46444265","-090196466","25",2.19
"G550051039625","1990","WI",,,,,,,,,,,,"99","Iron","051","Kimball town","39625","T1","3","9999",,,,"9999","2","Wisconsin","55",,,,"0000096074","0000000055","Kimball town","A","+46474688","-090281521","43",2.73
"G550051040075","1990","WI",,,,,,,,,,,,"99","Iron","051","Knight town","40075","T1","3","9999",,,,"9999","2","Wisconsin","55",,,,"0000243684","0000002588","Knight town","A","+46264230","-090360747","43",2.10
"G550051051200","1990","WI",,,,,,,,,,,,"99","Iron","051","Mercer town","51200","T1","3","9999",,,,"9999","2","Wisconsin","55",,,,"0000435253","0000043301","Mercer town","A","+46163478","-090124937","43",2.21
"G550051054075","1990","WI",,,,,,,,,,,,"99","Iron","051","Montreal city","54075","C5","3","9999",,,,"9999","2","Wisconsin","55",,,,"0000005802","0000000025","Montreal city","F","+46430482","-090238795","25",2.40
"G550051059850","1990","WI",,,,,,,,,,,,"99","Iron","051","Oma town","59850","T1","3","9999",,,,"9999","2","Wisconsin","55",,,,"0000193521","0000007860","Oma town","A","+46283615","-090088185","43",2.28
"G550051061825","1990","WI",,,,,,,,,,,,"99","Iron","051","Pence town","61825","T1","3","9999",,,,"9999","2","Wisconsin","55",,,,"0000083314","0000010198","Pence town","A","+46360044","-090273752","43",2.51
"G550051071875","1990","WI",,,,,,,,,,,,"99","Iron","051","Saxon town","71875","T1","3","9999",,,,"9999","2","Wisconsin","55",,,,"0000170957","0000000166","Saxon town","A","+46500830","-090422686","43",2.77
"G550051073400","1990","WI",,,,,,,,,,,,"99","Iron","051","Sherman town","73400","T1","3","9999",,,,"9999","2","Wisconsin","55",,,,"0000305492","0000048244","Sherman town","A","+46048316","-090084007","43",2.21
"G550053000350","1990","WI",,,,,,,,,,,,"99","Jackson","053","Adams town","00350","T1","3","9999",,,,"9999","2","Wisconsin","55",,,,"0000093546","0000002685","Adams town","A","+44353081","-090830536","43",2.75
"G550053000900","1990","WI",,,,,,,,,,,,"99","Jackson","053","Albion town","00900","T1","3","9999",,,,"9999","2","Wisconsin","55",,,,"0000118067","0000000529","Albion town","A","+44282334","-090959246","43",2.71
"G550053001275","1990","WI",,,,,,,,,,,,"99","Jackson","053","Alma town","01275","T1","3","9999",,,,"9999","2","Wisconsin","55",,,,"0000150079","0000000069","Alma town","A","+44430357","-090862771","43",2.84
"G550053001300","1990","WI",,,,,,,,,,,,"99","Jackson","053","Alma Center village","01300","C5","3","9999",,,,"9999","2","Wisconsin","55",,,,"0000002613","0000000000","Alma Center village","F","+44436635","-090913015","47",2.45
"G550053005550","1990","WI",,,,,,,,,,,,"99","Jackson","053","Bear Bluff town","05550","T1","3","9999",,,,"9999","2","Wisconsin","55",,,,"0000137408","0000007829","Bear Bluff town","A","+44223672","-090383138","43",2.98
"G550053007900","1990","WI",,,,,,,,,,,,"99","Jackson","053","Black River Falls city","07900","C5","3","9999",,,,"9999","2","Wisconsin","55",,,,"0000007610","0000000250","Black River Falls city","F","+44298712","-090846998","25",2.22
"G550053009900","1990","WI",,,,,,,,,,,,"99","Jackson","053","Brockway town","09900","T1","3","9999",,,,"9999","2","Wisconsin","55",,,,"0000123762","0000002000","Brockway town","A","+44287810","-090771481","43",2.67
"G550053014800","1990","WI",,,,,,,,,,,,"99","Jackson","053","City Point town","14800","T1","3","9999",,,,"9999","2","Wisconsin","55",,,,"0000230776","0000002943","City Point town","A","+44357559","-090430599","43",2.54
"G550053015375","1990","WI",,,,,,,,,,,,"99","Jackson","053","Cleveland town","15375","T1","3","9999",,,,"9999","2","Wisconsin","55",,,,"0000092875","0000000000","Cleveland town","A","+44553592","-090972231","43",2.76
"G550053018075","1990","WI",,,,,,,,,,,,"99","Jackson","053","Curran town","18075","T1","3","9999",,,,"9999","2","Wisconsin","55",,,,"0000093774","0000000000","Curran town","A","+44375221","-091102103","43",2.97
"G550053027225","1990","WI",,,,,,,,,,,,"99","Jackson","053","Franklin town","27225","T1","3","9999",,,,"9999","2","Wisconsin","55",,,,"0000094827","0000000000","Franklin town","A","+44209966","-091084915","43",2.82
"G550053028250","1990","WI",,,,,,,,,,,,"99","Jackson","053","Garden Valley town","28250","T1","3","9999",,,,"9999","2","Wisconsin","55",,,,"0000093776","0000000000","Garden Valley town","A","+44466786","-090988764","43",3.11
"G550053028325","1990","WI",,,,,,,,,,,,"99","Jackson","053","Garfield town","28325","T1","3","9999",,,,"9999","2","Wisconsin","55",,,,"0000093126","0000000024","Garfield town","A","+44545540","-091104934","43",2.80
"G550053035075","1990","WI",,,,,,,,,,,,"99","Jackson","053","Hixton village","35075","C5","3","9999",,,,"9999","2","Wisconsin","55",,,,"0000002142","0000000000","Hixton village","F","+44384030","-091011053","47",2.14
"G550053035100","1990","WI",,,,,,,,,,,,"99","Jackson","053","Hixton town","35100","T1","3","9999",,,,"9999","2","Wisconsin","55",,,,"0000090970","0000000091","Hixton town","A","+44374107","-090981516","43",2.94
"G550053037275","1990","WI",,,,,,,,,,,,"99","Jackson","053","Irving town","37275","T1","3","9999",,,,"9999","2","Wisconsin","55",,,,"0000113697","0000001344","Irving town","A","+44206215","-090966477","43",2.99
"G550053040000","1990","WI",,,,,,,,,,,,"99","Jackson","053","Knapp town","40000","T1","3","9999",,,,"9999","2","Wisconsin","55",,,,"0000179045","0000006269","Knapp town","A","+44256097","-090504327","43",2.68
"G550053040325","1990","WI",,,,,,,,,,,,"99","Jackson","053","Komensky town","40325","T1","3","9999",,,,"9999","2","Wisconsin","55",,,,"0000152656","0000001402","Komensky town","A","+44383151","-090654566","43",3.29
"G550053048425","1990","WI",,,,,,,,,,,,"99","Jackson","053","Manchester town","48425","T1","3","9999",,,,"9999","2","Wisconsin","55",,,,"0000166410","0000000484","Manchester town","A","+44203982","-090780352","43",2.71
"G550053050750","1990","WI",,,,,,,,,,,,"99","Jackson","053","Melrose village","50750","C5","3","9999",,,,"9999","2","Wisconsin","55",,,,"0000002033","0000000079","Melrose village","F","+44132030","-090996847","47",2.32
"G550053050775","1990","WI",,,,,,,,,,,,"99","Jackson","053","Melrose town","50775","T1","3","9999",,,,"9999","2","Wisconsin","55",,,,"0000069418","0000001639","Melrose town","A","+44115578","-091009433","43",2.81
"G550053051300","1990","WI",,,,,,,,,,,,"99","Jackson","053","Merrillan village","51300","C5","3","9999",,,,"9999","2","Wisconsin","55",,,,"0000003252","0000000180","Merrillan village","F","+44450990","-090836624","47",2.51
"G550053052050","1990","WI",,,,,,,,,,,,"99","Jackson","053","Millston town","52050","T1","3","9999",,,,"9999","2","Wisconsin","55",,,,"0000183754","0000003794","Millston town","A","+44242132","-090626724","43",2.11
"G550053057775","1990","WI",,,,,,,,,,,,"99","Jackson","053","North Bend town","57775","T1","3","9999",,,,"9999","2","Wisconsin","55",,,,"0000071969","0000001346","North Bend town","A","+44120966","-091101874","43",2.81
"G550053057975","1990","WI",,,,,,,,,,,,"99","Jackson","053","Northfield town","57975","T1","3","9999",,,,"9999","2","Wisconsin","55",,,,"0000093122","0000000110","Northfield town","A","+44471254","-091100033","43",2.55
"G550053075900","1990","WI",,,,,,,,,,,,"99","Jackson","053","Springfield town","75900","T1","3","9999",,,,"9999","2","Wisconsin","55",,,,"0000094527","0000000051","Springfield town","A","+44289063","-091108092","43",2.90
"G550053079150","1990","WI",,,,,,,,,,,,"99","Jackson","053","Taylor village","79150","C5","3","9999",,,,"9999","2","Wisconsin","55",,,,"0000001831","0000000000","Taylor village","F","+44322059","-091121228","47",2.45
"G550055004125","1990","WI",,,,,,,,,,,,"99","Jefferson","055","Aztalan town","04125","T1","3","9999",,,,"9999","2","Wisconsin","55",,,,"0000065602","0000001611","Aztalan town","A","+43054434","-088837105","43",2.91
"G550055012225","1990","WI",,,,,,,,,,,,"99","Jefferson","055","Cambridge village","12225","C5","3","9999",,,,"9999","2","Wisconsin","55",,,,"0000000415","0000000000","Cambridge village","F","+43011796","-089011152","47",2.16
"G550055016225","1990","WI",,,,,,,,,,,,"99","Jefferson","055","Cold Spring town","16225","T1","3","9999",,,,"9999","2","Wisconsin","55",,,,"0000063166","0000000134","Cold Spring town","A","+42880576","-088717672","43",2.91
"G550055016650","1990","WI",,,,,,,,,,,,"99","Jefferson","055","Concord town","16650","T1","3","9999",,,,"9999","2","Wisconsin","55",,,,"0000093283","0000001437","Concord town","A","+43069573","-088599656","43",2.87
"G550055025300","1990","WI",,,,,,,,,,,,"99","Jefferson","055","Farmington town","25300","T1","3","9999",,,,"9999","2","Wisconsin","55",,,,"0000094690","0000000264","Farmington town","A","+43060306","-088714045","43",3.14
"G550055026675","1990","WI",,,,,,,,,,,,"99","Jefferson","055","Fort Atkinson city","26675","C5","3","9999",,,,"9999","2","Wisconsin","55",,,,"0000011179","0000000245","Fort Atkinson city","F","+42926675","-088841527","25",2.54
"G550055033700","1990","WI",,,,,,,,,,,,"99","Jefferson","055","Hebron town","33700","T1","3","9999",,,,"9999","2","Wisconsin","55",,,,"0000074719","0000000250","Hebron town","A","+42932073","-088718771","43",2.88
"G550055037600","1990","WI",,,,,,,,,,,,"99","Jefferson","055","Ixonia town","37600","T1","3","9999",,,,"9999","2","Wisconsin","55",,,,"0000093094","0000001549","Ixonia town","A","+43147888","-088596512","43",3.06
"G550055037900","1990","WI",,,,,,,,,,,,"99","Jefferson","055","Jefferson city","37900","C5","3","9999",,,,"9999","2","Wisconsin","55",,,,"0000010933","0000000513","Jefferson city","F","+43006436","-088808069","25",2.49
"G550055037925","1990","WI",,,,,,,,,,,,"99","Jefferson","055","Jefferson town","37925","T1","3","9999",,,,"9999","2","Wisconsin","55",,,,"0000112974","0000001188","Jefferson town","A","+42986968","-088790660","43",2.87
"G550055038350","1990","WI",,,,,,,,,,,,"99","Jefferson","055","Johnson Creek village","38350","C5","3","9999",,,,"9999","2","Wisconsin","55",,,,"0000003102","0000000000","Johnson Creek village","F","+43079808","-088773916","47",2.76
"G550055040375","1990","WI",,,,,,,,,,,,"99","Jefferson","055","Koshkonong town","40375","T1","3","9999",,,,"9999","2","Wisconsin","55",,,,"0000111526","0000002443","Koshkonong town","A","+42883560","-088847688","43",2.80
"G550055041675","1990","WI",,,,,,,,,,,,"99","Jefferson","055","Lake Mills city","41675","C5","3","9999",,,,"9999","2","Wisconsin","55",,,,"0000007306","0000001027","Lake Mills city","F","+43074024","-088907965","25",2.51
"G550055041700","1990","WI",,,,,,,,,,,,"99","Jefferson","055","Lake Mills town","41700","T1","3","9999",,,,"9999","2","Wisconsin","55",,,,"0000080620","0000005459","Lake Mills town","A","+43063779","-088962926","43",2.85
"G550055051850","1990","WI",,,,,,,,,,,,"99","Jefferson","055","Milford town","51850","T1","3","9999",,,,"9999","2","Wisconsin","55",,,,"0000087698","0000003077","Milford town","A","+43143473","-088838071","43",2.88
"G550055059125","1990","WI",,,,,,,,,,,,"99","Jefferson","055","Oakland town","59125","T1","3","9999",,,,"9999","2","Wisconsin","55",,,,"0000090337","0000003272","Oakland town","A","+42972207","-088958420","43",2.65
"G550055061025","1990","WI",,,,,,,,,,,,"99","Jefferson","055","Palmyra village","61025","C5","3","9999",,,,"9999","2","Wisconsin","55",,,,"0000003002","0000000092","Palmyra village","F","+42878989","-088588110","47",2.71
"G550055061050","1990","WI",,,,,,,,,,,,"99","Jefferson","055","Palmyra town","61050","T1","3","9999",,,,"9999","2","Wisconsin","55",,,,"0000090253","0000000978","Palmyra town","A","+42883528","-088598972","43",2.82
"G550055078175","1990","WI",,,,,,,,,,,,"99","Jefferson","055","Sullivan village","78175","C5","3","9999",,,,"9999","2","Wisconsin","55",,,,"0000002907","0000000000","Sullivan village","F","+43012549","-088589536","47",2.48
"G550055078200","1990","WI",,,,,,,,,,,,"99","Jefferson","055","Sullivan town","78200","T1","3","9999",,,,"9999","2","Wisconsin","55",,,,"0000089797","0000002207","Sullivan town","A","+42974993","-088601646","43",2.89
"G550055078475","1990","WI",,,,,,,,,,,,"99","Jefferson","055","Sumner town","78475","T1","3","9999",,,,"9999","2","Wisconsin","55",,,,"0000042158","0000038879","Sumner town","A","+42893794","-088962516","43",2.54
"G550055083925","1990","WI",,,,,,,,,,,,"99","Jefferson","055","Waterloo city","83925","C5","3","9999",,,,"9999","2","Wisconsin","55",,,,"0000010121","0000000063","Waterloo city","F","+43183034","-088989856","25",2.59
"G550055083950","1990","WI",,,,,,,,,,,,"99","Jefferson","055","Waterloo town","83950","T1","3","9999",,,,"9999","2","Wisconsin","55",,,,"0000083713","0000000000","Waterloo town","A","+43146661","-088942325","43",2.83
"G550055083975","1990","WI",,,,,,,,,,,,"99","Jefferson","055","Watertown city","83975","C5","3","9999",,,,"9999","2","Wisconsin","55",,,,"0000016277","0000000582","Watertown city","F","+43182732","-088724456","25",2.56
"G550055084000","1990","WI",,,,,,,,,,,,"99","Jefferson","055","Watertown town","84000","T1","3","9999",,,,"9999","2","Wisconsin","55",,,,"0000101312","0000001385","Watertown town","A","+43148287","-088732404","43",2.88
"G550055086925","1990","WI",,,,,,,,,,,,"99","Jefferson","055","Whitewater city","86925","C5","3","9999",,,,"9999","2","Wisconsin","55",,,,"0000002611","0000000000","Whitewater city","F","+42845792","-088744440","25",2.51
"G550057002850","1990","WI",,,,,,,,,,,,"99","Juneau","057","Armenia town","02850","T1","3","9999",,,,"9999","2","Wisconsin","55",,,,"0000170949","0000030286","Armenia town","A","+44178831","-090010803","43",2.83
"G550057012350","1990","WI",,,,,,,,,,,,"99","Juneau","057","Camp Douglas village","12350","C5","3","9999",,,,"9999","2","Wisconsin","55",,,,"0000002467","0000000000","Camp Douglas village","F","+43918914","-090268913","47",2.46
"G550057015225","1990","WI",,,,,,,,,,,,"99","Juneau","057","Clearfield town","15225","T1","3","9999",,,,"9999","2","Wisconsin","55",,,,"0000092812","0000000000","Clearfield town","A","+43945013","-090137569","43",2.50
"G550057018225","1990","WI",,,,,,,,,,,,"99","Juneau","057","Cutler town","18225","T1","3","9999",,,,"9999","2","Wisconsin","55",,,,"0000135129","0000004830","Cutler town","A","+44044982","-090253585","43",2.47
"G550057023800","1990","WI",,,,,,,,,,,,"99","Juneau","057","Elroy city","23800","C5","3","9999",,,,"9999","2","Wisconsin","55",,,,"0000004420","0000000000","Elroy city","F","+43742743","-090272358","25",2.45
"G550057025850","1990","WI",,,,,,,,,,,,"99","Juneau","057","Finley town","25850","T1","3","9999",,,,"9999","2","Wisconsin","55",,,,"0000099151","0000000784","Finley town","A","+44200502","-090137801","43",2.54
"G550057026825","1990","WI",,,,,,,,,,,,"99","Juneau","057","Fountain town","26825","T1","3","9999",,,,"9999","2","Wisconsin","55",,,,"0000080286","0000000000","Fountain town","A","+43853763","-090258250","43",3.14
"G550057028850","1990","WI",,,,,,,,,,,,"99","Juneau","057","Germantown town","28850","T1","3","9999",,,,"9999","2","Wisconsin","55",,,,"0000086051","0000030491","Germantown town","A","+43915619","-090022084","43",2.02
"G550057036675","1990","WI",,,,,,,,,,,,"99","Juneau","057","Hustler village","36675","C5","3","9999",,,,"9999","2","Wisconsin","55",,,,"0000001210","0000000000","Hustler village","F","+43879339","-090268242","47",2.13
"G550057039575","1990","WI",,,,,,,,,,,,"99","Juneau","057","Kildare town","39575","T1","3","9999",,,,"9999","2","Wisconsin","55",,,,"0000071932","0000001190","Kildare town","A","+43728653","-089908834","43",2.94
"G550057039800","1990","WI",,,,,,,,,,,,"99","Juneau","057","Kingston town","39800","T1","3","9999",,,,"9999","2","Wisconsin","55",,,,"0000141355","0000006508","Kingston town","A","+44176795","-090252992","43",3.00
"G550057043300","1990","WI",,,,,,,,,,,,"99","Juneau","057","Lemonweir town","43300","T1","3","9999",,,,"9999","2","Wisconsin","55",,,,"0000111330","0000000123","Lemonweir town","A","+43784538","-090017731","43",2.85
"G550057044675","1990","WI",,,,,,,,,,,,"99","Juneau","057","Lindina town","44675","T1","3","9999",,,,"9999","2","Wisconsin","55",,,,"0000086784","0000000000","Lindina town","A","+43784385","-090134622","43",2.84
"G550057044825","1990","WI",,,,,,,,,,,,"99","Juneau","057","Lisbon town","44825","T1","3","9999",,,,"9999","2","Wisconsin","55",,,,"0000073933","0000000069","Lisbon town","A","+43856765","-090132263","43",2.71
"G550057046525","1990","WI",,,,,,,,,,,,"99","Juneau","057","Lyndon town","46525","T1","3","9999",,,,"9999","2","Wisconsin","55",,,,"0000073419","0000003371","Lyndon town","A","+43668547","-089868069","43",2.79
"G550057046600","1990","WI",,,,,,,,,,,,"99","Juneau","057","Lyndon Station village","46600","C5","3","9999",,,,"9999","2","Wisconsin","55",,,,"0000005161","0000000000","Lyndon Station village","F","+43710098","-089894433","47",2.48
"G550057049375","1990","WI",,,,,,,,,,,,"99","Juneau","057","Marion town","49375","T1","3","9999",,,,"9999","2","Wisconsin","55",,,,"0000060837","0000002437","Marion town","A","+43821053","-089942965","43",2.47
"G550057050025","1990","WI",,,,,,,,,,,,"99","Juneau","057","Mauston city","50025","C5","3","9999",,,,"9999","2","Wisconsin","55",,,,"0000007537","0000001137","Mauston city","F","+43800563","-090081053","25",2.32
"G550057055700","1990","WI",,,,,,,,,,,,"99","Juneau","057","Necedah village","55700","C5","3","9999",,,,"9999","2","Wisconsin","55",,,,"0000006672","0000000822","Necedah village","F","+44024568","-090071711","47",2.66
"G550057055725","1990","WI",,,,,,,,,,,,"99","Juneau","057","Necedah town","55725","T1","3","9999",,,,"9999","2","Wisconsin","55",,,,"0000203071","0000011813","Necedah town","A","+44062625","-090105253","43",2.81
"G550057056900","1990","WI",,,,,,,,,,,,"99","Juneau","057","New Lisbon city","56900","C5","3","9999",,,,"9999","2","Wisconsin","55",,,,"0000006139","0000000560","New Lisbon city","F","+43878560","-090164688","25",2.54
"G550057060150","1990","WI",,,,,,,,,,,,"99","Juneau","057","Orange town","60150","T1","3","9999",,,,"9999","2","Wisconsin","55",,,,"0000090997","0000000037","Orange town","A","+43941397","-090250527","43",2.78
"G550057063650","1990","WI",,,,,,,,,,,,"99","Juneau","057","Plymouth town","63650","T1","3","9999",,,,"9999","2","Wisconsin","55",,,,"0000089691","0000000064","Plymouth town","A","+43781229","-090249736","43",2.85
"G550057072625","1990","WI",,,,,,,,,,,,"99","Juneau","057","Seven Mile Creek town","72625","T1","3","9999",,,,"9999","2","Wisconsin","55",,,,"0000094208","0000000009","Seven Mile Creek town","A","+43682773","-090016993","43",3.11
"G550057078300","1990","WI",,,,,,,,,,,,"99","Juneau","057","Summit town","78300","T1","3","9999",,,,"9999","2","Wisconsin","55",,,,"0000095634","0000000034","Summit town","A","+43684425","-090136506","43",3.06
"G550057081725","1990","WI",,,,,,,,,,,,"99","Juneau","057","Union Center village","81725","C5","3","9999",,,,"9999","2","Wisconsin","55",,,,"0000001768","0000000000","Union Center village","F","+43684069","-090263171","47",2.35
"G550057088500","1990","WI",,,,,,,,,,,,"99","Juneau","057","Wonewoc village","88500","C5","3","9999",,,,"9999","2","Wisconsin","55",,,,"0000002688","0000000000","Wonewoc village","F","+43653066","-090223959","47",2.12
"G550057088525","1990","WI",,,,,,,,,,,,"99","Juneau","057","Wonewoc town","88525","T1","3","9999",,,,"9999","2","Wisconsin","55",,,,"0000092699","0000000042","Wonewoc town","A","+43691069","-090255043","43",2.79
"G550059009675","1990","WI",,,,,,,,,,,,"14","Kenosha","059","Brighton town","09675","T1","3","1602",,,,"3800","2","Wisconsin","55",,,,"0000092693","0000000478","Brighton town","A","+42628722","-088124967","43",2.99
"G550059009825","1990","WI",,,,,,,,,,,,"14","Kenosha","059","Bristol town","09825","T1","3","1602",,,,"3800","2","Wisconsin","55",,,,"0000093276","0000000879","Bristol town","A","+42543000","-088015980","43",2.85
"G550059028675","1990","WI",,,,,,,,,,,,"14","Kenosha","059","Genoa City village","28675","C5","3","1602",,,,"3800","2","Wisconsin","55",,,,"0000000204","0000000000","Genoa City village","F","+42496431","-088301542","47",0.00
"G550059039225","1990","WI",,,,,,,,,,,,"14","Kenosha","059","Kenosha city","39225","C5","3","1602",,,,"3800","2","Wisconsin","55",,,,"0000055813","0000009167","Kenosha city","F","+42584100","-087854549","25",2.61
"G550059060975","1990","WI",,,,,,,,,,,,"14","Kenosha","059","Paddock Lake village","60975","C5","3","1602",,,,"3800","2","Wisconsin","55",,,,"0000004248","0000000577","Paddock Lake village","F","+42571541","-088102371","47",2.99
"G550059061175","1990","WI",,,,,,,,,,,,"14","Kenosha","059","Paris town","61175","T1","3","1602",,,,"3800","2","Wisconsin","55",,,,"0000094473","0000000006","Paris town","A","+42616950","-088013018","43",3.01
"G550059063300","1990","WI",,,,,,,,,,,,"14","Kenosha","059","Pleasant Prairie village","63300","C5","3","1602",,,,"3800","2","Wisconsin","55",,,,"0000083548","0000000327","Pleasant Prairie village","F","+42524050","-087881824","47",2.83
"G550059063325","1990","WI",,,,,,,,,,,,"14","Kenosha","059","Pleasant Prairie town","63325","T1","3","1602",,,,"3800","2","Wisconsin","55",,,,"0000000035","0000007803","Pleasant Prairie town","A","+42518519","-087802698","43",3.36
"G550059066125","1990","WI",,,,,,,,,,,,"14","Kenosha","059","Randall town","66125","T1","3","1602",,,,"3800","2","Wisconsin","55",,,,"0000041889","0000001688","Randall town","A","+42537408","-088237435","43",2.94
"G550059071125","1990","WI",,,,,,,,,,,,"14","Kenosha","059","Salem town","71125","T1","3","1602",,,,"3800","2","Wisconsin","55",,,,"0000077714","0000007041","Salem town","A","+42539537","-088131957","43",2.71
"G550059074025","1990","WI",,,,,,,,,,,,"14","Kenosha","059","Silver Lake village","74025","C5","3","1602",,,,"3800","2","Wisconsin","55",,,,"0000003959","0000000000","Silver Lake village","F","+42551700","-088167611","47",2.72
"G550059074650","1990","WI",,,,,,,,,,,,"14","Kenosha","059","Somers town","74650","T1","3","1602",,,,"3800","2","Wisconsin","55",,,,"0000084494","0000000050","Somers town","A","+42634033","-087892379","43",2.60
"G550059081250","1990","WI",,,,,,,,,,,,"14","Kenosha","059","Twin Lakes village","81250","C5","3","1602",,,,"3800","2","Wisconsin","55",,,,"0000013256","0000003981","Twin Lakes village","F","+42518829","-088258815","47",2.68
"G550059086500","1990","WI",,,,,,,,,,,,"14","Kenosha","059","Wheatland town","86500","T1","3","1602",,,,"3800","2","Wisconsin","55",,,,"0000061003","0000001209","Wheatland town","A","+42581532","-088247240","43",2.93
"G550061000600","1990","WI",,,,,,,,,,,,"99","Kewaunee","061","Ahnapee town","00600","T1","3","9999",,,,"9999","2","Wisconsin","55",,,,"0000080292","0000000488","Ahnapee town","A","+44642892","-087464845","43",2.87
"G550061001000","1990","WI",,,,,,,,,,,,"99","Kewaunee","061","Algoma city","01000","C5","3","9999",,,,"9999","2","Wisconsin","55",,,,"0000006259","0000000102","Algoma city","F","+44605929","-087445442","25",2.33
"G550061012575","1990","WI",,,,,,,,,,,,"99","Kewaunee","061","Carlton town","12575","T1","3","9999",,,,"9999","2","Wisconsin","55",,,,"0000092295","0000000000","Carlton town","A","+44378227","-087587601","43",3.07
"G550061012850","1990","WI",,,,,,,,,,,,"99","Kewaunee","061","Casco village","12850","C5","3","9999",,,,"9999","2","Wisconsin","55",,,,"0000001398","0000000015","Casco village","F","+44553803","-087618487","47",2.59
"G550061012875","1990","WI",,,,,,,,,,,,"99","Kewaunee","061","Casco town","12875","T1","3","9999",,,,"9999","2","Wisconsin","55",,,,"0000092505","0000000004","Casco town","A","+44546285","-087583264","43",3.23
"G550061027250","1990","WI",,,,,,,,,,,,"99","Kewaunee","061","Franklin town","27250","T1","3","9999",,,,"9999","2","Wisconsin","55",,,,"0000091889","0000001783","Franklin town","A","+44373521","-087699884","43",3.09
"G550061039350","1990","WI",,,,,,,,,,,,"99","Kewaunee","061","Kewaunee city","39350","C5","3","9999",,,,"9999","2","Wisconsin","55",,,,"0000008671","0000001922","Kewaunee city","F","+44460324","-087511201","25",2.38
"G550061044425","1990","WI",,,,,,,,,,,,"99","Kewaunee","061","Lincoln town","44425","T1","3","9999",,,,"9999","2","Wisconsin","55",,,,"0000092437","0000000000","Lincoln town","A","+44632416","-087583579","43",3.17
"G550061046400","1990","WI",,,,,,,,,,,,"99","Kewaunee","061","Luxemburg village","46400","C5","3","9999",,,,"9999","2","Wisconsin","55",,,,"0000004099","0000000000","Luxemburg village","F","+44542622","-087705267","47",2.54
"G550061046425","1990","WI",,,,,,,,,,,,"99","Kewaunee","061","Luxemburg town","46425","T1","3","9999",,,,"9999","2","Wisconsin","55",,,,"0000089857","0000000000","Luxemburg town","A","+44548792","-087707587","43",3.40
"G550061054050","1990","WI",,,,,,,,,,,,"99","Kewaunee","061","Montpelier town","54050","T1","3","9999",,,,"9999","2","Wisconsin","55",,,,"0000093715","0000000020","Montpelier town","A","+44459069","-087707062","43",3.16
"G550061062625","1990","WI",,,,,,,,,,,,"99","Kewaunee","061","Pierce town","62625","T1","3","9999",,,,"9999","2","Wisconsin","55",,,,"0000048386","0000008241","Pierce town","A","+44545451","-087491949","43",2.74
"G550061066700","1990","WI",,,,,,,,,,,,"99","Kewaunee","061","Red River town","66700","T1","3","9999",,,,"9999","2","Wisconsin","55",,,,"0000089998","0000003565","Red River town","A","+44630848","-087705643","43",3.08
"G550061085775","1990","WI",,,,,,,,,,,,"99","Kewaunee","061","West Kewaunee town","85775","T1","3","9999",,,,"9999","2","Wisconsin","55",,,,"0000095674","0000000279","West Kewaunee town","A","+44455599","-087586649","43",3.01
"G550063004550","1990","WI",,,,,,,,,,,,"99","La Crosse","063","Bangor village","04550","C5","3","3870",,,,"9999","2","Wisconsin","55",,,,"0000002690","0000000000","Bangor village","F","+43891965","-090991115","47",2.59
"G550063004575","1990","WI",,,,,,,,,,,,"99","La Crosse","063","Bangor town","04575","T1","3","3870",,,,"9999","2","Wisconsin","55",,,,"0000090868","0000000000","Bangor town","A","+43849183","-090977627","43",3.16
"G550063004825","1990","WI",,,,,,,,,,,,"99","La Crosse","063","Barre town","04825","T1","3","3870",,,,"9999","2","Wisconsin","55",,,,"0000053526","0000000006","Barre town","A","+43833136","-091089918","43",2.75
"G550063011300","1990","WI",,,,,,,,,,,,"99","La Crosse","063","Burns town","11300","T1","3","3870",,,,"9999","2","Wisconsin","55",,,,"0000125305","0000000059","Burns town","A","+43966390","-090960658","43",2.96
"G550063012300","1990","WI",,,,,,,,,,,,"99","La Crosse","063","Campbell town","12300","T1","3","3870",,,,"9999","2","Wisconsin","55",,,,"0000010260","0000023013","Campbell town","A","+43886051","-091294361","43",2.71
"G550063025325","1990","WI",,,,,,,,,,,,"99","La Crosse","063","Farmington town","25325","T1","3","3870",,,,"9999","2","Wisconsin","55",,,,"0000195326","0000000440","Farmington town","A","+44023844","-091081528","43",2.70
"G550063031150","1990","WI",,,,,,,,,,,,"99","La Crosse","063","Greenfield town","31150","T1","3","3870",,,,"9999","2","Wisconsin","55",,,,"0000077923","0000000000","Greenfield town","A","+43778761","-091077391","43",2.82
"G550063032275","1990","WI",,,,,,,,,,,,"99","La Crosse","063","Hamilton town","32275","T1","3","3870",,,,"9999","2","Wisconsin","55",,,,"0000131084","0000002702","Hamilton town","A","+43920659","-091101296","43",2.95
"G550063035350","1990","WI",,,,,,,,,,,,"99","La Crosse","063","Holland town","35350","T1","3","3870",,,,"9999","2","Wisconsin","55",,,,"0000111530","0000008102","Holland town","A","+44006156","-091295456","43",3.10
"G550063035450","1990","WI",,,,,,,,,,,,"99","La Crosse","063","Holmen village","35450","C5","3","3870",,,,"9999","2","Wisconsin","55",,,,"0000004822","0000000000","Holmen village","F","+43956921","-091258994","47",2.89
"G550063040775","1990","WI",,,,,,,,,,,,"99","La Crosse","063","La Crosse city","40775","C5","3","3870",,,,"9999","2","Wisconsin","55",,,,"0000047548","0000004755","La Crosse city","F","+43826950","-091233899","25",2.34
"G550063050400","1990","WI",,,,,,,,,,,,"99","La Crosse","063","Medary town","50400","T1","3","3870",,,,"9999","2","Wisconsin","55",,,,"0000037684","0000000182","Medary town","A","+43854215","-091181249","43",3.02
"G550063059925","1990","WI",,,,,,,,,,,,"99","La Crosse","063","Onalaska city","59925","C5","3","3870",,,,"9999","2","Wisconsin","55",,,,"0000016659","0000001455","Onalaska city","F","+43887050","-091218849","25",2.63
"G550063059950","1990","WI",,,,,,,,,,,,"99","La Crosse","063","Onalaska town","59950","T1","3","3870",,,,"9999","2","Wisconsin","55",,,,"0000100448","0000020453","Onalaska town","A","+43943133","-091248740","43",3.08
"G550063068900","1990","WI",,,,,,,,,,,,"99","La Crosse","063","Rockland village","68900","C5","3","3870",,,,"9999","2","Wisconsin","55",,,,"0000001239","0000000000","Rockland village","F","+43906149","-090918236","47",3.09
"G550063073125","1990","WI",,,,,,,,,,,,"99","La Crosse","063","Shelby town","73125","T1","3","3870",,,,"9999","2","Wisconsin","55",,,,"0000067538","0000009201","Shelby town","A","+43759733","-091181838","43",2.63
"G550063083650","1990","WI",,,,,,,,,,,,"99","La Crosse","063","Washington town","83650","T1","3","3870",,,,"9999","2","Wisconsin","55",,,,"0000093514","0000000000","Washington town","A","+43778908","-090970752","43",2.98
"G550063086275","1990","WI",,,,,,,,,,,,"99","La Crosse","063","West Salem village","86275","C5","3","3870",,,,"9999","2","Wisconsin","55",,,,"0000004729","0000000026","West Salem village","F","+43898592","-091081669","47",2.57
"G550065002650","1990","WI",,,,,,,,,,,,"99","Lafayette","065","Argyle village","02650","C5","3","9999",,,,"9999","2","Wisconsin","55",,,,"0000001523","0000000000","Argyle village","F","+42700635","-089866245","47",2.31
"G550065002675","1990","WI",,,,,,,,,,,,"99","Lafayette","065","Argyle town","02675","T1","3","9999",,,,"9999","2","Wisconsin","55",,,,"0000092281","0000000141","Argyle town","A","+42726628","-089899103","43",2.86
"G550065006425","1990","WI",,,,,,,,,,,,"99","Lafayette","065","Belmont village","06425","C5","3","9999",,,,"9999","2","Wisconsin","55",,,,"0000001428","0000000000","Belmont village","F","+42737963","-090332583","47",2.52
"G550065006450","1990","WI",,,,,,,,,,,,"99","Lafayette","065","Belmont town","06450","T1","3","9999",,,,"9999","2","Wisconsin","55",,,,"0000106901","0000000332","Belmont town","A","+42768691","-090362352","43",2.99
"G550065006825","1990","WI",,,,,,,,,,,,"99","Lafayette","065","Benton village","06825","C5","3","9999",,,,"9999","2","Wisconsin","55",,,,"0000001630","0000000000","Benton village","F","+42570923","-090382164","47",2.64
"G550065006850","1990","WI",,,,,,,,,,,,"99","Lafayette","065","Benton town","06850","T1","3","9999",,,,"9999","2","Wisconsin","55",,,,"0000073129","0000000000","Benton town","A","+42574340","-090392995","43",3.23
"G550065008100","1990","WI",,,,,,,,,,,,"99","Lafayette","065","Blanchard town","08100","T1","3","9999",,,,"9999","2","Wisconsin","55",,,,"0000045389","0000000056","Blanchard town","A","+42792193","-089901058","43",2.75
"G550065008125","1990","WI",,,,,,,,,,,,"99","Lafayette","065","Blanchardville village","08125","C5","3","9999",,,,"9999","2","Wisconsin","55",,,,"0000000877","0000000000","Blanchardville village","F","+42807980","-089860208","47",2.24
"G550065017950","1990","WI",,,,,,,,,,,,"99","Lafayette","065","Cuba City city","17950","C5","3","9999",,,,"9999","2","Wisconsin","55",,,,"0000000299","0000000000","Cuba City city","F","+42604834","-090424360","25",2.73
"G550065018875","1990","WI",,,,,,,,,,,,"99","Lafayette","065","Darlington city","18875","C5","3","9999",,,,"9999","2","Wisconsin","55",,,,"0000002927","0000000000","Darlington city","F","+42680454","-090117002","25",2.26
"G550065018900","1990","WI",,,,,,,,,,,,"99","Lafayette","065","Darlington town","18900","T1","3","9999",,,,"9999","2","Wisconsin","55",,,,"0000120286","0000000000","Darlington town","A","+42645928","-090112967","43",3.04
"G550065023262","1990","WI",,,,,,,,,,,,"99","Lafayette","065","Elk Grove town","23262","T1","3","9999",,,,"9999","2","Wisconsin","55",,,,"0000093916","0000000000","Elk Grove town","A","+42681205","-090366293","43",3.38
"G550065025475","1990","WI",,,,,,,,,,,,"99","Lafayette","065","Fayette town","25475","T1","3","9999",,,,"9999","2","Wisconsin","55",,,,"0000091231","0000001854","Fayette town","A","+42766994","-090022432","43",2.79
"G550065030575","1990","WI",,,,,,,,,,,,"99","Lafayette","065","Gratiot village","30575","C5","3","9999",,,,"9999","2","Wisconsin","55",,,,"0000001489","0000000000","Gratiot village","F","+42579493","-090022887","47",2.38
"G550065030600","1990","WI",,,,,,,,,,,,"99","Lafayette","065","Gratiot town","30600","T1","3","9999",,,,"9999","2","Wisconsin","55",,,,"0000140711","0000000000","Gratiot town","A","+42565151","-090028168","43",3.19
"G550065033500","1990","WI",,,,,,,,,,,,"99","Lafayette","065","Hazel Green village","33500","C5","3","9999",,,,"9999","2","Wisconsin","55",,,,"0000000115","0000000000","Hazel Green village","F","+42530406","-090423754","47",0.00
"G550065039125","1990","WI",,,,,,,,,,,,"99","Lafayette","065","Kendall town","39125","T1","3","9999",,,,"9999","2","Wisconsin","55",,,,"0000110303","0000000035","Kendall town","A","+42746838","-090241712","43",3.56
"G550065042175","1990","WI",,,,,,,,,,,,"99","Lafayette","065","Lamont town","42175","T1","3","9999",,,,"9999","2","Wisconsin","55",,,,"0000051562","0000000000","Lamont town","A","+42701812","-090007617","43",2.76
"G550065054025","1990","WI",,,,,,,,,,,,"99","Lafayette","065","Monticello town","54025","T1","3","9999",,,,"9999","2","Wisconsin","55",,,,"0000050863","0000000000","Monticello town","A","+42524367","-090140705","43",3.57
"G550065056625","1990","WI",,,,,,,,,,,,"99","Lafayette","065","New Diggings town","56625","T1","3","9999",,,,"9999","2","Wisconsin","55",,,,"0000065624","0000000000","New Diggings town","A","+42571028","-090333832","43",3.05
"G550065072700","1990","WI",,,,,,,,,,,,"99","Lafayette","065","Seymour town","72700","T1","3","9999",,,,"9999","2","Wisconsin","55",,,,"0000093528","0000000045","Seymour town","A","+42652684","-090249439","43",3.49
"G550065073825","1990","WI",,,,,,,,,,,,"99","Lafayette","065","Shullsburg city","73825","C5","3","9999",,,,"9999","2","Wisconsin","55",,,,"0000002872","0000000000","Shullsburg city","F","+42573082","-090231521","25",2.40
"G550065073850","1990","WI",,,,,,,,,,,,"99","Lafayette","065","Shullsburg town","73850","T1","3","9999",,,,"9999","2","Wisconsin","55",,,,"0000090561","0000000000","Shullsburg town","A","+42580422","-090219371","43",3.13
"G550065075275","1990","WI",,,,,,,,,,,,"99","Lafayette","065","South Wayne village","75275","C5","3","9999",,,,"9999","2","Wisconsin","55",,,,"0000001404","0000000000","South Wayne village","F","+42566653","-089880439","47",2.53
"G550065084850","1990","WI",,,,,,,,,,,,"99","Lafayette","065","Wayne town","84850","T1","3","9999",,,,"9999","2","Wisconsin","55",,,,"0000095782","0000000092","Wayne town","A","+42548755","-089900323","43",3.21
"G550065086800","1990","WI",,,,,,,,,,,,"99","Lafayette","065","White Oak Springs town","86800","T1","3","9999",,,,"9999","2","Wisconsin","55",,,,"0000042725","0000000000","White Oak Springs town","A","+42531435","-090260318","43",2.97
"G550065087275","1990","WI",,,,,,,,,,,,"99","Lafayette","065","Willow Springs town","87275","T1","3","9999",,,,"9999","2","Wisconsin","55",,,,"0000125000","0000000000","Willow Springs town","A","+42752038","-090130076","43",3.33
"G550065088050","1990","WI",,,,,,,,,,,,"99","Lafayette","065","Wiota town","88050","T1","3","9999",,,,"9999","2","Wisconsin","55",,,,"0000136694","0000000071","Wiota town","A","+42638286","-089924510","43",2.75
"G550067000225","1990","WI",,,,,,,,,,,,"99","Langlade","067","Ackley town","00225","T1","3","9999",,,,"9999","2","Wisconsin","55",,,,"0000183779","0000000197","Ackley town","A","+45147838","-089288463","43",2.76
"G550067000625","1990","WI",,,,,,,,,,,,"99","Langlade","067","Ainsworth town","00625","T1","3","9999",,,,"9999","2","Wisconsin","55",,,,"0000179963","0000006363","Ainsworth town","A","+45373921","-088985448","43",2.58
"G550067002250","1990","WI",,,,,,,,,,,,"99","Langlade","067","Antigo city","02250","C5","3","9999",,,,"9999","2","Wisconsin","55",,,,"0000014679","0000000117","Antigo city","F","+45144098","-089155080","25",2.37
"G550067002275","1990","WI",,,,,,,,,,,,"99","Langlade","067","Antigo town","02275","T1","3","9999",,,,"9999","2","Wisconsin","55",,,,"0000081112","0000000035","Antigo town","A","+45160003","-089107810","43",2.75
"G550067023050","1990","WI",,,,,,,,,,,,"99","Langlade","067","Elcho town","23050","T1","3","9999",,,,"9999","2","Wisconsin","55",,,,"0000184860","0000010046","Elcho town","A","+45422153","-089182530","43",2.22
"G550067024575","1990","WI",,,,,,,,,,,,"99","Langlade","067","Evergreen town","24575","T1","3","9999",,,,"9999","2","Wisconsin","55",,,,"0000092843","0000001062","Evergreen town","A","+45168881","-088867009","43",2.93
"G550067042425","1990","WI",,,,,,,,,,,,"99","Langlade","067","Langlade town","42425","T1","3","9999",,,,"9999","2","Wisconsin","55",,,,"0000185258","0000002492","Langlade town","A","+45291146","-088858696","43",2.43
"G550067056200","1990","WI",,,,,,,,,,,,"99","Langlade","067","Neva town","56200","T1","3","9999",,,,"9999","2","Wisconsin","55",,,,"0000096955","0000000726","Neva town","A","+45248523","-089124182","43",2.74
"G550067058700","1990","WI",,,,,,,,,,,,"99","Langlade","067","Norwood town","58700","T1","3","9999",,,,"9999","2","Wisconsin","55",,,,"0000092593","0000000987","Norwood town","A","+45079436","-089041127","43",3.05
"G550067061375","1990","WI",,,,,,,,,,,,"99","Langlade","067","Parrish town","61375","T1","3","9999",,,,"9999","2","Wisconsin","55",,,,"0000094074","0000000679","Parrish town","A","+45420125","-089369331","43",2.19
"G550067061525","1990","WI",,,,,,,,,,,,"99","Langlade","067","Peck town","61525","T1","3","9999",,,,"9999","2","Wisconsin","55",,,,"0000096280","0000000180","Peck town","A","+45249437","-089240819","43",3.09
"G550067063825","1990","WI",,,,,,,,,,,,"99","Langlade","067","Polar town","63825","T1","3","9999",,,,"9999","2","Wisconsin","55",,,,"0000092192","0000000879","Polar town","A","+45160727","-088989055","43",3.02
"G550067065550","1990","WI",,,,,,,,,,,,"99","Langlade","067","Price town","65550","T1","3","9999",,,,"9999","2","Wisconsin","55",,,,"0000093744","0000000393","Price town","A","+45258951","-088985191","43",2.82
"G550067069175","1990","WI",,,,,,,,,,,,"99","Langlade","067","Rolling town","69175","T1","3","9999",,,,"9999","2","Wisconsin","55",,,,"0000094361","0000000079","Rolling town","A","+45076570","-089158674","43",3.03
"G550067078325","1990","WI",,,,,,,,,,,,"99","Langlade","067","Summit town","78325","T1","3","9999",,,,"9999","2","Wisconsin","55",,,,"0000094304","0000000036","Summit town","A","+45331548","-089367174","43",2.75
"G550067081950","1990","WI",,,,,,,,,,,,"99","Langlade","067","Upham town","81950","T1","3","9999",,,,"9999","2","Wisconsin","55",,,,"0000182714","0000008721","Upham town","A","+45338277","-089189628","43",2.39
"G550067082825","1990","WI",,,,,,,,,,,,"99","Langlade","067","Vilas town","82825","T1","3","9999",,,,"9999","2","Wisconsin","55",,,,"0000092974","0000000000","Vilas town","A","+45252971","-089360483","43",2.86
"G550067086750","1990","WI",,,,,,,,,,,,"99","Langlade","067","White Lake village","86750","C5","3","9999",,,,"9999","2","Wisconsin","55",,,,"0000005656","0000000731","White Lake village","F","+45163424","-088766576","47",2.45
"G550067088450","1990","WI",,,,,,,,,,,,"99","Langlade","067","Wolf River town","88450","T1","3","9999",,,,"9999","2","Wisconsin","55",,,,"0000302074","0000005646","Wolf River town","A","+45244997","-088734713","43",2.45
"G550069007500","1990","WI",,,,,,,,,,,,"99","Lincoln","069","Birch town","07500","T1","3","9999",,,,"9999","2","Wisconsin","55",,,,"0000092626","0000000913","Birch town","A","+45325130","-089613208","43",2.81
"G550069009225","1990","WI",,,,,,,,,,,,"99","Lincoln","069","Bradley town","09225","T1","3","9999",,,,"9999","2","Wisconsin","55",,,,"0000144352","0000020281","Bradley town","A","+45453263","-089739722","43",2.49
"G550069017125","1990","WI",,,,,,,,,,,,"99","Lincoln","069","Corning town","17125","T1","3","9999",,,,"9999","2","Wisconsin","55",,,,"0000379482","0000000221","Corning town","A","+45237208","-089965986","43",3.11
"G550069032650","1990","WI",,,,,,,,,,,,"99","Lincoln","069","Harding town","32650","T1","3","9999",,,,"9999","2","Wisconsin","55",,,,"0000186760","0000001821","Harding town","A","+45287213","-089857158","43",2.83
"G550069032875","1990","WI",,,,,,,,,,,,"99","Lincoln","069","Harrison town","32875","T1","3","9999",,,,"9999","2","Wisconsin","55",,,,"0000179893","0000007546","Harrison town","A","+45468096","-089482710","43",2.63
"G550069039675","1990","WI",,,,,,,,,,,,"99","Lincoln","069","King town","39675","T1","3","9999",,,,"9999","2","Wisconsin","55",,,,"0000087737","0000007879","King town","A","+45507036","-089614827","43",2.52
"G550069051250","1990","WI",,,,,,,,,,,,"99","Lincoln","069","Merrill city","51250","C5","3","9999",,,,"9999","2","Wisconsin","55",,,,"0000017365","0000001278","Merrill city","F","+45182023","-089703459","25",2.46
"G550069051275","1990","WI",,,,,,,,,,,,"99","Lincoln","069","Merrill town","51275","T1","3","9999",,,,"9999","2","Wisconsin","55",,,,"0000134868","0000003383","Merrill town","A","+45245273","-089675399","43",2.85
"G550069062950","1990","WI",,,,,,,,,,,,"99","Lincoln","069","Pine River town","62950","T1","3","9999",,,,"9999","2","Wisconsin","55",,,,"0000165720","0000000783","Pine River town","A","+45164821","-089534251","43",2.99
"G550069068825","1990","WI",,,,,,,,,,,,"99","Lincoln","069","Rock Falls town","68825","T1","3","9999",,,,"9999","2","Wisconsin","55",,,,"0000123765","0000003701","Rock Falls town","A","+45312949","-089744368","43",2.56
"G550069070325","1990","WI",,,,,,,,,,,,"99","Lincoln","069","Russell town","70325","T1","3","9999",,,,"9999","2","Wisconsin","55",,,,"0000093660","0000000395","Russell town","A","+45344072","-089486247","43",2.83
"G550069072100","1990","WI",,,,,,,,,,,,"99","Lincoln","069","Schley town","72100","T1","3","9999",,,,"9999","2","Wisconsin","55",,,,"0000124630","0000000597","Schley town","A","+45249663","-089508161","43",2.90
"G550069072300","1990","WI",,,,,,,,,,,,"99","Lincoln","069","Scott town","72300","T1","3","9999",,,,"9999","2","Wisconsin","55",,,,"0000078911","0000001241","Scott town","A","+45160939","-089726804","43",3.03
"G550069074250","1990","WI",,,,,,,,,,,,"99","Lincoln","069","Skanawan town","74250","T1","3","9999",,,,"9999","2","Wisconsin","55",,,,"0000091658","0000001371","Skanawan town","A","+45426316","-089615582","43",2.86
"G550069074725","1990","WI",,,,,,,,,,,,"99","Lincoln","069","Somo town","74725","T1","3","9999",,,,"9999","2","Wisconsin","55",,,,"0000093795","0000000012","Somo town","A","+45527415","-089968260","43",2.37
"G550069080125","1990","WI",,,,,,,,,,,,"99","Lincoln","069","Tomahawk city","80125","C5","3","9999",,,,"9999","2","Wisconsin","55",,,,"0000019268","0000003621","Tomahawk city","F","+45473409","-089724151","25",2.37
"G550069080150","1990","WI",,,,,,,,,,,,"99","Lincoln","069","Tomahawk town","80150","T1","3","9999",,,,"9999","2","Wisconsin","55",,,,"0000181484","0000003890","Tomahawk town","A","+45433558","-089908202","43",2.61
"G550069087425","1990","WI",,,,,,,,,,,,"99","Lincoln","069","Wilson town","87425","T1","3","9999",,,,"9999","2","Wisconsin","55",,,,"0000091104","0000003043","Wilson town","A","+45510846","-089854464","43",2.40
"G550071013237","1990","WI",,,,,,,,,,,,"99","Manitowoc","071","Cato town","13237","T1","3","9999",,,,"9999","2","Wisconsin","55",,,,"0000091211","0000000570","Cato town","A","+44105864","-087866243","43",3.12
"G550071013750","1990","WI",,,,,,,,,,,,"99","Manitowoc","071","Centerville town","13750","T1","3","9999",,,,"9999","2","Wisconsin","55",,,,"0000062549","0000006999","Centerville town","A","+43942040","-087753163","43",3.04
"G550071015400","1990","WI",,,,,,,,,,,,"99","Manitowoc","071","Cleveland village","15400","C5","3","9999",,,,"9999","2","Wisconsin","55",,,,"0000004409","0000000000","Cleveland village","F","+43919173","-087747790","47",2.88
"G550071016950","1990","WI",,,,,,,,,,,,"99","Manitowoc","071","Cooperstown town","16950","T1","3","9999",,,,"9999","2","Wisconsin","55",,,,"0000090951","0000000067","Cooperstown town","A","+44280170","-087830963","43",3.28
"G550071022275","1990","WI",,,,,,,,,,,,"99","Manitowoc","071","Eaton town","22275","T1","3","9999",,,,"9999","2","Wisconsin","55",,,,"0000091112","0000000576","Eaton town","A","+44032322","-087988772","43",3.00
"G550071027125","1990","WI",,,,,,,,,,,,"99","Manitowoc","071","Francis Creek village","27125","C5","3","9999",,,,"9999","2","Wisconsin","55",,,,"0000002377","0000000000","Francis Creek village","F","+44201508","-087722215","47",2.57
"G550071027275","1990","WI",,,,,,,,,,,,"99","Manitowoc","071","Franklin town","27275","T1","3","9999",,,,"9999","2","Wisconsin","55",,,,"0000093670","0000000055","Franklin town","A","+44196093","-087856845","43",3.15
"G550071028975","1990","WI",,,,,,,,,,,,"99","Manitowoc","071","Gibson town","28975","T1","3","9999",,,,"9999","2","Wisconsin","55",,,,"0000091314","0000000221","Gibson town","A","+44284523","-087704128","43",3.27
"G550071039000","1990","WI",,,,,,,,,,,,"99","Manitowoc","071","Kellnersville village","39000","C5","3","9999",,,,"9999","2","Wisconsin","55",,,,"0000001396","0000000000","Kellnersville village","F","+44224237","-087803128","47",2.48
"G550071039525","1990","WI",,,,,,,,,,,,"99","Manitowoc","071","Kiel city","39525","C5","3","9999",,,,"9999","2","Wisconsin","55",,,,"0000004124","0000000267","Kiel city","F","+43917288","-088027673","25",2.47
"G550071040425","1990","WI",,,,,,,,,,,,"99","Manitowoc","071","Kossuth town","40425","T1","3","9999",,,,"9999","2","Wisconsin","55",,,,"0000100787","0000000027","Kossuth town","A","+44196610","-087731016","43",3.00
"G550071043850","1990","WI",,,,,,,,,,,,"99","Manitowoc","071","Liberty town","43850","T1","3","9999",,,,"9999","2","Wisconsin","55",,,,"0000091392","0000000702","Liberty town","A","+44030755","-087860405","43",3.08
"G550071048500","1990","WI",,,,,,,,,,,,"99","Manitowoc","071","Manitowoc city","48500","C5","3","9999",,,,"9999","2","Wisconsin","55",,,,"0000037337","0000000811","Manitowoc city","F","+44098633","-087677420","25",2.39
"G550071048525","1990","WI",,,,,,,,,,,,"99","Manitowoc","071","Manitowoc town","48525","T1","3","9999",,,,"9999","2","Wisconsin","55",,,,"0000018885","0000000000","Manitowoc town","A","+44117733","-087660828","43",2.78
"G550071048575","1990","WI",,,,,,,,,,,,"99","Manitowoc","071","Manitowoc Rapids town","48575","T1","3","9999",,,,"9999","2","Wisconsin","55",,,,"0000075472","0000000667","Manitowoc Rapids town","A","+44109869","-087759175","43",3.01
"G550071048875","1990","WI",,,,,,,,,,,,"99","Manitowoc","071","Maple Grove town","48875","T1","3","9999",,,,"9999","2","Wisconsin","55",,,,"0000091691","0000000000","Maple Grove town","A","+44193525","-087994594","43",3.26
"G550071049250","1990","WI",,,,,,,,,,,,"99","Manitowoc","071","Maribel village","49250","C5","3","9999",,,,"9999","2","Wisconsin","55",,,,"0000003035","0000000000","Maribel village","F","+44279400","-087802052","47",2.91
"G550071050625","1990","WI",,,,,,,,,,,,"99","Manitowoc","071","Meeme town","50625","T1","3","9999",,,,"9999","2","Wisconsin","55",,,,"0000093740","0000000265","Meeme town","A","+43934384","-087862566","43",3.23
"G550071053325","1990","WI",,,,,,,,,,,,"99","Manitowoc","071","Mishicot village","53325","C5","3","9999",,,,"9999","2","Wisconsin","55",,,,"0000006483","0000000000","Mishicot village","F","+44230808","-087643415","47",2.66
"G550071053350","1990","WI",,,,,,,,,,,,"99","Manitowoc","071","Mishicot town","53350","T1","3","9999",,,,"9999","2","Wisconsin","55",,,,"0000071690","0000000059","Mishicot town","A","+44262235","-087629087","43",3.12
"G550071057200","1990","WI",,,,,,,,,,,,"99","Manitowoc","071","Newton town","57200","T1","3","9999",,,,"9999","2","Wisconsin","55",,,,"0000088648","0000003650","Newton town","A","+44021979","-087744681","43",3.02
"G550071066875","1990","WI",,,,,,,,,,,,"99","Manitowoc","071","Reedsville village","66875","C5","3","9999",,,,"9999","2","Wisconsin","55",,,,"0000002430","0000000000","Reedsville village","F","+44153597","-087953123","47",2.67
"G550071068925","1990","WI",,,,,,,,,,,,"99","Manitowoc","071","Rockland town","68925","T1","3","9999",,,,"9999","2","Wisconsin","55",,,,"0000089449","0000002606","Rockland town","A","+44115246","-087986070","43",3.28
"G550071071025","1990","WI",,,,,,,,,,,,"99","Manitowoc","071","St. Nazianz village","71025","C5","3","9999",,,,"9999","2","Wisconsin","55",,,,"0000002094","0000000039","St. Nazianz village","F","+44007074","-087924176","47",2.65
"G550071072075","1990","WI",,,,,,,,,,,,"99","Manitowoc","071","Schleswig town","72075","T1","3","9999",,,,"9999","2","Wisconsin","55",,,,"0000086931","0000001808","Schleswig town","A","+43935577","-087978550","43",2.90
"G550071081300","1990","WI",,,,,,,,,,,,"99","Manitowoc","071","Two Creeks town","81300","T1","3","9999",,,,"9999","2","Wisconsin","55",,,,"0000038523","0000000000","Two Creeks town","A","+44274927","-087555630","43",3.15
"G550071081325","1990","WI",,,,,,,,,,,,"99","Manitowoc","071","Two Rivers city","81325","C5","3","9999",,,,"9999","2","Wisconsin","55",,,,"0000014298","0000001054","Two Rivers city","F","+44156283","-087581188","25",2.51
"G550071081350","1990","WI",,,,,,,,,,,,"99","Manitowoc","071","Two Rivers town","81350","T1","3","9999",,,,"9999","2","Wisconsin","55",,,,"0000082667","0000000334","Two Rivers town","A","+44192931","-087576535","43",2.89
"G550071082200","1990","WI",,,,,,,,,,,,"99","Manitowoc","071","Valders village","82200","C5","3","9999",,,,"9999","2","Wisconsin","55",,,,"0000002042","0000000000","Valders village","F","+44066036","-087885619","47",2.67
"G550071086775","1990","WI",,,,,,,,,,,,"99","Manitowoc","071","Whitelaw village","86775","C5","3","9999",,,,"9999","2","Wisconsin","55",,,,"0000001441","0000000000","Whitelaw village","F","+44145117","-087827554","47",2.82
"G550073000100","1990","WI",,,,,,,,,,,,"99","Marathon","073","Abbotsford city","00100","C5","3","8940",,,,"9999","2","Wisconsin","55",,,,"0000002065","0000000000","Abbotsford city","F","+44946325","-090308226","25",2.36
"G550073003550","1990","WI",,,,,,,,,,,,"99","Marathon","073","Athens village","03550","C5","3","8940",,,,"9999","2","Wisconsin","55",,,,"0000004611","0000000000","Athens village","F","+45033634","-090076309","47",2.48
"G550073006875","1990","WI",,,,,,,,,,,,"99","Marathon","073","Bergen town","06875","T1","3","8940",,,,"9999","2","Wisconsin","55",,,,"0000069975","0000020097","Bergen town","A","+44736387","-089785132","43",2.90
"G550073006975","1990","WI",,,,,,,,,,,,"99","Marathon","073","Berlin town","06975","T1","3","8940",,,,"9999","2","Wisconsin","55",,,,"0000089819","0000000000","Berlin town","A","+45076381","-089789187","43",3.24
"G550073007000","1990","WI",,,,,,,,,,,,"99","Marathon","073","Bern town","07000","T1","3","8940",,,,"9999","2","Wisconsin","55",,,,"0000089480","0000000023","Bern town","A","+45076743","-090141573","43",3.74
"G550073007125","1990","WI",,,,,,,,,,,,"99","Marathon","073","Bevent town","07125","T1","3","8940",,,,"9999","2","Wisconsin","55",,,,"0000109069","0000001646","Bevent town","A","+44733558","-089420454","43",2.96
"G550073007600","1990","WI",,,,,,,,,,,,"99","Marathon","073","Birnamwood village","07600","C5","3","8940",,,,"9999","2","Wisconsin","55",,,,"0000000155","0000000000","Birnamwood village","F","+44926566","-089226240","47",2.00
"G550073009650","1990","WI",,,,,,,,,,,,"99","Marathon","073","Brighton town","09650","T1","3","8940",,,,"9999","2","Wisconsin","55",,,,"0000088625","0000000053","Brighton town","A","+44814921","-090257989","43",3.35
"G550073009975","1990","WI",,,,,,,,,,,,"99","Marathon","073","Brokaw village","09975","C5","3","8940",,,,"9999","2","Wisconsin","55",,,,"0000001954","0000000416","Brokaw village","F","+45027370","-089652652","47",2.57
"G550073012975","1990","WI",,,,,,,,,,,,"99","Marathon","073","Cassel town","12975","T1","3","8940",,,,"9999","2","Wisconsin","55",,,,"0000085930","0000000030","Cassel town","A","+44900929","-089908014","43",3.33
"G550073015425","1990","WI",,,,,,,,,,,,"99","Marathon","073","Cleveland town","15425","T1","3","8940",,,,"9999","2","Wisconsin","55",,,,"0000076849","0000002225","Cleveland town","A","+44820338","-090019313","43",3.24
"G550073016150","1990","WI",,,,,,,,,,,,"99","Marathon","073","Colby city","16150","C5","3","8940",,,,"9999","2","Wisconsin","55",,,,"0000001213","0000000000","Colby city","F","+44907066","-090313196","25",2.49
"G550073018950","1990","WI",,,,,,,,,,,,"99","Marathon","073","Day town","18950","T1","3","8940",,,,"9999","2","Wisconsin","55",,,,"0000087399","0000000612","Day town","A","+44733458","-090022869","43",3.24
"G550073022025","1990","WI",,,,,,,,,,,,"99","Marathon","073","Easton town","22025","T1","3","8940",,,,"9999","2","Wisconsin","55",,,,"0000111417","0000000048","Easton town","A","+44985638","-089419822","43",3.29
"G550073022425","1990","WI",,,,,,,,,,,,"99","Marathon","073","Eau Pleine town","22425","T1","3","8940",,,,"9999","2","Wisconsin","55",,,,"0000086072","0000000018","Eau Pleine town","A","+44816268","-090147373","43",3.06
"G550073022550","1990","WI",,,,,,,,,,,,"99","Marathon","073","Edgar village","22550","C5","3","8940",,,,"9999","2","Wisconsin","55",,,,"0000004281","0000000000","Edgar village","F","+44922798","-089963041","47",2.76
"G550073023075","1990","WI",,,,,,,,,,,,"99","Marathon","073","Elderon village","23075","C5","3","8940",,,,"9999","2","Wisconsin","55",,,,"0000002867","0000000135","Elderon village","F","+44783278","-089250378","47",2.36
"G550073023100","1990","WI",,,,,,,,,,,,"99","Marathon","073","Elderon town","23100","T1","3","8940",,,,"9999","2","Wisconsin","55",,,,"0000089611","0000000795","Elderon town","A","+44811592","-089285679","43",3.15
"G550073024025","1990","WI",,,,,,,,,,,,"99","Marathon","073","Emmet town","24025","T1","3","8940",,,,"9999","2","Wisconsin","55",,,,"0000103172","0000000966","Emmet town","A","+44813267","-089898984","43",3.33
"G550073025650","1990","WI",,,,,,,,,,,,"99","Marathon","073","Fenwood village","25650","C5","3","8940",,,,"9999","2","Wisconsin","55",,,,"0000002550","0000000000","Fenwood village","F","+44865518","-090013627","47",3.40
"G550073027150","1990","WI",,,,,,,,,,,,"99","Marathon","073","Frankfort town","27150","T1","3","8940",,,,"9999","2","Wisconsin","55",,,,"0000091162","0000000014","Frankfort town","A","+44906649","-090128870","43",3.12
"G550073027450","1990","WI",,,,,,,,,,,,"99","Marathon","073","Franzen town","27450","T1","3","8940",,,,"9999","2","Wisconsin","55",,,,"0000094258","0000000576","Franzen town","A","+44726581","-089297165","43",3.11
"G550073031450","1990","WI",,,,,,,,,,,,"99","Marathon","073","Green Valley town","31450","T1","3","8940",,,,"9999","2","Wisconsin","55",,,,"0000074931","0000016149","Green Valley town","A","+44727871","-089916118","43",2.85
"G550073031800","1990","WI",,,,,,,,,,,,"99","Marathon","073","Guenther town","31800","T1","3","8940",,,,"9999","2","Wisconsin","55",,,,"0000089217","0000000108","Guenther town","A","+44728655","-089545945","43",2.61
"G550073032150","1990","WI",,,,,,,,,,,,"99","Marathon","073","Halsey town","32150","T1","3","8940",,,,"9999","2","Wisconsin","55",,,,"0000085796","0000000000","Halsey town","A","+45081252","-090024881","43",3.35
"G550073032200","1990","WI",,,,,,,,,,,,"99","Marathon","073","Hamburg town","32200","T1","3","8940",,,,"9999","2","Wisconsin","55",,,,"0000091611","0000000000","Hamburg town","A","+45079845","-089895783","43",3.17
"G550073032900","1990","WI",,,,,,,,,,,,"99","Marathon","073","Harrison town","32900","T1","3","8940",,,,"9999","2","Wisconsin","55",,,,"0000094945","0000000071","Harrison town","A","+45071691","-089278574","43",2.97
"G550073033175","1990","WI",,,,,,,,,,,,"99","Marathon","073","Hatley village","33175","C5","3","8940",,,,"9999","2","Wisconsin","55",,,,"0000002229","0000000000","Hatley village","F","+44887066","-089337014","47",2.78
"G550073034225","1990","WI",,,,,,,,,,,,"99","Marathon","073","Hewitt town","34225","T1","3","8940",,,,"9999","2","Wisconsin","55",,,,"0000112425","0000000000","Hewitt town","A","+45074468","-089417361","43",3.12
"G550073035500","1990","WI",,,,,,,,,,,,"99","Marathon","073","Holton town","35500","T1","3","8940",,,,"9999","2","Wisconsin","55",,,,"0000089666","0000000016","Holton town","A","+44984468","-090263476","43",3.33
"G550073036325","1990","WI",,,,,,,,,,,,"99","Marathon","073","Hull town","36325","T1","3","8940",,,,"9999","2","Wisconsin","55",,,,"0000086892","0000000178","Hull town","A","+44895016","-090248022","43",3.38
"G550073038300","1990","WI",,,,,,,,,,,,"99","Marathon","073","Johnson town","38300","T1","3","8940",,,,"9999","2","Wisconsin","55",,,,"0000090636","0000000000","Johnson town","A","+44988941","-090138330","43",3.43
"G550073040150","1990","WI",,,,,,,,,,,,"99","Marathon","073","Knowlton town","40150","T1","3","8940",,,,"9999","2","Wisconsin","55",,,,"0000075436","0000013096","Knowlton town","A","+44730038","-089664961","43",2.86
"G550073040550","1990","WI",,,,,,,,,,,,"99","Marathon","073","Kronenwetter town","40550","T1","3","8940",,,,"9999","2","Wisconsin","55",,,,"0000135063","0000000944","Kronenwetter town","A","+44822311","-089590290","43",3.10
"G550073046975","1990","WI",,,,,,,,,,,,"99","Marathon","073","McMillan town","46975","T1","3","8940",,,,"9999","2","Wisconsin","55",,,,"0000089686","0000000524","McMillan town","A","+44729782","-090142244","43",3.24
"G550073048225","1990","WI",,,,,,,,,,,,"99","Marathon","073","Maine town","48225","T1","3","8940",,,,"9999","2","Wisconsin","55",,,,"0000110842","0000001222","Maine town","A","+45053026","-089681951","43",3.03
"G550073049075","1990","WI",,,,,,,,,,,,"99","Marathon","073","Marathon town","49075","T1","3","8940",,,,"9999","2","Wisconsin","55",,,,"0000085910","0000000080","Marathon town","A","+44900643","-089785540","43",3.30
"G550073049100","1990","WI",,,,,,,,,,,,"99","Marathon","073","Marathon City village","49100","C5","3","8940",,,,"9999","2","Wisconsin","55",,,,"0000004512","0000000009","Marathon City village","F","+44932497","-089841754","47",2.75
"G550073049675","1990","WI",,,,,,,,,,,,"99","Marathon","073","Marshfield city","49675","C5","3","8940",,,,"9999","2","Wisconsin","55",,,,"0000003554","0000000000","Marshfield city","F","+44691750","-090201547","25",2.40
"G550073054500","1990","WI",,,,,,,,,,,,"99","Marathon","073","Mosinee city","54500","C5","3","8940",,,,"9999","2","Wisconsin","55",,,,"0000019988","0000002013","Mosinee city","F","+44787213","-089683445","25",2.66
"G550073054525","1990","WI",,,,,,,,,,,,"99","Marathon","073","Mosinee town","54525","T1","3","8940",,,,"9999","2","Wisconsin","55",,,,"0000096348","0000003249","Mosinee town","A","+44823013","-089762954","43",3.02
"G550073057600","1990","WI",,,,,,,,,,,,"99","Marathon","073","Norrie town","57600","T1","3","8940",,,,"9999","2","Wisconsin","55",,,,"0000089926","0000001511","Norrie town","A","+44913160","-089282704","43",3.01
"G550073063500","1990","WI",,,,,,,,,,,,"99","Marathon","073","Plover town","63500","T1","3","8940",,,,"9999","2","Wisconsin","55",,,,"0000093654","0000000098","Plover town","A","+44989729","-089280152","43",3.01
"G550073066950","1990","WI",,,,,,,,,,,,"99","Marathon","073","Reid town","66950","T1","3","8940",,,,"9999","2","Wisconsin","55",,,,"0000107855","0000001465","Reid town","A","+44810721","-089419737","43",3.05
"G550073067250","1990","WI",,,,,,,,,,,,"99","Marathon","073","Rib Falls town","67250","T1","3","8940",,,,"9999","2","Wisconsin","55",,,,"0000092897","0000000093","Rib Falls town","A","+44993414","-089906138","43",3.33
"G550073067325","1990","WI",,,,,,,,,,,,"99","Marathon","073","Rib Mountain town","67325","T1","3","8940",,,,"9999","2","Wisconsin","55",,,,"0000063680","0000002557","Rib Mountain town","A","+44896389","-089683809","43",2.95
"G550073067950","1990","WI",,,,,,,,,,,,"99","Marathon","073","Rietbrock town","67950","T1","3","8940",,,,"9999","2","Wisconsin","55",,,,"0000088143","0000000000","Rietbrock town","A","+44989486","-090014472","43",3.29
"G550073068075","1990","WI",,,,,,,,,,,,"99","Marathon","073","Ringle town","68075","T1","3","8940",,,,"9999","2","Wisconsin","55",,,,"0000108960","0000000182","Ringle town","A","+44892544","-089421387","43",3.26
"G550073069725","1990","WI",,,,,,,,,,,,"99","Marathon","073","Rothschild village","69725","C5","3","8940",,,,"9999","2","Wisconsin","55",,,,"0000004548","0000000749","Rothschild village","F","+44886850","-089620924","47",2.71
"G550073072150","1990","WI",,,,,,,,,,,,"99","Marathon","073","Schofield city","72150","C5","3","8940",,,,"9999","2","Wisconsin","55",,,,"0000004556","0000002780","Schofield city","F","+44915233","-089611883","25",2.37
"G550073075400","1990","WI",,,,,,,,,,,,"99","Marathon","073","Spencer village","75400","C5","3","8940",,,,"9999","2","Wisconsin","55",,,,"0000004737","0000000000","Spencer village","F","+44755394","-090298213","47",2.44
"G550073075425","1990","WI",,,,,,,,,,,,"99","Marathon","073","Spencer town","75425","T1","3","8940",,,,"9999","2","Wisconsin","55",,,,"0000082067","0000000518","Spencer town","A","+44727914","-090256139","43",3.07
"G550073077150","1990","WI",,,,,,,,,,,,"99","Marathon","073","Stettin town","77150","T1","3","8940",,,,"9999","2","Wisconsin","55",,,,"0000098433","0000000570","Stettin town","A","+44981271","-089778423","43",2.82
"G550073077750","1990","WI",,,,,,,,,,,,"99","Marathon","073","Stratford village","77750","C5","3","8940",,,,"9999","2","Wisconsin","55",,,,"0000013700","0000000092","Stratford village","F","+44801137","-090072101","47",2.71
"G550073079350","1990","WI",,,,,,,,,,,,"99","Marathon","073","Texas town","79350","T1","3","8940",,,,"9999","2","Wisconsin","55",,,,"0000115541","0000001184","Texas town","A","+45072763","-089560794","43",3.09
"G550073081850","1990","WI",,,,,,,,,,,,"99","Marathon","073","Unity village","81850","C5","3","8940",,,,"9999","2","Wisconsin","55",,,,"0000001631","0000000000","Unity village","F","+44847876","-090308752","47",2.78
"G550073084475","1990","WI",,,,,,,,,,,,"99","Marathon","073","Wausau city","84475","C5","3","8940",,,,"9999","2","Wisconsin","55",,,,"0000036495","0000003161","Wausau city","F","+44961700","-089644504","25",2.45
"G550073084500","1990","WI",,,,,,,,,,,,"99","Marathon","073","Wausau town","84500","T1","3","8940",,,,"9999","2","Wisconsin","55",,,,"0000087997","0000000000","Wausau town","A","+44981579","-089555022","43",3.01
"G550073086050","1990","WI",,,,,,,,,,,,"99","Marathon","073","Weston town","86050","T1","3","8940",,,,"9999","2","Wisconsin","55",,,,"0000092964","0000000438","Weston town","A","+44896600","-089549396","43",2.74
"G550073087025","1990","WI",,,,,,,,,,,,"99","Marathon","073","Wien town","87025","T1","3","8940",,,,"9999","2","Wisconsin","55",,,,"0000081741","0000000017","Wien town","A","+44896163","-090023099","43",3.33
"G550075001675","1990","WI",,,,,,,,,,,,"99","Marinette","075","Amberg town","01675","T1","3","9999",,,,"9999","2","Wisconsin","55",,,,"0000186064","0000002283","Amberg town","A","+45496473","-087934725","43",2.47
"G550075003525","1990","WI",,,,,,,,,,,,"99","Marinette","075","Athelstane town","03525","T1","3","9999",,,,"9999","2","Wisconsin","55",,,,"0000275038","0000002041","Athelstane town","A","+45478652","-088160408","43",2.56
"G550075005800","1990","WI",,,,,,,,,,,,"99","Marinette","075","Beaver town","05800","T1","3","9999",,,,"9999","2","Wisconsin","55",,,,"0000177717","0000002302","Beaver town","A","+45152525","-088076660","43",2.62
"G550075006000","1990","WI",,,,,,,,,,,,"99","Marinette","075","Beecher town","06000","T1","3","9999",,,,"9999","2","Wisconsin","55",,,,"0000125692","0000002226","Beecher town","A","+45565211","-087936116","43",2.49
"G550075016250","1990","WI",,,,,,,,,,,,"99","Marinette","075","Coleman village","16250","C5","3","9999",,,,"9999","2","Wisconsin","55",,,,"0000002809","0000000000","Coleman village","F","+45070389","-088033409","47",2.53
"G550075017725","1990","WI",,,,,,,,,,,,"99","Marinette","075","Crivitz village","17725","C5","3","9999",,,,"9999","2","Wisconsin","55",,,,"0000003751","0000000000","Crivitz village","F","+45234875","-088006822","47",2.36
"G550075021000","1990","WI",,,,,,,,,,,,"99","Marinette","075","Dunbar town","21000","T1","3","9999",,,,"9999","2","Wisconsin","55",,,,"0000270471","0000002033","Dunbar town","A","+45634678","-088149814","43",2.64
"G550075029775","1990","WI",,,,,,,,,,,,"99","Marinette","075","Goodman town","29775","T1","3","9999",,,,"9999","2","Wisconsin","55",,,,"0000274200","0000004442","Goodman town","A","+45633054","-088337779","43",2.37
"G550075031725","1990","WI",,,,,,,,,,,,"99","Marinette","075","Grover town","31725","T1","3","9999",,,,"9999","2","Wisconsin","55",,,,"0000189444","0000000524","Grover town","A","+45058683","-087860363","43",2.91
"G550075041075","1990","WI",,,,,,,,,,,,"99","Marinette","075","Lake town","41075","T1","3","9999",,,,"9999","2","Wisconsin","55",,,,"0000144626","0000009791","Lake town","A","+45198994","-087885524","43",2.76
"G550075049300","1990","WI",,,,,,,,,,,,"99","Marinette","075","Marinette city","49300","C5","3","9999",,,,"9999","2","Wisconsin","55",,,,"0000017237","0000003107","Marinette city","F","+45088543","-087626904","25",2.40
"G550075051537","1990","WI",,,,,,,,,,,,"99","Marinette","075","Middle Inlet town","51537","T1","3","9999",,,,"9999","2","Wisconsin","55",,,,"0000131216","0000001981","Middle Inlet town","A","+45307121","-087940009","43",2.57
"G550075057325","1990","WI",,,,,,,,,,,,"99","Marinette","075","Niagara village","57325","C5","3","9999",,,,"9999","2","Wisconsin","55",,,,"0000007094","0000000699","Niagara village","F","+45780103","-088002215","47",2.53
"G550075057350","1990","WI",,,,,,,,,,,,"99","Marinette","075","Niagara town","57350","T1","3","9999",,,,"9999","2","Wisconsin","55",,,,"0000173823","0000003246","Niagara town","A","+45712697","-087930697","43",3.01
"G550075061775","1990","WI",,,,,,,,,,,,"99","Marinette","075","Pembine town","61775","T1","3","9999",,,,"9999","2","Wisconsin","55",,,,"0000171801","0000002568","Pembine town","A","+45639368","-087935070","43",2.62
"G550075062175","1990","WI",,,,,,,,,,,,"99","Marinette","075","Peshtigo city","62175","C5","3","9999",,,,"9999","2","Wisconsin","55",,,,"0000007876","0000000438","Peshtigo city","F","+45055494","-087745838","25",2.42
"G550075062200","1990","WI",,,,,,,,,,,,"99","Marinette","075","Peshtigo town","62200","T1","3","9999",,,,"9999","2","Wisconsin","55",,,,"0000153973","0000312985","Peshtigo town","A","+45003037","-087646959","43",2.74
"G550075064275","1990","WI",,,,,,,,,,,,"99","Marinette","075","Porterfield town","64275","T1","3","9999",,,,"9999","2","Wisconsin","55",,,,"0000134105","0000003984","Porterfield town","A","+45175223","-087758199","43",2.81
"G550075064750","1990","WI",,,,,,,,,,,,"99","Marinette","075","Pound village","64750","C5","3","9999",,,,"9999","2","Wisconsin","55",,,,"0000002113","0000000000","Pound village","F","+45095879","-088032846","47",2.75
"G550075064775","1990","WI",,,,,,,,,,,,"99","Marinette","075","Pound town","64775","T1","3","9999",,,,"9999","2","Wisconsin","55",,,,"0000129475","0000000728","Pound town","A","+45060928","-088031817","43",2.96
"G550075073975","1990","WI",,,,,,,,,,,,"99","Marinette","075","Silver Cliff town","73975","T1","3","9999",,,,"9999","2","Wisconsin","55",,,,"0000275525","0000001639","Silver Cliff town","A","+45443450","-088316269","43",2.44
"G550075077000","1990","WI",,,,,,,,,,,,"99","Marinette","075","Stephenson town","77000","T1","3","9999",,,,"9999","2","Wisconsin","55",,,,"0000439455","0000018647","Stephenson town","A","+45280076","-088148618","43",2.43
"G550075083050","1990","WI",,,,,,,,,,,,"99","Marinette","075","Wagner town","83050","T1","3","9999",,,,"9999","2","Wisconsin","55",,,,"0000137771","0000003596","Wagner town","A","+45320650","-087738840","43",2.77
"G550075084525","1990","WI",,,,,,,,,,,,"99","Marinette","075","Wausaukee village","84525","C5","3","9999",,,,"9999","2","Wisconsin","55",,,,"0000003678","0000000020","Wausaukee village","F","+45378552","-087954978","47",2.28
"G550075084550","1990","WI",,,,,,,,,,,,"99","Marinette","075","Wausaukee town","84550","T1","3","9999",,,,"9999","2","Wisconsin","55",,,,"0000196154","0000004442","Wausaukee town","A","+45398274","-087951184","43",2.72
"G550077011050","1990","WI",,,,,,,,,,,,"99","Marquette","077","Buffalo town","11050","T1","3","9999",,,,"9999","2","Wisconsin","55",,,,"0000125672","0000001946","Buffalo town","A","+43686213","-089329023","43",2.99
"G550077017900","1990","WI",,,,,,,,,,,,"99","Marquette","077","Crystal Lake town","17900","T1","3","9999",,,,"9999","2","Wisconsin","55",,,,"0000091446","0000001521","Crystal Lake town","A","+43932328","-089309345","43",2.38
"G550077020525","1990","WI",,,,,,,,,,,,"99","Marquette","077","Douglas town","20525","T1","3","9999",,,,"9999","2","Wisconsin","55",,,,"0000074721","0000000916","Douglas town","A","+43690331","-089549560","43",2.64
"G550077024075","1990","WI",,,,,,,,,,,,"99","Marquette","077","Endeavor village","24075","C5","3","9999",,,,"9999","2","Wisconsin","55",,,,"0000001662","0000000155","Endeavor village","F","+43714681","-089468905","47",2.85
"G550077032775","1990","WI",,,,,,,,,,,,"99","Marquette","077","Harris town","32775","T1","3","9999",,,,"9999","2","Wisconsin","55",,,,"0000079233","0000000746","Harris town","A","+43855790","-089429872","43",2.73
"G550077050350","1990","WI",,,,,,,,,,,,"99","Marquette","077","Mecan town","50350","T1","3","9999",,,,"9999","2","Wisconsin","55",,,,"0000071111","0000000211","Mecan town","A","+43825501","-089209592","43",2.46
"G550077053875","1990","WI",,,,,,,,,,,,"99","Marquette","077","Montello city","53875","C5","3","9999",,,,"9999","2","Wisconsin","55",,,,"0000004746","0000000635","Montello city","F","+43794295","-089334360","25",2.27
"G550077053900","1990","WI",,,,,,,,,,,,"99","Marquette","077","Montello town","53900","T1","3","9999",,,,"9999","2","Wisconsin","55",,,,"0000084380","0000003946","Montello town","A","+43775965","-089297687","43",2.56
"G550077054600","1990","WI",,,,,,,,,,,,"99","Marquette","077","Moundville town","54600","T1","3","9999",,,,"9999","2","Wisconsin","55",,,,"0000059429","0000000699","Moundville town","A","+43676611","-089457390","43",2.79
"G550077056125","1990","WI",,,,,,,,,,,,"99","Marquette","077","Neshkoro village","56125","C5","3","9999",,,,"9999","2","Wisconsin","55",,,,"0000005868","0000000227","Neshkoro village","F","+43965186","-089213888","47",2.18
"G550077056150","1990","WI",,,,,,,,,,,,"99","Marquette","077","Neshkoro town","56150","T1","3","9999",,,,"9999","2","Wisconsin","55",,,,"0000054323","0000000918","Neshkoro town","A","+43930849","-089205976","43",2.66
"G550077057225","1990","WI",,,,,,,,,,,,"99","Marquette","077","Newton town","57225","T1","3","9999",,,,"9999","2","Wisconsin","55",,,,"0000091948","0000000348","Newton town","A","+43937582","-089431289","43",2.61
"G550077060875","1990","WI",,,,,,,,,,,,"99","Marquette","077","Oxford village","60875","C5","3","9999",,,,"9999","2","Wisconsin","55",,,,"0000002533","0000000068","Oxford village","F","+43780163","-089562673","47",2.38
"G550077060900","1990","WI",,,,,,,,,,,,"99","Marquette","077","Oxford town","60900","T1","3","9999",,,,"9999","2","Wisconsin","55",,,,"0000086460","0000000441","Oxford town","A","+43775880","-089540716","43",2.56
"G550077060962","1990","WI",,,,,,,,,,,,"99","Marquette","077","Packwaukee town","60962","T1","3","9999",,,,"9999","2","Wisconsin","55",,,,"0000098706","0000007340","Packwaukee town","A","+43767130","-089425224","43",2.44
"G550077073600","1990","WI",,,,,,,,,,,,"99","Marquette","077","Shields town","73600","T1","3","9999",,,,"9999","2","Wisconsin","55",,,,"0000080801","0000000681","Shields town","A","+43847581","-089308055","43",2.50
"G550077075925","1990","WI",,,,,,,,,,,,"99","Marquette","077","Springfield town","75925","T1","3","9999",,,,"9999","2","Wisconsin","55",,,,"0000089635","0000000872","Springfield town","A","+43930461","-089532493","43",2.59
"G550077085575","1990","WI",,,,,,,,,,,,"99","Marquette","077","Westfield village","85575","C5","3","9999",,,,"9999","2","Wisconsin","55",,,,"0000003707","0000000042","Westfield village","F","+43884610","-089494072","47",2.45
"G550077085600","1990","WI",,,,,,,,,,,,"99","Marquette","077","Westfield town","85600","T1","3","9999",,,,"9999","2","Wisconsin","55",,,,"0000073449","0000001399","Westfield town","A","+43851026","-089552509","43",2.48
"G550078050975","1990","WI",,,,,,,,,,,,"99","Menominee","078","Menominee town","50975","T1","3","9999",,,,"9999","2","Wisconsin","55",,,,"0000927207","0000018202","Menominee town","B","+45019069","-088699885","43",3.57
"G550079005450","1990","WI",,,,,,,,,,,,"63","Milwaukee","079","Bayside village","05450","C5","3","5082",,,,"5080","2","Wisconsin","55",,,,"0000005932","0000000000","Bayside village","F","+43180400","-087903326","47",2.68
"G550079010375","1990","WI",,,,,,,,,,,,"63","Milwaukee","079","Brown Deer village","10375","C5","3","5082",,,,"5080","2","Wisconsin","55",,,,"0000011403","0000000000","Brown Deer village","F","+43175000","-087974774","47",2.47
"G550079017975","1990","WI",,,,,,,,,,,,"63","Milwaukee","079","Cudahy city","17975","C5","3","5082",,,,"5080","2","Wisconsin","55",,,,"0000012306","0000000000","Cudahy city","F","+42946583","-087864799","25",2.50
"G550079027075","1990","WI",,,,,,,,,,,,"63","Milwaukee","079","Fox Point village","27075","C5","3","5082",,,,"5080","2","Wisconsin","55",,,,"0000007574","0000000000","Fox Point village","F","+43158450","-087901709","47",2.49
"G550079027300","1990","WI",,,,,,,,,,,,"63","Milwaukee","079","Franklin city","27300","C5","3","5082",,,,"5080","2","Wisconsin","55",,,,"0000089687","0000000241","Franklin city","F","+42886300","-088009824","25",2.78
"G550079029400","1990","WI",,,,,,,,,,,,"63","Milwaukee","079","Glendale city","29400","C5","3","5082",,,,"5080","2","Wisconsin","55",,,,"0000015003","0000000496","Glendale city","F","+43130050","-087927633","25",2.38
"G550079031125","1990","WI",,,,,,,,,,,,"63","Milwaukee","079","Greendale village","31125","C5","3","5082",,,,"5080","2","Wisconsin","55",,,,"0000014499","0000000016","Greendale village","F","+42935700","-088001549","47",2.71
"G550079031175","1990","WI",,,,,,,,,,,,"63","Milwaukee","079","Greenfield city","31175","C5","3","5082",,,,"5080","2","Wisconsin","55",,,,"0000029904","0000000015","Greenfield city","F","+42962767","-088005603","25",2.36
"G550079032075","1990","WI",,,,,,,,,,,,"63","Milwaukee","079","Hales Corners village","32075","C5","3","5082",,,,"5080","2","Wisconsin","55",,,,"0000008292","0000000012","Hales Corners village","F","+42940500","-088049324","47",2.49
"G550079053000","1990","WI",,,,,,,,,,,,"63","Milwaukee","079","Milwaukee city","53000","C5","3","5082",,,,"5080","2","Wisconsin","55",,,,"0000248546","0000001903","Milwaukee city","F","+43063350","-087966623","25",2.53
"G550079058800","1990","WI",,,,,,,,,,,,"63","Milwaukee","079","Oak Creek city","58800","C5","3","5082",,,,"5080","2","Wisconsin","55",,,,"0000074126","0000000000","Oak Creek city","F","+42882300","-087897301","25",2.75
"G550079068325","1990","WI",,,,,,,,,,,,"63","Milwaukee","079","River Hills village","68325","C5","3","5082",,,,"5080","2","Wisconsin","55",,,,"0000013185","0000000464","River Hills village","F","+43173600","-087935061","47",2.85
"G550079070650","1990","WI",,,,,,,,,,,,"63","Milwaukee","079","St. Francis city","70650","C5","3","5082",,,,"5080","2","Wisconsin","55",,,,"0000006555","0000000000","St. Francis city","F","+42970700","-087871729","25",2.32
"G550079073725","1990","WI",,,,,,,,,,,,"63","Milwaukee","079","Shorewood village","73725","C5","3","5082",,,,"5080","2","Wisconsin","55",,,,"0000004149","0000000000","Shorewood village","F","+43091250","-087886249","47",2.12
"G550079075125","1990","WI",,,,,,,,,,,,"63","Milwaukee","079","South Milwaukee city","75125","C5","3","5082",,,,"5080","2","Wisconsin","55",,,,"0000012375","0000000019","South Milwaukee city","F","+42912900","-087862160","25",2.52
"G550079084675","1990","WI",,,,,,,,,,,,"63","Milwaukee","079","Wauwatosa city","84675","C5","3","5082",,,,"5080","2","Wisconsin","55",,,,"0000034293","0000000009","Wauwatosa city","F","+43062100","-088033597","25",2.39
"G550079085300","1990","WI",,,,,,,,,,,,"63","Milwaukee","079","West Allis city","85300","C5","3","5082",,,,"5080","2","Wisconsin","55",,,,"0000029346","0000000119","West Allis city","F","+43007250","-088030023","25",2.32
"G550079085875","1990","WI",,,,,,,,,,,,"63","Milwaukee","079","West Milwaukee village","85875","C5","3","5082",,,,"5080","2","Wisconsin","55",,,,"0000002925","0000000000","West Milwaukee village","F","+43012850","-087970056","47",2.02
"G550079086700","1990","WI",,,,,,,,,,,,"63","Milwaukee","079","Whitefish Bay village","86700","C5","3","5082",,,,"5080","2","Wisconsin","55",,,,"0000005549","0000000000","Whitefish Bay village","F","+43112567","-087900916","47",2.62
"G550081000475","1990","WI",,,,,,,,,,,,"99","Monroe","081","Adrian town","00475","T1","3","9999",,,,"9999","2","Wisconsin","55",,,,"0000091334","0000000020","Adrian town","A","+43947195","-090612043","43",3.15
"G550081002025","1990","WI",,,,,,,,,,,,"99","Monroe","081","Angelo town","02025","T1","3","9999",,,,"9999","2","Wisconsin","55",,,,"0000091003","0000000328","Angelo town","A","+43946503","-090730373","43",2.92
"G550081011625","1990","WI",,,,,,,,,,,,"99","Monroe","081","Byron town","11625","T1","3","9999",,,,"9999","2","Wisconsin","55",,,,"0000091903","0000001504","Byron town","A","+44027064","-090373063","43",2.78
"G550081012950","1990","WI",,,,,,,,,,,,"99","Monroe","081","Cashton village","12950","C5","3","9999",,,,"9999","2","Wisconsin","55",,,,"0000001893","0000000000","Cashton village","F","+43743088","-090781447","47",2.25
"G550081015550","1990","WI",,,,,,,,,,,,"99","Monroe","081","Clifton town","15550","T1","3","9999",,,,"9999","2","Wisconsin","55",,,,"0000088338","0000000000","Clifton town","A","+43863070","-090373670","43",3.45
"G550081029450","1990","WI",,,,,,,,,,,,"99","Monroe","081","Glendale town","29450","T1","3","9999",,,,"9999","2","Wisconsin","55",,,,"0000092327","0000000028","Glendale town","A","+43772070","-090376713","43",2.78
"G550081030325","1990","WI",,,,,,,,,,,,"99","Monroe","081","Grant town","30325","T1","3","9999",,,,"9999","2","Wisconsin","55",,,,"0000092578","0000000403","Grant town","A","+44110285","-090626081","43",2.90
"G550081031225","1990","WI",,,,,,,,,,,,"99","Monroe","081","Greenfield town","31225","T1","3","9999",,,,"9999","2","Wisconsin","55",,,,"0000091402","0000000144","Greenfield town","A","+44026905","-090613457","43",2.97
"G550081037950","1990","WI",,,,,,,,,,,,"99","Monroe","081","Jefferson town","37950","T1","3","9999",,,,"9999","2","Wisconsin","55",,,,"0000090596","0000000009","Jefferson town","A","+43769417","-090721400","43",3.74
"G550081039150","1990","WI",,,,,,,,,,,,"99","Monroe","081","Kendall village","39150","C5","3","9999",,,,"9999","2","Wisconsin","55",,,,"0000001906","0000000000","Kendall village","F","+43793155","-090367616","47",2.41
"G550081040925","1990","WI",,,,,,,,,,,,"99","Monroe","081","Lafayette town","40925","T1","3","9999",,,,"9999","2","Wisconsin","55",,,,"0000091378","0000000106","Lafayette town","A","+44029583","-090722588","43",2.90
"G550081041000","1990","WI",,,,,,,,,,,,"99","Monroe","081","La Grange town","41000","T1","3","9999",,,,"9999","2","Wisconsin","55",,,,"0000078903","0000004128","La Grange town","A","+44023909","-090486469","43",2.94
"G550081043475","1990","WI",,,,,,,,,,,,"99","Monroe","081","Leon town","43475","T1","3","9999",,,,"9999","2","Wisconsin","55",,,,"0000092643","0000000000","Leon town","A","+43859582","-090854270","43",2.97
"G550081044450","1990","WI",,,,,,,,,,,,"99","Monroe","081","Lincoln town","44450","T1","3","9999",,,,"9999","2","Wisconsin","55",,,,"0000088278","0000002147","Lincoln town","A","+44118146","-090489271","43",2.89
"G550081044975","1990","WI",,,,,,,,,,,,"99","Monroe","081","Little Falls town","44975","T1","3","9999",,,,"9999","2","Wisconsin","55",,,,"0000177308","0000001136","Little Falls town","A","+44103553","-090870599","43",2.92
"G550081050800","1990","WI",,,,,,,,,,,,"99","Monroe","081","Melvina village","50800","C5","3","9999",,,,"9999","2","Wisconsin","55",,,,"0000001232","0000000000","Melvina village","F","+43804288","-090780265","47",2.74
"G550081056950","1990","WI",,,,,,,,,,,,"99","Monroe","081","New Lyme town","56950","T1","3","9999",,,,"9999","2","Wisconsin","55",,,,"0000092144","0000001271","New Lyme town","A","+44102697","-090733826","43",3.12
"G550081058575","1990","WI",,,,,,,,,,,,"99","Monroe","081","Norwalk village","58575","C5","3","9999",,,,"9999","2","Wisconsin","55",,,,"0000002718","0000000000","Norwalk village","F","+43833326","-090625416","47",2.56
"G550081058850","1990","WI",,,,,,,,,,,,"99","Monroe","081","Oakdale village","58850","C5","3","9999",,,,"9999","2","Wisconsin","55",,,,"0000002108","0000000000","Oakdale village","F","+43962659","-090378597","47",2.32
"G550081058875","1990","WI",,,,,,,,,,,,"99","Monroe","081","Oakdale town","58875","T1","3","9999",,,,"9999","2","Wisconsin","55",,,,"0000092383","0000000197","Oakdale town","A","+43945929","-090369309","43",3.05
"G550081064425","1990","WI",,,,,,,,,,,,"99","Monroe","081","Portland town","64425","T1","3","9999",,,,"9999","2","Wisconsin","55",,,,"0000093556","0000000016","Portland town","A","+43772980","-090853449","43",3.05
"G550081067850","1990","WI",,,,,,,,,,,,"99","Monroe","081","Ridgeville town","67850","T1","3","9999",,,,"9999","2","Wisconsin","55",,,,"0000088586","0000000098","Ridgeville town","A","+43854011","-090626711","43",3.19
"G550081072325","1990","WI",,,,,,,,,,,,"99","Monroe","081","Scott town","72325","T1","3","9999",,,,"9999","2","Wisconsin","55",,,,"0000087891","0000006782","Scott town","A","+44122130","-090379900","43",3.24
"G550081073150","1990","WI",,,,,,,,,,,,"99","Monroe","081","Sheldon town","73150","T1","3","9999",,,,"9999","2","Wisconsin","55",,,,"0000091460","0000000000","Sheldon town","A","+43766670","-090619554","43",3.52
"G550081075325","1990","WI",,,,,,,,,,,,"99","Monroe","081","Sparta city","75325","C5","3","9999",,,,"9999","2","Wisconsin","55",,,,"0000012728","0000000151","Sparta city","F","+43942756","-090809753","25",2.44
"G550081075350","1990","WI",,,,,,,,,,,,"99","Monroe","081","Sparta town","75350","T1","3","9999",,,,"9999","2","Wisconsin","55",,,,"0000127850","0000000000","Sparta town","A","+43970402","-090871927","43",2.94
"G550081080075","1990","WI",,,,,,,,,,,,"99","Monroe","081","Tomah city","80075","C5","3","9999",,,,"9999","2","Wisconsin","55",,,,"0000016573","0000001017","Tomah city","F","+43989609","-090503327","25",2.38
"G550081080100","1990","WI",,,,,,,,,,,,"99","Monroe","081","Tomah town","80100","T1","3","9999",,,,"9999","2","Wisconsin","55",,,,"0000082479","0000000007","Tomah town","A","+43937058","-090496269","43",3.04
"G550081083450","1990","WI",,,,,,,,,,,,"99","Monroe","081","Warrens village","83450","C5","3","9999",,,,"9999","2","Wisconsin","55",,,,"0000001421","0000000044","Warrens village","F","+44130385","-090500567","47",3.12
"G550081085125","1990","WI",,,,,,,,,,,,"99","Monroe","081","Wellington town","85125","T1","3","9999",,,,"9999","2","Wisconsin","55",,,,"0000091691","0000000000","Wellington town","A","+43761770","-090490393","43",3.13
"G550081085150","1990","WI",,,,,,,,,,,,"99","Monroe","081","Wells town","85150","T1","3","9999",,,,"9999","2","Wisconsin","55",,,,"0000092545","0000000000","Wells town","A","+43862700","-090735643","43",3.13
"G550081087525","1990","WI",,,,,,,,,,,,"99","Monroe","081","Wilton village","87525","C5","3","9999",,,,"9999","2","Wisconsin","55",,,,"0000002399","0000000000","Wilton village","F","+43814523","-090527397","47",2.43
"G550081087550","1990","WI",,,,,,,,,,,,"99","Monroe","081","Wilton town","87550","T1","3","9999",,,,"9999","2","Wisconsin","55",,,,"0000090316","0000000000","Wilton town","A","+43845215","-090490218","43",3.85
"G550081089275","1990","WI",,,,,,,,,,,,"99","Monroe","081","Wyeville village","89275","C5","3","9999",,,,"9999","2","Wisconsin","55",,,,"0000001542","0000000000","Wyeville village","F","+44027693","-090385801","47",2.66
"G550083000175","1990","WI",,,,,,,,,,,,"99","Oconto","083","Abrams town","00175","T1","3","9999",,,,"9999","2","Wisconsin","55",,,,"0000097023","0000000298","Abrams town","A","+44798719","-088075780","43",2.93
"G550083002900","1990","WI",,,,,,,,,,,,"99","Oconto","083","Armstrong town","02900","T1","3","9999",,,,"9999","2","Wisconsin","55",,,,"0000185422","0000002839","Armstrong town","A","+45157143","-088429824","43",2.30
"G550083004275","1990","WI",,,,,,,,,,,,"99","Oconto","083","Bagley town","04275","T1","3","9999",,,,"9999","2","Wisconsin","55",,,,"0000090193","0000002261","Bagley town","A","+45071672","-088291980","43",2.66
"G550083009375","1990","WI",,,,,,,,,,,,"99","Oconto","083","Brazeau town","09375","T1","3","9999",,,,"9999","2","Wisconsin","55",,,,"0000177525","0000007822","Brazeau town","A","+45108627","-088210698","43",2.50
"G550083009425","1990","WI",,,,,,,,,,,,"99","Oconto","083","Breed town","09425","T1","3","9999",,,,"9999","2","Wisconsin","55",,,,"0000092081","0000000586","Breed town","A","+45072297","-088424457","43",2.43
"G550083014125","1990","WI",,,,,,,,,,,,"99","Oconto","083","Chase town","14125","T1","3","9999",,,,"9999","2","Wisconsin","55",,,,"0000091674","0000000181","Chase town","A","+44718710","-088194265","43",3.20
"G550083020475","1990","WI",,,,,,,,,,,,"99","Oconto","083","Doty town","20475","T1","3","9999",,,,"9999","2","Wisconsin","55",,,,"0000135142","0000005770","Doty town","A","+45204843","-088614723","43",2.22
"G550083029050","1990","WI",,,,,,,,,,,,"99","Oconto","083","Gillett city","29050","C5","3","9999",,,,"9999","2","Wisconsin","55",,,,"0000003448","0000000024","Gillett city","F","+44889757","-088306321","25",2.20
"G550083029075","1990","WI",,,,,,,,,,,,"99","Oconto","083","Gillett town","29075","T1","3","9999",,,,"9999","2","Wisconsin","55",,,,"0000086565","0000002389","Gillett town","A","+44897611","-088308369","43",2.87
"G550083035925","1990","WI",,,,,,,,,,,,"99","Oconto","083","How town","35925","T1","3","9999",,,,"9999","2","Wisconsin","55",,,,"0000090501","0000000311","How town","A","+44989555","-088437202","43",2.85
"G550083042075","1990","WI",,,,,,,,,,,,"99","Oconto","083","Lakewood town","42075","T1","3","9999",,,,"9999","2","Wisconsin","55",,,,"0000183444","0000004127","Lakewood town","A","+45340121","-088436074","43",2.33
"G550083043325","1990","WI",,,,,,,,,,,,"99","Oconto","083","Lena village","43325","C5","3","9999",,,,"9999","2","Wisconsin","55",,,,"0000002252","0000000009","Lena village","F","+44952656","-088050115","47",2.47
"G550083043350","1990","WI",,,,,,,,,,,,"99","Oconto","083","Lena town","43350","T1","3","9999",,,,"9999","2","Wisconsin","55",,,,"0000086521","0000000008","Lena town","A","+44975722","-088056465","43",3.06
"G550083045175","1990","WI",,,,,,,,,,,,"99","Oconto","083","Little River town","45175","T1","3","9999",,,,"9999","2","Wisconsin","55",,,,"0000133495","0000000000","Little River town","A","+44964712","-087906647","43",2.95
"G550083045275","1990","WI",,,,,,,,,,,,"99","Oconto","083","Little Suamico town","45275","T1","3","9999",,,,"9999","2","Wisconsin","55",,,,"0000096720","0000000164","Little Suamico town","A","+44710976","-088055803","43",3.02
"G550083049000","1990","WI",,,,,,,,,,,,"99","Oconto","083","Maple Valley town","49000","T1","3","9999",,,,"9999","2","Wisconsin","55",,,,"0000091380","0000000327","Maple Valley town","A","+44984826","-088315373","43",2.70
"G550083054200","1990","WI",,,,,,,,,,,,"99","Oconto","083","Morgan town","54200","T1","3","9999",,,,"9999","2","Wisconsin","55",,,,"0000092113","0000000194","Morgan town","A","+44809213","-088200809","43",3.11
"G550083059350","1990","WI",,,,,,,,,,,,"99","Oconto","083","Oconto city","59350","C5","3","9999",,,,"9999","2","Wisconsin","55",,,,"0000017839","0000001227","Oconto city","F","+44891306","-087868238","25",2.57
"G550083059375","1990","WI",,,,,,,,,,,,"99","Oconto","083","Oconto town","59375","T1","3","9999",,,,"9999","2","Wisconsin","55",,,,"0000093994","0000001001","Oconto town","A","+44887614","-087941333","43",2.89
"G550083059400","1990","WI",,,,,,,,,,,,"99","Oconto","083","Oconto Falls city","59400","C5","3","9999",,,,"9999","2","Wisconsin","55",,,,"0000006345","0000000566","Oconto Falls city","F","+44872577","-088145190","25",2.39
"G550083059425","1990","WI",,,,,,,,,,,,"99","Oconto","083","Oconto Falls town","59425","T1","3","9999",,,,"9999","2","Wisconsin","55",,,,"0000084128","0000001384","Oconto Falls town","A","+44900107","-088191948","43",2.90
"G550083061900","1990","WI",,,,,,,,,,,,"99","Oconto","083","Pensaukee town","61900","T1","3","9999",,,,"9999","2","Wisconsin","55",,,,"0000092002","0000000301","Pensaukee town","A","+44808075","-087969698","43",2.74
"G550083068400","1990","WI",,,,,,,,,,,,"99","Oconto","083","Riverview town","68400","T1","3","9999",,,,"9999","2","Wisconsin","55",,,,"0000180619","0000005194","Riverview town","A","+45239894","-088442017","43",2.11
"G550083076450","1990","WI",,,,,,,,,,,,"99","Oconto","083","Spruce town","76450","T1","3","9999",,,,"9999","2","Wisconsin","55",,,,"0000091099","0000001422","Spruce town","A","+44989285","-088184487","43",2.54
"G550083077300","1990","WI",,,,,,,,,,,,"99","Oconto","083","Stiles town","77300","T1","3","9999",,,,"9999","2","Wisconsin","55",,,,"0000089035","0000002141","Stiles town","A","+44888965","-088065903","43",2.70
"G550083078725","1990","WI",,,,,,,,,,,,"99","Oconto","083","Suring village","78725","C5","3","9999",,,,"9999","2","Wisconsin","55",,,,"0000002631","0000000000","Suring village","F","+45000419","-088370289","47",2.20
"G550083080325","1990","WI",,,,,,,,,,,,"99","Oconto","083","Townsend town","80325","T1","3","9999",,,,"9999","2","Wisconsin","55",,,,"0000101009","0000008957","Townsend town","A","+45323596","-088611753","43",2.29
"G550083081475","1990","WI",,,,,,,,,,,,"99","Oconto","083","Underhill town","81475","T1","3","9999",,,,"9999","2","Wisconsin","55",,,,"0000090851","0000001394","Underhill town","A","+44896467","-088434518","43",2.79
"G550085013025","1990","WI",,,,,,,,,,,,"99","Oneida","085","Cassian town","13025","T1","3","9999",,,,"9999","2","Wisconsin","55",,,,"0000168353","0000008697","Cassian town","A","+45690036","-089682886","43",2.55
"G550085017625","1990","WI",,,,,,,,,,,,"99","Oneida","085","Crescent town","17625","T1","3","9999",,,,"9999","2","Wisconsin","55",,,,"0000081646","0000008501","Crescent town","A","+45600509","-089485051","43",2.64
"G550085024125","1990","WI",,,,,,,,,,,,"99","Oneida","085","Enterprise town","24125","T1","3","9999",,,,"9999","2","Wisconsin","55",,,,"0000146833","0000005793","Enterprise town","A","+45508593","-089325560","43",2.38
"G550085033575","1990","WI",,,,,,,,,,,,"99","Oneida","085","Hazelhurst town","33575","T1","3","9999",,,,"9999","2","Wisconsin","55",,,,"0000081269","0000010089","Hazelhurst town","A","+45777846","-089729290","43",2.57
"G550085041887","1990","WI",,,,,,,,,,,,"99","Oneida","085","Lake Tomahawk town","41887","T1","3","9999",,,,"9999","2","Wisconsin","55",,,,"0000088878","0000012680","Lake Tomahawk town","A","+45771452","-089608215","43",2.43
"G550085045150","1990","WI",,,,,,,,,,,,"99","Oneida","085","Little Rice town","45150","T1","3","9999",,,,"9999","2","Wisconsin","55",,,,"0000176418","0000014396","Little Rice town","A","+45638940","-089856415","43",2.20
"G550085046650","1990","WI",,,,,,,,,,,,"99","Oneida","085","Lynne town","46650","T1","3","9999",,,,"9999","2","Wisconsin","55",,,,"0000182977","0000003891","Lynne town","A","+45633020","-089966433","43",2.18
"G550085053225","1990","WI",,,,,,,,,,,,"99","Oneida","085","Minocqua town","53225","T1","3","9999",,,,"9999","2","Wisconsin","55",,,,"0000390098","0000044718","Minocqua town","A","+45824662","-089885934","43",2.31
"G550085053662","1990","WI",,,,,,,,,,,,"99","Oneida","085","Monico town","53662","T1","3","9999",,,,"9999","2","Wisconsin","55",,,,"0000140122","0000001182","Monico town","A","+45600552","-089143401","43",2.77
"G550085056425","1990","WI",,,,,,,,,,,,"99","Oneida","085","Newbold town","56425","T1","3","9999",,,,"9999","2","Wisconsin","55",,,,"0000204796","0000036095","Newbold town","A","+45781142","-089492361","43",2.62
"G550085057450","1990","WI",,,,,,,,,,,,"99","Oneida","085","Nokomis town","57450","T1","3","9999",,,,"9999","2","Wisconsin","55",,,,"0000086479","0000009348","Nokomis town","A","+45604053","-089731791","43",2.45
"G550085061625","1990","WI",,,,,,,,,,,,"99","Oneida","085","Pelican town","61625","T1","3","9999",,,,"9999","2","Wisconsin","55",,,,"0000133793","0000006987","Pelican town","A","+45601576","-089331742","43",2.53
"G550085062600","1990","WI",,,,,,,,,,,,"99","Oneida","085","Piehl town","62600","T1","3","9999",,,,"9999","2","Wisconsin","55",,,,"0000096833","0000001537","Piehl town","A","+45684670","-089109617","43",2.36
"G550085062925","1990","WI",,,,,,,,,,,,"99","Oneida","085","Pine Lake town","62925","T1","3","9999",,,,"9999","2","Wisconsin","55",,,,"0000105513","0000011427","Pine Lake town","A","+45689008","-089397247","43",2.60
"G550085067200","1990","WI",,,,,,,,,,,,"99","Oneida","085","Rhinelander city","67200","C5","3","9999",,,,"9999","2","Wisconsin","55",,,,"0000013315","0000000274","Rhinelander city","F","+45639559","-089411956","25",2.32
"G550085072125","1990","WI",,,,,,,,,,,,"99","Oneida","085","Schoepke town","72125","T1","3","9999",,,,"9999","2","Wisconsin","55",,,,"0000119290","0000011734","Schoepke town","A","+45512913","-089146082","43",2.35
"G550085076975","1990","WI",,,,,,,,,,,,"99","Oneida","085","Stella town","76975","T1","3","9999",,,,"9999","2","Wisconsin","55",,,,"0000091502","0000005087","Stella town","A","+45677354","-089236631","43",2.76
"G550085078075","1990","WI",,,,,,,,,,,,"99","Oneida","085","Sugar Camp town","78075","T1","3","9999",,,,"9999","2","Wisconsin","55",,,,"0000230107","0000023697","Sugar Camp town","A","+45804340","-089340008","43",2.63
"G550085079700","1990","WI",,,,,,,,,,,,"99","Oneida","085","Three Lakes town","79700","T1","3","9999",,,,"9999","2","Wisconsin","55",,,,"0000211172","0000047603","Three Lakes town","A","+45801246","-089133085","43",2.33
"G550085088625","1990","WI",,,,,,,,,,,,"99","Oneida","085","Woodboro town","88625","T1","3","9999",,,,"9999","2","Wisconsin","55",,,,"0000089751","0000006501","Woodboro town","A","+45596678","-089614646","43",2.61
"G550085088950","1990","WI",,,,,,,,,,,,"99","Oneida","085","Woodruff town","88950","T1","3","9999",,,,"9999","2","Wisconsin","55",,,,"0000073899","0000018244","Woodruff town","A","+45856825","-089624435","43",2.29
"G550087002375","1990","WI",,,,,,,,,,,,"99","Outagamie","087","Appleton city","02375","C5","3","0460",,,,"9999","2","Wisconsin","55",,,,"0000037901","0000001233","Appleton city","F","+44272050","-088397374","25",2.53
"G550087005575","1990","WI",,,,,,,,,,,,"99","Outagamie","087","Bear Creek village","05575","C5","3","0460",,,,"9999","2","Wisconsin","55",,,,"0000002395","0000000000","Bear Creek village","F","+44530835","-088726896","47",2.84
"G550087007725","1990","WI",,,,,,,,,,,,"99","Outagamie","087","Black Creek village","07725","C5","3","0460",,,,"9999","2","Wisconsin","55",,,,"0000002666","0000000000","Black Creek village","F","+44474532","-088450024","47",2.71
"G550087007750","1990","WI",,,,,,,,,,,,"99","Outagamie","087","Black Creek town","07750","T1","3","0460",,,,"9999","2","Wisconsin","55",,,,"0000090825","0000000000","Black Creek town","A","+44459568","-088440804","43",3.33
"G550087008975","1990","WI",,,,,,,,,,,,"99","Outagamie","087","Bovina town","08975","T1","3","0460",,,,"9999","2","Wisconsin","55",,,,"0000087302","0000000153","Bovina town","A","+44458019","-088550880","43",3.02
"G550087010750","1990","WI",,,,,,,,,,,,"99","Outagamie","087","Buchanan town","10750","T1","3","0460",,,,"9999","2","Wisconsin","55",,,,"0000047605","0000001075","Buchanan town","A","+44263100","-088248450","43",3.37
"G550087013600","1990","WI",,,,,,,,,,,,"99","Outagamie","087","Center town","13600","T1","3","0460",,,,"9999","2","Wisconsin","55",,,,"0000092359","0000000000","Center town","A","+44370417","-088440725","43",3.23
"G550087014750","1990","WI",,,,,,,,,,,,"99","Outagamie","087","Cicero town","14750","T1","3","0460",,,,"9999","2","Wisconsin","55",,,,"0000091896","0000000019","Cicero town","A","+44548479","-088433288","43",3.24
"G550087016500","1990","WI",,,,,,,,,,,,"99","Outagamie","087","Combined Locks village","16500","C5","3","0460",,,,"9999","2","Wisconsin","55",,,,"0000003125","0000000486","Combined Locks village","F","+44268700","-088310867","47",2.99
"G550087018525","1990","WI",,,,,,,,,,,,"99","Outagamie","087","Dale town","18525","T1","3","0460",,,,"9999","2","Wisconsin","55",,,,"0000078839","0000000075","Dale town","A","+44277136","-088679346","43",3.10
"G550087019200","1990","WI",,,,,,,,,,,,"99","Outagamie","087","Deer Creek town","19200","T1","3","0460",,,,"9999","2","Wisconsin","55",,,,"0000091921","0000000053","Deer Creek town","A","+44538346","-088668705","43",3.08
"G550087023425","1990","WI",,,,,,,,,,,,"99","Outagamie","087","Ellington town","23425","T1","3","0460",,,,"9999","2","Wisconsin","55",,,,"0000090300","0000000425","Ellington town","A","+44370414","-088558463","43",3.20
"G550087027650","1990","WI",,,,,,,,,,,,"99","Outagamie","087","Freedom town","27650","T1","3","0460",,,,"9999","2","Wisconsin","55",,,,"0000092612","0000000000","Freedom town","A","+44374761","-088311614","43",3.15
"G550087030075","1990","WI",,,,,,,,,,,,"99","Outagamie","087","Grand Chute town","30075","T1","3","0460",,,,"9999","2","Wisconsin","55",,,,"0000071136","0000000314","Grand Chute town","A","+44294939","-088436719","43",2.59
"G550087031550","1990","WI",,,,,,,,,,,,"99","Outagamie","087","Greenville town","31550","T1","3","0460",,,,"9999","2","Wisconsin","55",,,,"0000092718","0000000040","Greenville town","A","+44287700","-088558352","43",3.04
"G550087035825","1990","WI",,,,,,,,,,,,"99","Outagamie","087","Hortonia town","35825","T1","3","0460",,,,"9999","2","Wisconsin","55",,,,"0000050252","0000000596","Hortonia town","A","+44346176","-088682745","43",2.89
"G550087035850","1990","WI",,,,,,,,,,,,"99","Outagamie","087","Hortonville village","35850","C5","3","0460",,,,"9999","2","Wisconsin","55",,,,"0000006790","0000000174","Hortonville village","F","+44338787","-088632860","47",2.90
"G550087038800","1990","WI",,,,,,,,,,,,"99","Outagamie","087","Kaukauna city","38800","C5","3","0460",,,,"9999","2","Wisconsin","55",,,,"0000012193","0000001017","Kaukauna city","F","+44278967","-088268384","25",2.71
"G550087038825","1990","WI",,,,,,,,,,,,"99","Outagamie","087","Kaukauna town","38825","T1","3","0460",,,,"9999","2","Wisconsin","55",,,,"0000046627","0000000789","Kaukauna town","A","+44350000","-088221503","43",3.38
"G550087039650","1990","WI",,,,,,,,,,,,"99","Outagamie","087","Kimberly village","39650","C5","3","0460",,,,"9999","2","Wisconsin","55",,,,"0000004424","0000000392","Kimberly village","F","+44270032","-088340681","47",2.65
"G550087043875","1990","WI",,,,,,,,,,,,"99","Outagamie","087","Liberty town","43875","T1","3","0460",,,,"9999","2","Wisconsin","55",,,,"0000078910","0000000332","Liberty town","A","+44415917","-088654025","43",3.25
"G550087044950","1990","WI",,,,,,,,,,,,"99","Outagamie","087","Little Chute village","44950","C5","3","0460",,,,"9999","2","Wisconsin","55",,,,"0000009093","0000000816","Little Chute village","F","+44285750","-088313499","47",2.88
"G550087048250","1990","WI",,,,,,,,,,,,"99","Outagamie","087","Maine town","48250","T1","3","0460",,,,"9999","2","Wisconsin","55",,,,"0000094855","0000002036","Maine town","A","+44545688","-088554227","43",3.05
"G550087048775","1990","WI",,,,,,,,,,,,"99","Outagamie","087","Maple Creek town","48775","T1","3","0460",,,,"9999","2","Wisconsin","55",,,,"0000057516","0000000348","Maple Creek town","A","+44462877","-088696304","43",3.26
"G550087056925","1990","WI",,,,,,,,,,,,"99","Outagamie","087","New London city","56925","C5","3","0460",,,,"9999","2","Wisconsin","55",,,,"0000004803","0000000054","New London city","F","+44392051","-088729054","25",2.39
"G550087057375","1990","WI",,,,,,,,,,,,"99","Outagamie","087","Nichols village","57375","C5","3","0460",,,,"9999","2","Wisconsin","55",,,,"0000002237","0000000000","Nichols village","F","+44565451","-088467079","47",2.89
"G550087060000","1990","WI",,,,,,,,,,,,"99","Outagamie","087","Oneida town","60000","T1","3","0460",,,,"9999","2","Wisconsin","55",,,,"0000157567","0000000025","Oneida town","A","+44472450","-088242383","43",3.39
"G550087060400","1990","WI",,,,,,,,,,,,"99","Outagamie","087","Osborn town","60400","T1","3","0460",,,,"9999","2","Wisconsin","55",,,,"0000043861","0000000019","Osborn town","A","+44455757","-088340226","43",3.17
"G550087072725","1990","WI",,,,,,,,,,,,"99","Outagamie","087","Seymour city","72725","C5","3","0460",,,,"9999","2","Wisconsin","55",,,,"0000006453","0000000009","Seymour city","F","+44514479","-088327370","25",2.61
"G550087072750","1990","WI",,,,,,,,,,,,"99","Outagamie","087","Seymour town","72750","T1","3","0460",,,,"9999","2","Wisconsin","55",,,,"0000079000","0000000038","Seymour town","A","+44543691","-088313573","43",3.46
"G550087073625","1990","WI",,,,,,,,,,,,"99","Outagamie","087","Shiocton village","73625","C5","3","0460",,,,"9999","2","Wisconsin","55",,,,"0000004177","0000000013","Shiocton village","F","+44445232","-088576502","47",2.56
"G550087082400","1990","WI",,,,,,,,,,,,"99","Outagamie","087","Vandenbroek town","82400","T1","3","0460",,,,"9999","2","Wisconsin","55",,,,"0000026249","0000000000","Vandenbroek town","A","+44311850","-088297949","43",3.23
"G550089005450","1990","WI",,,,,,,,,,,,"63","Ozaukee","089","Bayside village","05450","C5","3","5082",,,,"5080","2","Wisconsin","55",,,,"0000000230","0000000000","Bayside village","F","+43192867","-087896380","47",2.84
"G550089006150","1990","WI",,,,,,,,,,,,"63","Ozaukee","089","Belgium village","06150","C5","3","5082",,,,"5080","2","Wisconsin","55",,,,"0000002624","0000000000","Belgium village","F","+43500584","-087850286","47",2.72
"G550089006175","1990","WI",,,,,,,,,,,,"63","Ozaukee","089","Belgium town","06175","T1","3","5082",,,,"5080","2","Wisconsin","55",,,,"0000093686","0000002758","Belgium town","A","+43494147","-087859022","43",2.90
"G550089013375","1990","WI",,,,,,,,,,,,"63","Ozaukee","089","Cedarburg city","13375","C5","3","5082",,,,"5080","2","Wisconsin","55",,,,"0000009243","0000000091","Cedarburg city","F","+43296645","-087988248","25",2.53
"G550089013400","1990","WI",,,,,,,,,,,,"63","Ozaukee","089","Cedarburg town","13400","T1","3","5082",,,,"5080","2","Wisconsin","55",,,,"0000067192","0000000635","Cedarburg town","A","+43324592","-088016177","43",3.14
"G550089027550","1990","WI",,,,,,,,,,,,"63","Ozaukee","089","Fredonia village","27550","C5","3","5082",,,,"5080","2","Wisconsin","55",,,,"0000003694","0000000000","Fredonia village","F","+43468472","-087951740","47",3.09
"G550089027575","1990","WI",,,,,,,,,,,,"63","Ozaukee","089","Fredonia town","27575","T1","3","5082",,,,"5080","2","Wisconsin","55",,,,"0000089778","0000000780","Fredonia town","A","+43491297","-087985309","43",3.19
"G550089030000","1990","WI",,,,,,,,,,,,"63","Ozaukee","089","Grafton village","30000","C5","3","5082",,,,"5080","2","Wisconsin","55",,,,"0000007442","0000000092","Grafton village","F","+43318633","-087954632","47",2.74
"G550089030025","1990","WI",,,,,,,,,,,,"63","Ozaukee","089","Grafton town","30025","T1","3","5082",,,,"5080","2","Wisconsin","55",,,,"0000053763","0000004140","Grafton town","A","+43325536","-087923043","43",2.85
"G550089051150","1990","WI",,,,,,,,,,,,"63","Ozaukee","089","Mequon city","51150","C5","3","5082",,,,"5080","2","Wisconsin","55",,,,"0000119622","0000001644","Mequon city","F","+43235883","-087989257","25",2.89
"G550089056450","1990","WI",,,,,,,,,,,,"63","Ozaukee","089","Newburg village","56450","C5","3","5082",,,,"5080","2","Wisconsin","55",,,,"0000000215","0000000000","Newburg village","F","+43431560","-088034406","47",2.75
"G550089064450","1990","WI",,,,,,,,,,,,"63","Ozaukee","089","Port Washington city","64450","C5","3","5082",,,,"5080","2","Wisconsin","55",,,,"0000009049","0000000000","Port Washington city","F","+43393685","-087879925","25",2.67
"G550089064475","1990","WI",,,,,,,,,,,,"63","Ozaukee","089","Port Washington town","64475","T1","3","5082",,,,"5080","2","Wisconsin","55",,,,"0000049102","0000006629","Port Washington town","A","+43418821","-087873173","43",3.01
"G550089071700","1990","WI",,,,,,,,,,,,"63","Ozaukee","089","Saukville village","71700","C5","3","5082",,,,"5080","2","Wisconsin","55",,,,"0000006221","0000000117","Saukville village","F","+43383808","-087941427","47",2.95
"G550089071725","1990","WI",,,,,,,,,,,,"63","Ozaukee","089","Saukville town","71725","T1","3","5082",,,,"5080","2","Wisconsin","55",,,,"0000086085","0000001756","Saukville town","A","+43408696","-087988041","43",2.97
"G550089079475","1990","WI",,,,,,,,,,,,"63","Ozaukee","089","Thiensville village","79475","C5","3","5082",,,,"5080","2","Wisconsin","55",,,,"0000002838","0000000024","Thiensville village","F","+43236800","-087979863","47",2.39
"G550091000800","1990","WI",,,,,,,,,,,,"99","Pepin","091","Albany town","00800","T1","3","9999",,,,"9999","2","Wisconsin","55",,,,"0000093337","0000000002","Albany town","A","+44635144","-091719201","43",3.29
"G550091021225","1990","WI",,,,,,,,,,,,"99","Pepin","091","Durand city","21225","C5","3","9999",,,,"9999","2","Wisconsin","55",,,,"0000004058","0000000287","Durand city","F","+44629085","-091960634","25",2.43
"G550091021250","1990","WI",,,,,,,,,,,,"99","Pepin","091","Durand town","21250","T1","3","9999",,,,"9999","2","Wisconsin","55",,,,"0000048027","0000001429","Durand town","A","+44633132","-091932267","43",3.08
"G550091027175","1990","WI",,,,,,,,,,,,"99","Pepin","091","Frankfort town","27175","T1","3","9999",,,,"9999","2","Wisconsin","55",,,,"0000077885","0000002325","Frankfort town","A","+44557663","-092099443","43",2.80
"G550091044075","1990","WI",,,,,,,,,,,,"99","Pepin","091","Lima town","44075","T1","3","9999",,,,"9999","2","Wisconsin","55",,,,"0000093001","0000000030","Lima town","A","+44640791","-091833663","43",3.15
"G550091061925","1990","WI",,,,,,,,,,,,"99","Pepin","091","Pepin village","61925","C5","3","9999",,,,"9999","2","Wisconsin","55",,,,"0000001814","0000000000","Pepin village","F","+44442403","-092146274","47",2.26
"G550091061950","1990","WI",,,,,,,,,,,,"99","Pepin","091","Pepin town","61950","T1","3","9999",,,,"9999","2","Wisconsin","55",,,,"0000117714","0000018436","Pepin town","A","+44478359","-092140363","43",2.66
"G550091077475","1990","WI",,,,,,,,,,,,"99","Pepin","091","Stockholm village","77475","C5","3","9999",,,,"9999","2","Wisconsin","55",,,,"0000002415","0000000077","Stockholm village","F","+44483592","-092260278","47",2.34
"G550091077500","1990","WI",,,,,,,,,,,,"99","Pepin","091","Stockholm town","77500","T1","3","9999",,,,"9999","2","Wisconsin","55",,,,"0000039778","0000016528","Stockholm town","A","+44504979","-092256533","43",2.66
"G550091084025","1990","WI",,,,,,,,,,,,"99","Pepin","091","Waterville town","84025","T1","3","9999",,,,"9999","2","Wisconsin","55",,,,"0000093846","0000001229","Waterville town","A","+44641844","-092062521","43",2.72
"G550091084100","1990","WI",,,,,,,,,,,,"99","Pepin","091","Waubeek town","84100","T1","3","9999",,,,"9999","2","Wisconsin","55",,,,"0000029827","0000002082","Waubeek town","A","+44661109","-091974082","43",2.85
"G550093005325","1990","WI",,,,,,,,,,,,"99","Pierce","093","Bay City village","05325","C5","3","9999",,,,"9999","2","Wisconsin","55",,,,"0000001333","0000000031","Bay City village","F","+44585336","-092452634","47",2.77
"G550093015575","1990","WI",,,,,,,,,,,,"99","Pierce","093","Clifton town","15575","T1","3","9999",,,,"9999","2","Wisconsin","55",,,,"0000089034","0000003126","Clifton town","A","+44810219","-092728498","43",3.21
"G550093020150","1990","WI",,,,,,,,,,,,"99","Pierce","093","Diamond Bluff town","20150","T1","3","9999",,,,"9999","2","Wisconsin","55",,,,"0000043173","0000004285","Diamond Bluff town","A","+44654372","-092623640","43",2.86
"G550093023525","1990","WI",,,,,,,,,,,,"99","Pierce","093","Ellsworth village","23525","C5","3","9999",,,,"9999","2","Wisconsin","55",,,,"0000009251","0000000000","Ellsworth village","F","+44737442","-092479831","47",2.48
"G550093023550","1990","WI",,,,,,,,,,,,"99","Pierce","093","Ellsworth town","23550","T1","3","9999",,,,"9999","2","Wisconsin","55",,,,"0000083495","0000000015","Ellsworth town","A","+44735421","-092430170","43",3.14
"G550093023700","1990","WI",,,,,,,,,,,,"99","Pierce","093","Elmwood village","23700","C5","3","9999",,,,"9999","2","Wisconsin","55",,,,"0000003836","0000000000","Elmwood village","F","+44780111","-092149322","47",2.30
"G550093023775","1990","WI",,,,,,,,,,,,"99","Pierce","093","El Paso town","23775","T1","3","9999",,,,"9999","2","Wisconsin","55",,,,"0000090796","0000000000","El Paso town","A","+44726581","-092322529","43",3.19
"G550093029150","1990","WI",,,,,,,,,,,,"99","Pierce","093","Gilman town","29150","T1","3","9999",,,,"9999","2","Wisconsin","55",,,,"0000087904","0000000000","Gilman town","A","+44813494","-092324614","43",2.94
"G550093033050","1990","WI",,,,,,,,,,,,"99","Pierce","093","Hartland town","33050","T1","3","9999",,,,"9999","2","Wisconsin","55",,,,"0000093315","0000000000","Hartland town","A","+44645447","-092441367","43",2.84
"G550093037350","1990","WI",,,,,,,,,,,,"99","Pierce","093","Isabelle town","37350","T1","3","9999",,,,"9999","2","Wisconsin","55",,,,"0000026983","0000013559","Isabelle town","A","+44583039","-092439094","43",2.61
"G550093048175","1990","WI",,,,,,,,,,,,"99","Pierce","093","Maiden Rock village","48175","C5","3","9999",,,,"9999","2","Wisconsin","55",,,,"0000002917","0000000000","Maiden Rock village","F","+44567845","-092308361","47",2.03
"G550093048200","1990","WI",,,,,,,,,,,,"99","Pierce","093","Maiden Rock town","48200","T1","3","9999",,,,"9999","2","Wisconsin","55",,,,"0000104459","0000009667","Maiden Rock town","A","+44571076","-092243471","43",2.91
"G550093049775","1990","WI",,,,,,,,,,,,"99","Pierce","093","Martell town","49775","T1","3","9999",,,,"9999","2","Wisconsin","55",,,,"0000092806","0000000000","Martell town","A","+44822066","-092438292","43",2.90
"G550093059025","1990","WI",,,,,,,,,,,,"99","Pierce","093","Oak Grove town","59025","T1","3","9999",,,,"9999","2","Wisconsin","55",,,,"0000101736","0000001385","Oak Grove town","A","+44740194","-092694333","43",3.29
"G550093063600","1990","WI",,,,,,,,,,,,"99","Pierce","093","Plum City village","63600","C5","3","9999",,,,"9999","2","Wisconsin","55",,,,"0000002540","0000000000","Plum City village","F","+44632972","-092191789","47",2.33
"G550093065375","1990","WI",,,,,,,,,,,,"99","Pierce","093","Prescott city","65375","C5","3","9999",,,,"9999","2","Wisconsin","55",,,,"0000005178","0000000959","Prescott city","F","+44750650","-092790078","25",2.70
"G550093068275","1990","WI",,,,,,,,,,,,"99","Pierce","093","River Falls city","68275","C5","3","9999",,,,"9999","2","Wisconsin","55",,,,"0000007267","0000000108","River Falls city","F","+44852151","-092621827","25",2.60
"G550093068300","1990","WI",,,,,,,,,,,,"99","Pierce","093","River Falls town","68300","T1","3","9999",,,,"9999","2","Wisconsin","55",,,,"0000116685","0000000006","River Falls town","A","+44814057","-092574787","43",3.07
"G550093068775","1990","WI",,,,,,,,,,,,"99","Pierce","093","Rock Elm town","68775","T1","3","9999",,,,"9999","2","Wisconsin","55",,,,"0000092811","0000000025","Rock Elm town","A","+44721829","-092198899","43",3.05
"G550093071150","1990","WI",,,,,,,,,,,,"99","Pierce","093","Salem town","71150","T1","3","9999",,,,"9999","2","Wisconsin","55",,,,"0000091581","0000000000","Salem town","A","+44642712","-092310054","43",3.23
"G550093076100","1990","WI",,,,,,,,,,,,"99","Pierce","093","Spring Lake town","76100","T1","3","9999",,,,"9999","2","Wisconsin","55",,,,"0000081443","0000000000","Spring Lake town","A","+44815927","-092195852","43",3.05
"G550093076300","1990","WI",,,,,,,,,,,,"99","Pierce","093","Spring Valley village","76300","C5","3","9999",,,,"9999","2","Wisconsin","55",,,,"0000007749","0000000165","Spring Valley village","F","+44845682","-092240991","47",2.43
"G550093080550","1990","WI",,,,,,,,,,,,"99","Pierce","093","Trenton town","80550","T1","3","9999",,,,"9999","2","Wisconsin","55",,,,"0000072813","0000005305","Trenton town","A","+44636552","-092532809","43",2.81
"G550093080700","1990","WI",,,,,,,,,,,,"99","Pierce","093","Trimbelle town","80700","T1","3","9999",,,,"9999","2","Wisconsin","55",,,,"0000093680","0000000000","Trimbelle town","A","+44731679","-092555836","43",3.15
"G550093081600","1990","WI",,,,,,,,,,,,"99","Pierce","093","Union town","81600","T1","3","9999",,,,"9999","2","Wisconsin","55",,,,"0000090395","0000000470","Union town","A","+44644139","-092205220","43",3.26
"G550095000950","1990","WI",,,,,,,,,,,,"99","Polk","095","Alden town","00950","T1","3","9999",,,,"9999","2","Wisconsin","55",,,,"0000145201","0000007723","Alden town","A","+45250135","-092502385","43",2.98
"G550095001725","1990","WI",,,,,,,,,,,,"99","Polk","095","Amery city","01725","C5","3","9999",,,,"9999","2","Wisconsin","55",,,,"0000007687","0000001472","Amery city","F","+45304607","-092363079","25",2.38
"G550095002350","1990","WI",,,,,,,,,,,,"99","Polk","095","Apple River town","02350","T1","3","9999",,,,"9999","2","Wisconsin","55",,,,"0000088023","0000005238","Apple River town","A","+45431990","-092345585","43",2.68
"G550095004475","1990","WI",,,,,,,,,,,,"99","Polk","095","Balsam Lake village","04475","C5","3","9999",,,,"9999","2","Wisconsin","55",,,,"0000005247","0000003227","Balsam Lake village","F","+45458092","-092454674","47",2.24
"G550095004500","1990","WI",,,,,,,,,,,,"99","Polk","095","Balsam Lake town","04500","T1","3","9999",,,,"9999","2","Wisconsin","55",,,,"0000076998","0000006487","Balsam Lake town","A","+45424329","-092469926","43",2.62
"G550095005825","1990","WI",,,,,,,,,,,,"99","Polk","095","Beaver town","05825","T1","3","9999",,,,"9999","2","Wisconsin","55",,,,"0000092710","0000004015","Beaver town","A","+45424397","-092220380","43",2.75
"G550095007700","1990","WI",,,,,,,,,,,,"99","Polk","095","Black Brook town","07700","T1","3","9999",,,,"9999","2","Wisconsin","55",,,,"0000088806","0000001787","Black Brook town","A","+45248982","-092352166","43",2.93
"G550095008750","1990","WI",,,,,,,,,,,,"99","Polk","095","Bone Lake town","08750","T1","3","9999",,,,"9999","2","Wisconsin","55",,,,"0000086940","0000004803","Bone Lake town","A","+45600671","-092335181","43",2.62
"G550095013850","1990","WI",,,,,,,,,,,,"99","Polk","095","Centuria village","13850","C5","3","9999",,,,"9999","2","Wisconsin","55",,,,"0000004009","0000000000","Centuria village","F","+45449612","-092555776","47",2.55
"G550095014837","1990","WI",,,,,,,,,,,,"99","Polk","095","Clam Falls town","14837","T1","3","9999",,,,"9999","2","Wisconsin","55",,,,"0000089850","0000001867","Clam Falls town","A","+45683550","-092344970","43",2.58
"G550095015100","1990","WI",,,,,,,,,,,,"99","Polk","095","Clayton village","15100","C5","3","9999",,,,"9999","2","Wisconsin","55",,,,"0000008108","0000000313","Clayton village","F","+45323673","-092170004","47",2.59
"G550095015125","1990","WI",,,,,,,,,,,,"99","Polk","095","Clayton town","15125","T1","3","9999",,,,"9999","2","Wisconsin","55",,,,"0000086042","0000001579","Clayton town","A","+45341233","-092231746","43",2.74
"G550095015250","1990","WI",,,,,,,,,,,,"99","Polk","095","Clear Lake village","15250","C5","3","9999",,,,"9999","2","Wisconsin","55",,,,"0000006853","0000000055","Clear Lake village","F","+45250146","-092268618","47",2.32
"G550095015275","1990","WI",,,,,,,,,,,,"99","Polk","095","Clear Lake town","15275","T1","3","9999",,,,"9999","2","Wisconsin","55",,,,"0000089424","0000000215","Clear Lake town","A","+45251836","-092213888","43",3.02
"G550095020850","1990","WI",,,,,,,,,,,,"99","Polk","095","Dresser village","20850","C5","3","9999",,,,"9999","2","Wisconsin","55",,,,"0000004401","0000000000","Dresser village","F","+45361513","-092633756","47",2.50
"G550095024450","1990","WI",,,,,,,,,,,,"99","Polk","095","Eureka town","24450","T1","3","9999",,,,"9999","2","Wisconsin","55",,,,"0000139472","0000002324","Eureka town","A","+45515862","-092621704","43",2.81
"G550095025350","1990","WI",,,,,,,,,,,,"99","Polk","095","Farmington town","25350","T1","3","9999",,,,"9999","2","Wisconsin","55",,,,"0000114586","0000002414","Farmington town","A","+45260513","-092684463","43",3.17
"G550095027500","1990","WI",,,,,,,,,,,,"99","Polk","095","Frederic village","27500","C5","3","9999",,,,"9999","2","Wisconsin","55",,,,"0000003768","0000000169","Frederic village","F","+45656422","-092463968","47",2.19
"G550095028350","1990","WI",,,,,,,,,,,,"99","Polk","095","Garfield town","28350","T1","3","9999",,,,"9999","2","Wisconsin","55",,,,"0000085427","0000005545","Garfield town","A","+45336583","-092483389","43",2.74
"G550095028725","1990","WI",,,,,,,,,,,,"99","Polk","095","Georgetown town","28725","T1","3","9999",,,,"9999","2","Wisconsin","55",,,,"0000078573","0000012494","Georgetown town","A","+45511977","-092346220","43",2.56
"G550095038400","1990","WI",,,,,,,,,,,,"99","Polk","095","Johnstown town","38400","T1","3","9999",,,,"9999","2","Wisconsin","55",,,,"0000092617","0000003472","Johnstown town","A","+45505322","-092216739","43",2.72
"G550095041900","1990","WI",,,,,,,,,,,,"99","Polk","095","Laketown town","41900","T1","3","9999",,,,"9999","2","Wisconsin","55",,,,"0000088663","0000003955","Laketown town","A","+45606799","-092589571","43",2.88
"G550095044475","1990","WI",,,,,,,,,,,,"99","Polk","095","Lincoln town","44475","T1","3","9999",,,,"9999","2","Wisconsin","55",,,,"0000092519","0000006882","Lincoln town","A","+45339270","-092356595","43",2.79
"G550095045775","1990","WI",,,,,,,,,,,,"99","Polk","095","Lorain town","45775","T1","3","9999",,,,"9999","2","Wisconsin","55",,,,"0000095522","0000000344","Lorain town","A","+45685288","-092219735","43",2.82
"G550095046200","1990","WI",,,,,,,,,,,,"99","Polk","095","Luck village","46200","C5","3","9999",,,,"9999","2","Wisconsin","55",,,,"0000004330","0000001536","Luck village","F","+45575168","-092467295","47",2.17
"G550095046225","1990","WI",,,,,,,,,,,,"99","Polk","095","Luck town","46225","T1","3","9999",,,,"9999","2","Wisconsin","55",,,,"0000083561","0000001458","Luck town","A","+45597748","-092474458","43",2.79
"G550095046900","1990","WI",,,,,,,,,,,,"99","Polk","095","McKinley town","46900","T1","3","9999",,,,"9999","2","Wisconsin","55",,,,"0000093317","0000002893","McKinley town","A","+45602945","-092214973","43",2.77
"G550095052075","1990","WI",,,,,,,,,,,,"99","Polk","095","Milltown village","52075","C5","3","9999",,,,"9999","2","Wisconsin","55",,,,"0000004588","0000000000","Milltown village","F","+45526850","-092499656","47",2.30
"G550095052100","1990","WI",,,,,,,,,,,,"99","Polk","095","Milltown town","52100","T1","3","9999",,,,"9999","2","Wisconsin","55",,,,"0000080902","0000005795","Milltown town","A","+45506457","-092469644","43",2.77
"G550095060450","1990","WI",,,,,,,,,,,,"99","Polk","095","Osceola village","60450","C5","3","9999",,,,"9999","2","Wisconsin","55",,,,"0000007564","0000000327","Osceola village","F","+45319220","-092695853","47",2.50
"G550095060475","1990","WI",,,,,,,,,,,,"99","Polk","095","Osceola town","60475","T1","3","9999",,,,"9999","2","Wisconsin","55",,,,"0000092302","0000004637","Osceola town","A","+45339231","-092610948","43",2.83
"G550095070550","1990","WI",,,,,,,,,,,,"99","Polk","095","St. Croix Falls city","70550","C5","3","9999",,,,"9999","2","Wisconsin","55",,,,"0000007504","0000000256","St. Croix Falls city","F","+45409413","-092633817","25",2.32
"G550095070575","1990","WI",,,,,,,,,,,,"99","Polk","095","St. Croix Falls town","70575","T1","3","9999",,,,"9999","2","Wisconsin","55",,,,"0000081240","0000002383","St. Croix Falls town","A","+45429508","-092600434","43",2.77
"G550095077050","1990","WI",,,,,,,,,,,,"99","Polk","095","Sterling town","77050","T1","3","9999",,,,"9999","2","Wisconsin","55",,,,"0000164224","0000002675","Sterling town","A","+45599961","-092764665","43",2.67
"G550095081075","1990","WI",,,,,,,,,,,,"99","Polk","095","Turtle Lake village","81075","C5","3","9999",,,,"9999","2","Wisconsin","55",,,,"0000000120","0000000000","Turtle Lake village","F","+45389857","-092158728","47",6.00
"G550095086350","1990","WI",,,,,,,,,,,,"99","Polk","095","West Sweden town","86350","T1","3","9999",,,,"9999","2","Wisconsin","55",,,,"0000084774","0000002694","West Sweden town","A","+45687982","-092470073","43",2.73
"G550097000725","1990","WI",,,,,,,,,,,,"99","Portage","097","Alban town","00725","T1","3","9999",,,,"9999","2","Wisconsin","55",,,,"0000092074","0000001497","Alban town","A","+44634319","-089276815","43",2.98
"G550097001400","1990","WI",,,,,,,,,,,,"99","Portage","097","Almond village","01400","C5","3","9999",,,,"9999","2","Wisconsin","55",,,,"0000002668","0000000000","Almond village","F","+44261306","-089408736","47",2.61
"G550097001425","1990","WI",,,,,,,,,,,,"99","Portage","097","Almond town","01425","T1","3","9999",,,,"9999","2","Wisconsin","55",,,,"0000111659","0000000312","Almond town","A","+44294859","-089424317","43",2.80
"G550097001750","1990","WI",,,,,,,,,,,,"99","Portage","097","Amherst village","01750","C5","3","9999",,,,"9999","2","Wisconsin","55",,,,"0000003010","0000000090","Amherst village","F","+44448247","-089284798","47",2.51
"G550097001775","1990","WI",,,,,,,,,,,,"99","Portage","097","Amherst town","01775","T1","3","9999",,,,"9999","2","Wisconsin","55",,,,"0000098717","0000001346","Amherst town","A","+44461632","-089294918","43",3.11
"G550097001800","1990","WI",,,,,,,,,,,,"99","Portage","097","Amherst Junction village","01800","C5","3","9999",,,,"9999","2","Wisconsin","55",,,,"0000002754","0000000043","Amherst Junction village","F","+44469537","-089316672","47",2.66
"G550097006475","1990","WI",,,,,,,,,,,,"99","Portage","097","Belmont town","06475","T1","3","9999",,,,"9999","2","Wisconsin","55",,,,"0000093441","0000000409","Belmont town","A","+44286205","-089297103","43",2.80
"G550097010925","1990","WI",,,,,,,,,,,,"99","Portage","097","Buena Vista town","10925","T1","3","9999",,,,"9999","2","Wisconsin","55",,,,"0000158476","0000000107","Buena Vista town","A","+44377446","-089456689","43",3.24
"G550097012725","1990","WI",,,,,,,,,,,,"99","Portage","097","Carson town","12725","T1","3","9999",,,,"9999","2","Wisconsin","55",,,,"0000139595","0000002853","Carson town","A","+44561240","-089737166","43",3.01
"G550097019975","1990","WI",,,,,,,,,,,,"99","Portage","097","Dewey town","19975","T1","3","9999",,,,"9999","2","Wisconsin","55",,,,"0000117287","0000004521","Dewey town","A","+44638854","-089575663","43",3.05
"G550097022450","1990","WI",,,,,,,,,,,,"99","Portage","097","Eau Pleine town","22450","T1","3","9999",,,,"9999","2","Wisconsin","55",,,,"0000143662","0000005852","Eau Pleine town","A","+44627568","-089743004","43",3.03
"G550097030350","1990","WI",,,,,,,,,,,,"99","Portage","097","Grant town","30350","T1","3","9999",,,,"9999","2","Wisconsin","55",,,,"0000184479","0000000060","Grant town","A","+44338487","-089673713","43",3.01
"G550097036350","1990","WI",,,,,,,,,,,,"99","Portage","097","Hull town","36350","T1","3","9999",,,,"9999","2","Wisconsin","55",,,,"0000076018","0000009251","Hull town","A","+44561351","-089559464","43",3.00
"G550097038650","1990","WI",,,,,,,,,,,,"99","Portage","097","Junction City village","38650","C5","3","9999",,,,"9999","2","Wisconsin","55",,,,"0000003078","0000000010","Junction City village","F","+44591362","-089766017","47",2.79
"G550097042225","1990","WI",,,,,,,,,,,,"99","Portage","097","Lanark town","42225","T1","3","9999",,,,"9999","2","Wisconsin","55",,,,"0000092943","0000000474","Lanark town","A","+44367309","-089289550","43",3.13
"G550097044800","1990","WI",,,,,,,,,,,,"99","Portage","097","Linwood town","44800","T1","3","9999",,,,"9999","2","Wisconsin","55",,,,"0000082731","0000004775","Linwood town","A","+44484845","-089666384","43",3.03
"G550097051875","1990","WI",,,,,,,,,,,,"99","Portage","097","Milladore village","51875","C5","3","9999",,,,"9999","2","Wisconsin","55",,,,"0000000011","0000000000","Milladore village","F","+44608955","-089844408","47",0.00
"G550097056000","1990","WI",,,,,,,,,,,,"99","Portage","097","Nelsonville village","56000","C5","3","9999",,,,"9999","2","Wisconsin","55",,,,"0000002594","0000000113","Nelsonville village","F","+44494729","-089310204","47",2.71
"G550097056850","1990","WI",,,,,,,,,,,,"99","Portage","097","New Hope town","56850","T1","3","9999",,,,"9999","2","Wisconsin","55",,,,"0000092870","0000001297","New Hope town","A","+44550043","-089279947","43",2.82
"G550097061337","1990","WI",,,,,,,,,,,,"99","Portage","097","Park Ridge village","61337","C5","3","9999",,,,"9999","2","Wisconsin","55",,,,"0000000565","0000000000","Park Ridge village","F","+44520028","-089546221","47",2.55
"G550097062825","1990","WI",,,,,,,,,,,,"99","Portage","097","Pine Grove town","62825","T1","3","9999",,,,"9999","2","Wisconsin","55",,,,"0000097908","0000000110","Pine Grove town","A","+44291567","-089538847","43",3.00
"G550097063525","1990","WI",,,,,,,,,,,,"99","Portage","097","Plover village","63525","C5","3","9999",,,,"9999","2","Wisconsin","55",,,,"0000020262","0000000837","Plover village","F","+44462596","-089542950","47",2.86
"G550097063550","1990","WI",,,,,,,,,,,,"99","Portage","097","Plover town","63550","T1","3","9999",,,,"9999","2","Wisconsin","55",,,,"0000113690","0000003635","Plover town","A","+44433596","-089571571","43",3.01
"G550097069575","1990","WI",,,,,,,,,,,,"99","Portage","097","Rosholt village","69575","C5","3","9999",,,,"9999","2","Wisconsin","55",,,,"0000002754","0000000082","Rosholt village","F","+44630157","-089304939","47",2.52
"G550097072850","1990","WI",,,,,,,,,,,,"99","Portage","097","Sharon town","72850","T1","3","9999",,,,"9999","2","Wisconsin","55",,,,"0000166506","0000001502","Sharon town","A","+44626251","-089410893","43",3.01
"G550097077200","1990","WI",,,,,,,,,,,,"99","Portage","097","Stevens Point city","77200","C5","3","9999",,,,"9999","2","Wisconsin","55",,,,"0000034646","0000002354","Stevens Point city","F","+44527685","-089560507","25",2.38
"G550097077537","1990","WI",,,,,,,,,,,,"99","Portage","097","Stockton town","77537","T1","3","9999",,,,"9999","2","Wisconsin","55",,,,"0000149452","0000000374","Stockton town","A","+44487813","-089436745","43",3.09
"G550097086975","1990","WI",,,,,,,,,,,,"99","Portage","097","Whiting village","86975","C5","3","9999",,,,"9999","2","Wisconsin","55",,,,"0000004644","0000000709","Whiting village","F","+44489023","-089561908","47",2.53
"G550099013175","1990","WI",,,,,,,,,,,,"99","Price","099","Catawba village","13175","C5","3","9999",,,,"9999","2","Wisconsin","55",,,,"0000011540","0000000000","Catawba village","F","+45535845","-090532908","47",2.54
"G550099013200","1990","WI",,,,,,,,,,,,"99","Price","099","Catawba town","13200","T1","3","9999",,,,"9999","2","Wisconsin","55",,,,"0000129461","0000000052","Catawba town","A","+45487973","-090495544","43",2.91
"G550099022950","1990","WI",,,,,,,,,,,,"99","Price","099","Eisenstein town","22950","T1","3","9999",,,,"9999","2","Wisconsin","55",,,,"0000194055","0000003661","Eisenstein town","A","+45937900","-090299317","43",2.64
"G550099023200","1990","WI",,,,,,,,,,,,"99","Price","099","Elk town","23200","T1","3","9999",,,,"9999","2","Wisconsin","55",,,,"0000131695","0000007054","Elk town","A","+45697901","-090535905","43",2.53
"G550099023975","1990","WI",,,,,,,,,,,,"99","Price","099","Emery town","23975","T1","3","9999",,,,"9999","2","Wisconsin","55",,,,"0000280062","0000000249","Emery town","A","+45706067","-090139896","43",2.88
"G550099025775","1990","WI",,,,,,,,,,,,"99","Price","099","Fifield town","25775","T1","3","9999",,,,"9999","2","Wisconsin","55",,,,"0000386932","0000018357","Fifield town","A","+45854315","-090226437","43",2.44
"G550099026050","1990","WI",,,,,,,,,,,,"99","Price","099","Flambeau town","26050","T1","3","9999",,,,"9999","2","Wisconsin","55",,,,"0000248104","0000006733","Flambeau town","A","+45775809","-090566190","43",2.64
"G550099028750","1990","WI",,,,,,,,,,,,"99","Price","099","Georgetown town","28750","T1","3","9999",,,,"9999","2","Wisconsin","55",,,,"0000138863","0000000343","Georgetown town","A","+45616559","-090610784","43",3.20
"G550099031925","1990","WI",,,,,,,,,,,,"99","Price","099","Hackett town","31925","T1","3","9999",,,,"9999","2","Wisconsin","55",,,,"0000180087","0000003563","Hackett town","A","+45597148","-090254421","43",2.55
"G550099032675","1990","WI",,,,,,,,,,,,"99","Price","099","Harmony town","32675","T1","3","9999",,,,"9999","2","Wisconsin","55",,,,"0000090544","0000001660","Harmony town","A","+45604293","-090497205","43",2.48
"G550099034725","1990","WI",,,,,,,,,,,,"99","Price","099","Hill town","34725","T1","3","9999",,,,"9999","2","Wisconsin","55",,,,"0000090799","0000001767","Hill town","A","+45432096","-090226288","43",2.69
"G550099039175","1990","WI",,,,,,,,,,,,"99","Price","099","Kennan village","39175","C5","3","9999",,,,"9999","2","Wisconsin","55",,,,"0000005114","0000000000","Kennan village","F","+45530899","-090586087","47",2.91
"G550099039200","1990","WI",,,,,,,,,,,,"99","Price","099","Kennan town","39200","T1","3","9999",,,,"9999","2","Wisconsin","55",,,,"0000181086","0000000132","Kennan town","A","+45459757","-090610452","43",2.95
"G550099040175","1990","WI",,,,,,,,,,,,"99","Price","099","Knox town","40175","T1","3","9999",,,,"9999","2","Wisconsin","55",,,,"0000124512","0000000053","Knox town","A","+45546286","-090109409","43",2.53
"G550099041150","1990","WI",,,,,,,,,,,,"99","Price","099","Lake town","41150","T1","3","9999",,,,"9999","2","Wisconsin","55",,,,"0000229571","0000009303","Lake town","A","+45924704","-090565440","43",2.66
"G550099059525","1990","WI",,,,,,,,,,,,"99","Price","099","Ogema town","59525","T1","3","9999",,,,"9999","2","Wisconsin","55",,,,"0000210633","0000000190","Ogema town","A","+45441066","-090383587","43",2.59
"G550099061200","1990","WI",,,,,,,,,,,,"99","Price","099","Park Falls city","61200","C5","3","9999",,,,"9999","2","Wisconsin","55",,,,"0000009190","0000000650","Park Falls city","F","+45933413","-090445918","25",2.40
"G550099062450","1990","WI",,,,,,,,,,,,"99","Price","099","Phillips city","62450","C5","3","9999",,,,"9999","2","Wisconsin","55",,,,"0000006853","0000001835","Phillips city","F","+45695609","-090397702","25",2.25
"G550099065325","1990","WI",,,,,,,,,,,,"99","Price","099","Prentice village","65325","C5","3","9999",,,,"9999","2","Wisconsin","55",,,,"0000004968","0000000065","Prentice village","F","+45541748","-090288076","47",2.55
"G550099065350","1990","WI",,,,,,,,,,,,"99","Price","099","Prentice town","65350","T1","3","9999",,,,"9999","2","Wisconsin","55",,,,"0000179861","0000000462","Prentice town","A","+45534596","-090266257","43",2.57
"G550099075525","1990","WI",,,,,,,,,,,,"99","Price","099","Spirit town","75525","T1","3","9999",,,,"9999","2","Wisconsin","55",,,,"0000106467","0000001289","Spirit town","A","+45430395","-090098448","43",2.85
"G550099089100","1990","WI",,,,,,,,,,,,"99","Price","099","Worcester town","89100","T1","3","9999",,,,"9999","2","Wisconsin","55",,,,"0000304069","0000009600","Worcester town","A","+45734235","-090318005","43",2.54
"G550101011200","1990","WI",,,,,,,,,,,,"63","Racine","101","Burlington city","11200","C5","3","5082",,,,"6600","2","Wisconsin","55",,,,"0000009361","0000000509","Burlington city","F","+42678295","-088277056","25",2.61
"G550101011225","1990","WI",,,,,,,,,,,,"63","Racine","101","Burlington town","11225","T1","3","5082",,,,"6600","2","Wisconsin","55",,,,"0000095089","0000003666","Burlington town","A","+42657873","-088251683","43",2.81
"G550101011950","1990","WI",,,,,,,,,,,,"63","Racine","101","Caledonia town","11950","T1","3","5082",,,,"6600","2","Wisconsin","55",,,,"0000117839","0000008234","Caledonia town","A","+42801461","-087870932","43",2.93
"G550101020625","1990","WI",,,,,,,,,,,,"63","Racine","101","Dover town","20625","T1","3","5082",,,,"6600","2","Wisconsin","55",,,,"0000091689","0000002135","Dover town","A","+42711927","-088126226","43",2.85
"G550101023725","1990","WI",,,,,,,,,,,,"63","Racine","101","Elmwood Park village","23725","C5","3","5082",,,,"6600","2","Wisconsin","55",,,,"0000000384","0000000000","Elmwood Park village","F","+42692861","-087822232","47",2.78
"G550101054875","1990","WI",,,,,,,,,,,,"63","Racine","101","Mount Pleasant town","54875","T1","3","5082",,,,"6600","2","Wisconsin","55",,,,"0000092685","0000004028","Mount Pleasant town","A","+42715084","-087887515","43",2.56
"G550101057700","1990","WI",,,,,,,,,,,,"63","Racine","101","North Bay village","57700","C5","3","5082",,,,"6600","2","Wisconsin","55",,,,"0000000278","0000000058","North Bay village","F","+42764850","-087780774","47",2.70
"G550101058600","1990","WI",,,,,,,,,,,,"63","Racine","101","Norway town","58600","T1","3","5082",,,,"6600","2","Wisconsin","55",,,,"0000087339","0000005001","Norway town","A","+42796152","-088122701","43",3.02
"G550101066000","1990","WI",,,,,,,,,,,,"63","Racine","101","Racine city","66000","C5","3","5082",,,,"6600","2","Wisconsin","55",,,,"0000039986","0000008105","Racine city","F","+42728200","-087807099","25",2.62
"G550101066375","1990","WI",,,,,,,,,,,,"63","Racine","101","Raymond town","66375","T1","3","5082",,,,"6600","2","Wisconsin","55",,,,"0000092131","0000000049","Raymond town","A","+42801600","-088010779","43",3.01
"G550101068550","1990","WI",,,,,,,,,,,,"63","Racine","101","Rochester village","68550","C5","3","5082",,,,"6600","2","Wisconsin","55",,,,"0000001206","0000000103","Rochester village","F","+42740569","-088224019","47",2.88
"G550101068575","1990","WI",,,,,,,,,,,,"63","Racine","101","Rochester town","68575","T1","3","5082",,,,"6600","2","Wisconsin","55",,,,"0000044301","0000000503","Rochester town","A","+42740915","-088243862","43",3.05
"G550101077925","1990","WI",,,,,,,,,,,,"63","Racine","101","Sturtevant village","77925","C5","3","5082",,,,"6600","2","Wisconsin","55",,,,"0000006029","0000000000","Sturtevant village","F","+42700300","-087899124","47",2.91
"G550101081775","1990","WI",,,,,,,,,,,,"63","Racine","101","Union Grove village","81775","C5","3","5082",,,,"6600","2","Wisconsin","55",,,,"0000002776","0000000000","Union Grove village","F","+42684192","-088050991","47",2.73
"G550101083825","1990","WI",,,,,,,,,,,,"63","Racine","101","Waterford village","83825","C5","3","5082",,,,"6600","2","Wisconsin","55",,,,"0000004645","0000000270","Waterford village","F","+42762840","-088215540","47",2.69
"G550101083850","1990","WI",,,,,,,,,,,,"63","Racine","101","Waterford town","83850","T1","3","5082",,,,"6600","2","Wisconsin","55",,,,"0000083412","0000005052","Waterford town","A","+42790512","-088245412","43",2.90
"G550101087700","1990","WI",,,,,,,,,,,,"63","Racine","101","Wind Point village","87700","C5","3","5082",,,,"6600","2","Wisconsin","55",,,,"0000003172","0000000426","Wind Point village","F","+42781664","-087772929","47",2.73
"G550101089575","1990","WI",,,,,,,,,,,,"63","Racine","101","Yorkville town","89575","T1","3","5082",,,,"6600","2","Wisconsin","55",,,,"0000090489","0000000078","Yorkville town","A","+42710033","-088014268","43",2.93
"G550103000675","1990","WI",,,,,,,,,,,,"99","Richland","103","Akan town","00675","T1","3","9999",,,,"9999","2","Wisconsin","55",,,,"0000093555","0000000000","Akan town","A","+43331641","-090604914","43",2.76
"G550103008175","1990","WI",,,,,,,,,,,,"99","Richland","103","Bloom town","08175","T1","3","9999",,,,"9999","2","Wisconsin","55",,,,"0000093484","0000000000","Bloom town","A","+43514375","-090489284","43",2.86
"G550103008600","1990","WI",,,,,,,,,,,,"99","Richland","103","Boaz village","08600","C5","3","9999",,,,"9999","2","Wisconsin","55",,,,"0000000927","0000000000","Boaz village","F","+43330812","-090527154","47",2.62
"G550103010950","1990","WI",,,,,,,,,,,,"99","Richland","103","Buena Vista town","10950","T1","3","9999",,,,"9999","2","Wisconsin","55",,,,"0000107200","0000002467","Buena Vista town","A","+43248110","-090254814","43",2.82
"G550103013300","1990","WI",,,,,,,,,,,,"99","Richland","103","Cazenovia village","13300","C5","3","9999",,,,"9999","2","Wisconsin","55",,,,"0000002328","0000000172","Cazenovia village","F","+43525320","-090198799","47",2.34
"G550103019000","1990","WI",,,,,,,,,,,,"99","Richland","103","Dayton town","19000","T1","3","9999",,,,"9999","2","Wisconsin","55",,,,"0000090953","0000000000","Dayton town","A","+43338656","-090495903","43",2.85
"G550103021400","1990","WI",,,,,,,,,,,,"99","Richland","103","Eagle town","21400","T1","3","9999",,,,"9999","2","Wisconsin","55",,,,"0000090015","0000002229","Eagle town","A","+43249903","-090484810","43",2.92
"G550103026475","1990","WI",,,,,,,,,,,,"99","Richland","103","Forest town","26475","T1","3","9999",,,,"9999","2","Wisconsin","55",,,,"0000091939","0000000000","Forest town","A","+43502555","-090609746","43",2.97
"G550103033925","1990","WI",,,,,,,,,,,,"99","Richland","103","Henrietta town","33925","T1","3","9999",,,,"9999","2","Wisconsin","55",,,,"0000093089","0000000011","Henrietta town","A","+43509708","-090375958","43",2.72
"G550103037500","1990","WI",,,,,,,,,,,,"99","Richland","103","Ithaca town","37500","T1","3","9999",,,,"9999","2","Wisconsin","55",,,,"0000093337","0000000000","Ithaca town","A","+43340063","-090253154","43",2.90
"G550103045575","1990","WI",,,,,,,,,,,,"99","Richland","103","Lone Rock village","45575","C5","3","9999",,,,"9999","2","Wisconsin","55",,,,"0000002214","0000000000","Lone Rock village","F","+43184465","-090201710","47",2.38
"G550103049600","1990","WI",,,,,,,,,,,,"99","Richland","103","Marshall town","49600","T1","3","9999",,,,"9999","2","Wisconsin","55",,,,"0000093364","0000000000","Marshall town","A","+43419800","-090496567","43",2.85
"G550103060350","1990","WI",,,,,,,,,,,,"99","Richland","103","Orion town","60350","T1","3","9999",,,,"9999","2","Wisconsin","55",,,,"0000092703","0000001125","Orion town","A","+43256719","-090372782","43",2.80
"G550103067575","1990","WI",,,,,,,,,,,,"99","Richland","103","Richland town","67575","T1","3","9999",,,,"9999","2","Wisconsin","55",,,,"0000084076","0000000008","Richland town","A","+43334208","-090371818","43",2.94
"G550103067625","1990","WI",,,,,,,,,,,,"99","Richland","103","Richland Center city","67625","C5","3","9999",,,,"9999","2","Wisconsin","55",,,,"0000008954","0000000212","Richland Center city","F","+43337819","-090383226","25",2.25
"G550103067775","1990","WI",,,,,,,,,,,,"99","Richland","103","Richwood town","67775","T1","3","9999",,,,"9999","2","Wisconsin","55",,,,"0000108046","0000001906","Richwood town","A","+43236410","-090609380","43",2.94
"G550103068675","1990","WI",,,,,,,,,,,,"99","Richland","103","Rockbridge town","68675","T1","3","9999",,,,"9999","2","Wisconsin","55",,,,"0000093687","0000000019","Rockbridge town","A","+43422885","-090370529","43",2.88
"G550103078825","1990","WI",,,,,,,,,,,,"99","Richland","103","Sylvan town","78825","T1","3","9999",,,,"9999","2","Wisconsin","55",,,,"0000093463","0000000019","Sylvan town","A","+43415185","-090613353","43",2.98
"G550103082900","1990","WI",,,,,,,,,,,,"99","Richland","103","Viola village","82900","C5","3","9999",,,,"9999","2","Wisconsin","55",,,,"0000001056","0000000000","Viola village","F","+43509672","-090666646","47",2.41
"G550103085675","1990","WI",,,,,,,,,,,,"99","Richland","103","Westford town","85675","T1","3","9999",,,,"9999","2","Wisconsin","55",,,,"0000090443","0000000043","Westford town","A","+43504095","-090247126","43",2.98
"G550103087250","1990","WI",,,,,,,,,,,,"99","Richland","103","Willow town","87250","T1","3","9999",,,,"9999","2","Wisconsin","55",,,,"0000092813","0000000038","Willow town","A","+43428544","-090251047","43",2.99
"G550103089625","1990","WI",,,,,,,,,,,,"99","Richland","103","Yuba village","89625","C5","3","9999",,,,"9999","2","Wisconsin","55",,,,"0000000778","0000000000","Yuba village","F","+43536252","-090427939","47",2.66
"G550105004100","1990","WI",,,,,,,,,,,,"99","Rock","105","Avon town","04100","T1","3","3620",,,,"9999","2","Wisconsin","55",,,,"0000093585","0000000000","Avon town","A","+42540650","-089311493","43",2.92
"G550105006500","1990","WI",,,,,,,,,,,,"99","Rock","105","Beloit city","06500","C5","3","3620",,,,"9999","2","Wisconsin","55",,,,"0000041916","0000000591","Beloit city","F","+42523750","-089020098","25",2.58
"G550105006525","1990","WI",,,,,,,,,,,,"99","Rock","105","Beloit town","06525","T1","3","3620",,,,"9999","2","Wisconsin","55",,,,"0000068537","0000001792","Beloit town","A","+42538300","-089079799","43",2.67
"G550105009175","1990","WI",,,,,,,,,,,,"99","Rock","105","Bradford town","09175","T1","3","3620",,,,"9999","2","Wisconsin","55",,,,"0000094056","0000000000","Bradford town","A","+42623541","-088829390","43",2.85
"G550105013625","1990","WI",,,,,,,,,,,,"99","Rock","105","Center town","13625","T1","3","3620",,,,"9999","2","Wisconsin","55",,,,"0000092226","0000000026","Center town","A","+42715023","-089185207","43",2.77
"G550105015625","1990","WI",,,,,,,,,,,,"99","Rock","105","Clinton village","15625","C5","3","3620",,,,"9999","2","Wisconsin","55",,,,"0000002008","0000000000","Clinton village","F","+42556501","-088866121","47",2.62
"G550105015650","1990","WI",,,,,,,,,,,,"99","Rock","105","Clinton town","15650","T1","3","3620",,,,"9999","2","Wisconsin","55",,,,"0000093034","0000000045","Clinton town","A","+42537298","-088837997","43",2.99
"G550105022575","1990","WI",,,,,,,,,,,,"99","Rock","105","Edgerton city","22575","C5","3","3620",,,,"9999","2","Wisconsin","55",,,,"0000007988","0000000000","Edgerton city","F","+42837840","-089072558","25",2.41
"G550105024550","1990","WI",,,,,,,,,,,,"99","Rock","105","Evansville city","24550","C5","3","3620",,,,"9999","2","Wisconsin","55",,,,"0000004925","0000000086","Evansville city","F","+42779912","-089298686","25",2.47
"G550105026400","1990","WI",,,,,,,,,,,,"99","Rock","105","Footville village","26400","C5","3","3620",,,,"9999","2","Wisconsin","55",,,,"0000002551","0000000000","Footville village","F","+42671452","-089208908","47",2.64
"G550105028075","1990","WI",,,,,,,,,,,,"99","Rock","105","Fulton town","28075","T1","3","3620",,,,"9999","2","Wisconsin","55",,,,"0000083043","0000002678","Fulton town","A","+42805428","-089069080","43",2.72
"G550105032700","1990","WI",,,,,,,,,,,,"99","Rock","105","Harmony town","32700","T1","3","3620",,,,"9999","2","Wisconsin","55",,,,"0000068403","0000000136","Harmony town","A","+42724399","-088944453","43",3.05
"G550105037825","1990","WI",,,,,,,,,,,,"99","Rock","105","Janesville city","37825","C5","3","3620",,,,"9999","2","Wisconsin","55",,,,"0000060917","0000001469","Janesville city","F","+42684650","-089015552","25",2.54
"G550105037850","1990","WI",,,,,,,,,,,,"99","Rock","105","Janesville town","37850","T1","3","3620",,,,"9999","2","Wisconsin","55",,,,"0000074874","0000001220","Janesville town","A","+42719007","-089077171","43",2.80
"G550105038450","1990","WI",,,,,,,,,,,,"99","Rock","105","Johnstown town","38450","T1","3","3620",,,,"9999","2","Wisconsin","55",,,,"0000093767","0000000000","Johnstown town","A","+42717334","-088834122","43",2.99
"G550105042575","1990","WI",,,,,,,,,,,,"99","Rock","105","La Prairie town","42575","T1","3","3620",,,,"9999","2","Wisconsin","55",,,,"0000090301","0000000000","La Prairie town","A","+42627047","-088943293","43",2.97
"G550105044125","1990","WI",,,,,,,,,,,,"99","Rock","105","Lima town","44125","T1","3","3620",,,,"9999","2","Wisconsin","55",,,,"0000094305","0000000025","Lima town","A","+42793618","-088842108","43",2.81
"G550105048150","1990","WI",,,,,,,,,,,,"99","Rock","105","Magnolia town","48150","T1","3","3620",,,,"9999","2","Wisconsin","55",,,,"0000093334","0000000000","Magnolia town","A","+42715934","-089307874","43",2.76
"G550105052200","1990","WI",,,,,,,,,,,,"99","Rock","105","Milton city","52200","C5","3","3620",,,,"9999","2","Wisconsin","55",,,,"0000006956","0000000000","Milton city","F","+42778943","-088949419","25",2.65
"G550105052225","1990","WI",,,,,,,,,,,,"99","Rock","105","Milton town","52225","T1","3","3620",,,,"9999","2","Wisconsin","55",,,,"0000082601","0000004282","Milton town","A","+42809681","-088952597","43",2.73
"G550105056325","1990","WI",,,,,,,,,,,,"99","Rock","105","Newark town","56325","T1","3","3620",,,,"9999","2","Wisconsin","55",,,,"0000094189","0000000000","Newark town","A","+42539375","-089188250","43",3.05
"G550105060250","1990","WI",,,,,,,,,,,,"99","Rock","105","Orfordville village","60250","C5","3","3620",,,,"9999","2","Wisconsin","55",,,,"0000003012","0000000000","Orfordville village","F","+42629156","-089257268","47",2.92
"G550105063675","1990","WI",,,,,,,,,,,,"99","Rock","105","Plymouth town","63675","T1","3","3620",,,,"9999","2","Wisconsin","55",,,,"0000092313","0000000019","Plymouth town","A","+42629043","-089186320","43",3.11
"G550105064225","1990","WI",,,,,,,,,,,,"99","Rock","105","Porter town","64225","T1","3","3620",,,,"9999","2","Wisconsin","55",,,,"0000093406","0000000952","Porter town","A","+42801029","-089181661","43",2.94
"G550105068600","1990","WI",,,,,,,,,,,,"99","Rock","105","Rock town","68600","T1","3","3620",,,,"9999","2","Wisconsin","55",,,,"0000077849","0000001352","Rock town","A","+42622050","-089070662","43",2.70
"G550105076325","1990","WI",,,,,,,,,,,,"99","Rock","105","Spring Valley town","76325","T1","3","3620",,,,"9999","2","Wisconsin","55",,,,"0000090935","0000000000","Spring Valley town","A","+42629393","-089313754","43",3.11
"G550105081050","1990","WI",,,,,,,,,,,,"99","Rock","105","Turtle town","81050","T1","3","3620",,,,"9999","2","Wisconsin","55",,,,"0000076279","0000000000","Turtle town","A","+42540372","-088947136","43",2.76
"G550105081650","1990","WI",,,,,,,,,,,,"99","Rock","105","Union town","81650","T1","3","3620",,,,"9999","2","Wisconsin","55",,,,"0000088900","0000000134","Union town","A","+42799654","-089314223","43",2.83
"G550107003600","1990","WI",,,,,,,,,,,,"99","Rusk","107","Atlanta town","03600","T1","3","9999",,,,"9999","2","Wisconsin","55",,,,"0000131561","0000000499","Atlanta town","A","+45510270","-091330861","43",2.91
"G550107007175","1990","WI",,,,,,,,,,,,"99","Rusk","107","Big Bend town","07175","T1","3","9999",,,,"9999","2","Wisconsin","55",,,,"0000084453","0000007104","Big Bend town","A","+45341389","-091363748","43",2.35
"G550107007225","1990","WI",,,,,,,,,,,,"99","Rusk","107","Big Falls town","07225","T1","3","9999",,,,"9999","2","Wisconsin","55",,,,"0000091628","0000001643","Big Falls town","A","+45579339","-090984924","43",2.55
"G550107010500","1990","WI",,,,,,,,,,,,"99","Rusk","107","Bruce village","10500","C5","3","9999",,,,"9999","2","Wisconsin","55",,,,"0000005929","0000000172","Bruce village","F","+45458574","-091272789","47",2.12
"G550107013550","1990","WI",,,,,,,,,,,,"99","Rusk","107","Cedar Rapids town","13550","T1","3","9999",,,,"9999","2","Wisconsin","55",,,,"0000091084","0000001302","Cedar Rapids town","A","+45594075","-090844065","43",3.00
"G550107016775","1990","WI",,,,,,,,,,,,"99","Rusk","107","Conrath village","16775","C5","3","9999",,,,"9999","2","Wisconsin","55",,,,"0000001301","0000000000","Conrath village","F","+45384702","-091035821","47",2.63
"G550107020000","1990","WI",,,,,,,,,,,,"99","Rusk","107","Dewey town","20000","T1","3","9999",,,,"9999","2","Wisconsin","55",,,,"0000080373","0000007829","Dewey town","A","+45502088","-090977018","43",2.82
"G550107026100","1990","WI",,,,,,,,,,,,"99","Rusk","107","Flambeau town","26100","T1","3","9999",,,,"9999","2","Wisconsin","55",,,,"0000089628","0000000765","Flambeau town","A","+45507905","-091116990","43",2.79
"G550107029475","1990","WI",,,,,,,,,,,,"99","Rusk","107","Glen Flora village","29475","C5","3","9999",,,,"9999","2","Wisconsin","55",,,,"0000001465","0000000000","Glen Flora village","F","+45496761","-090893051","47",2.24
"G550107030375","1990","WI",,,,,,,,,,,,"99","Rusk","107","Grant town","30375","T1","3","9999",,,,"9999","2","Wisconsin","55",,,,"0000086854","0000001090","Grant town","A","+45427418","-091105408","43",2.90
"G550107031775","1990","WI",,,,,,,,,,,,"99","Rusk","107","Grow town","31775","T1","3","9999",,,,"9999","2","Wisconsin","55",,,,"0000091688","0000000000","Grow town","A","+45422100","-090988948","43",2.88
"G550107033275","1990","WI",,,,,,,,,,,,"99","Rusk","107","Hawkins village","33275","C5","3","9999",,,,"9999","2","Wisconsin","55",,,,"0000005670","0000000049","Hawkins village","F","+45511756","-090713325","47",2.50
"G550107033300","1990","WI",,,,,,,,,,,,"99","Rusk","107","Hawkins town","33300","T1","3","9999",,,,"9999","2","Wisconsin","55",,,,"0000118227","0000000324","Hawkins town","A","+45470759","-090713728","43",2.91
"G550107036125","1990","WI",,,,,,,,,,,,"99","Rusk","107","Hubbard town","36125","T1","3","9999",,,,"9999","2","Wisconsin","55",,,,"0000114164","0000001509","Hubbard town","A","+45602709","-091132280","43",3.00
"G550107036925","1990","WI",,,,,,,,,,,,"99","Rusk","107","Ingram village","36925","C5","3","9999",,,,"9999","2","Wisconsin","55",,,,"0000002567","0000000000","Ingram village","F","+45505506","-090813220","47",2.39
"G550107040850","1990","WI",,,,,,,,,,,,"99","Rusk","107","Ladysmith city","40850","C5","3","9999",,,,"9999","2","Wisconsin","55",,,,"0000009536","0000000945","Ladysmith city","F","+45462751","-091095931","25",2.37
"G550107042950","1990","WI",,,,,,,,,,,,"99","Rusk","107","Lawrence town","42950","T1","3","9999",,,,"9999","2","Wisconsin","55",,,,"0000123574","0000000000","Lawrence town","A","+45435699","-090852508","43",3.29
"G550107049625","1990","WI",,,,,,,,,,,,"99","Rusk","107","Marshall town","49625","T1","3","9999",,,,"9999","2","Wisconsin","55",,,,"0000092654","0000000000","Marshall town","A","+45336553","-090984493","43",3.18
"G550107055175","1990","WI",,,,,,,,,,,,"99","Rusk","107","Murry town","55175","T1","3","9999",,,,"9999","2","Wisconsin","55",,,,"0000160206","0000000708","Murry town","A","+45599255","-091313557","43",2.69
"G550107067600","1990","WI",,,,,,,,,,,,"99","Rusk","107","Richland town","67600","T1","3","9999",,,,"9999","2","Wisconsin","55",,,,"0000059598","0000000386","Richland town","A","+45512141","-090798109","43",2.76
"G550107070275","1990","WI",,,,,,,,,,,,"99","Rusk","107","Rusk town","70275","T1","3","9999",,,,"9999","2","Wisconsin","55",,,,"0000086828","0000006039","Rusk town","A","+45338608","-091478344","43",2.67
"G550107073175","1990","WI",,,,,,,,,,,,"99","Rusk","107","Sheldon village","73175","C5","3","9999",,,,"9999","2","Wisconsin","55",,,,"0000001711","0000000000","Sheldon village","F","+45311080","-090957374","47",2.35
"G550107074975","1990","WI",,,,,,,,,,,,"99","Rusk","107","South Fork town","74975","T1","3","9999",,,,"9999","2","Wisconsin","55",,,,"0000091684","0000001023","South Fork town","A","+45592626","-090731220","43",2.48
"G550107077775","1990","WI",,,,,,,,,,,,"99","Rusk","107","Strickland town","77775","T1","3","9999",,,,"9999","2","Wisconsin","55",,,,"0000089902","0000001030","Strickland town","A","+45422231","-091482600","43",2.79
"G550107077850","1990","WI",,,,,,,,,,,,"99","Rusk","107","Stubbs town","77850","T1","3","9999",,,,"9999","2","Wisconsin","55",,,,"0000092921","0000001982","Stubbs town","A","+45418725","-091345198","43",2.56
"G550107079575","1990","WI",,,,,,,,,,,,"99","Rusk","107","Thornapple town","79575","T1","3","9999",,,,"9999","2","Wisconsin","55",,,,"0000133033","0000003199","Thornapple town","A","+45458355","-091226508","43",2.79
"G550107080225","1990","WI",,,,,,,,,,,,"99","Rusk","107","Tony village","80225","C5","3","9999",,,,"9999","2","Wisconsin","55",,,,"0000005261","0000000000","Tony village","F","+45481125","-090995816","47",2.59
"G550107080950","1990","WI",,,,,,,,,,,,"99","Rusk","107","True town","80950","T1","3","9999",,,,"9999","2","Wisconsin","55",,,,"0000060360","0000000486","True town","A","+45507278","-090887293","43",3.16
"G550107083675","1990","WI",,,,,,,,,,,,"99","Rusk","107","Washington town","83675","T1","3","9999",,,,"9999","2","Wisconsin","55",,,,"0000087301","0000004954","Washington town","A","+45334840","-091236820","43",2.57
"G550107086450","1990","WI",,,,,,,,,,,,"99","Rusk","107","Weyerhaeuser village","86450","C5","3","9999",,,,"9999","2","Wisconsin","55",,,,"0000002422","0000000030","Weyerhaeuser village","F","+45423799","-091414398","47",2.36
"G550107087125","1990","WI",,,,,,,,,,,,"99","Rusk","107","Wilkinson town","87125","T1","3","9999",,,,"9999","2","Wisconsin","55",,,,"0000091055","0000000650","Wilkinson town","A","+45505225","-091471052","43",2.32
"G550107087175","1990","WI",,,,,,,,,,,,"99","Rusk","107","Willard town","87175","T1","3","9999",,,,"9999","2","Wisconsin","55",,,,"0000092197","0000001438","Willard town","A","+45328335","-091118550","43",2.50
"G550107087450","1990","WI",,,,,,,,,,,,"99","Rusk","107","Wilson town","87450","T1","3","9999",,,,"9999","2","Wisconsin","55",,,,"0000088316","0000000875","Wilson town","A","+45604851","-091481252","43",2.79
"G550109004400","1990","WI",,,,,,,,,,,,"99","St Croix","109","Baldwin village","04400","C5","3","5120",,,,"9999","2","Wisconsin","55",,,,"0000004378","0000000000","Baldwin village","F","+44962857","-092371057","47",2.41
"G550109004425","1990","WI",,,,,,,,,,,,"99","St Croix","109","Baldwin town","04425","T1","3","5120",,,,"9999","2","Wisconsin","55",,,,"0000083151","0000000198","Baldwin town","A","+44985484","-092313376","43",3.25
"G550109011775","1990","WI",,,,,,,,,,,,"99","St Croix","109","Cady town","11775","T1","3","5120",,,,"9999","2","Wisconsin","55",,,,"0000089379","0000000914","Cady town","A","+44903321","-092190468","43",2.96
"G550109018300","1990","WI",,,,,,,,,,,,"99","St Croix","109","Cylon town","18300","T1","3","5120",,,,"9999","2","Wisconsin","55",,,,"0000091479","0000000224","Cylon town","A","+45163470","-092340976","43",3.06
"G550109019325","1990","WI",,,,,,,,,,,,"99","St Croix","109","Deer Park village","19325","C5","3","5120",,,,"9999","2","Wisconsin","55",,,,"0000002408","0000000085","Deer Park village","F","+45188614","-092386600","47",2.52
"G550109022400","1990","WI",,,,,,,,,,,,"99","St Croix","109","Eau Galle town","22400","T1","3","5120",,,,"9999","2","Wisconsin","55",,,,"0000088295","0000000486","Eau Galle town","A","+44907747","-092308959","43",2.95
"G550109023925","1990","WI",,,,,,,,,,,,"99","St Croix","109","Emerald town","23925","T1","3","5120",,,,"9999","2","Wisconsin","55",,,,"0000090224","0000000199","Emerald town","A","+45073340","-092308657","43",3.30
"G550109024275","1990","WI",,,,,,,,,,,,"99","St Croix","109","Erin Prairie town","24275","T1","3","5120",,,,"9999","2","Wisconsin","55",,,,"0000091855","0000000409","Erin Prairie town","A","+45076880","-092438160","43",3.27
"G550109026525","1990","WI",,,,,,,,,,,,"99","St Croix","109","Forest town","26525","T1","3","5120",,,,"9999","2","Wisconsin","55",,,,"0000096253","0000000131","Forest town","A","+45172831","-092229266","43",3.15
"G550109029600","1990","WI",,,,,,,,,,,,"99","St Croix","109","Glenwood town","29600","T1","3","5120",,,,"9999","2","Wisconsin","55",,,,"0000088968","0000000339","Glenwood town","A","+45074639","-092202734","43",3.11
"G550109029625","1990","WI",,,,,,,,,,,,"99","St Croix","109","Glenwood City city","29625","C5","3","5120",,,,"9999","2","Wisconsin","55",,,,"0000006119","0000000000","Glenwood City city","F","+45057303","-092171573","25",2.47
"G550109032325","1990","WI",,,,,,,,,,,,"99","St Croix","109","Hammond village","32325","C5","3","5120",,,,"9999","2","Wisconsin","55",,,,"0000003143","0000000000","Hammond village","F","+44972970","-092437092","47",2.61
"G550109032350","1990","WI",,,,,,,,,,,,"99","St Croix","109","Hammond town","32350","T1","3","5120",,,,"9999","2","Wisconsin","55",,,,"0000087763","0000000394","Hammond town","A","+44992178","-092437035","43",3.11
"G550109036250","1990","WI",,,,,,,,,,,,"99","St Croix","109","Hudson city","36250","C5","3","5120",,,,"9999","2","Wisconsin","55",,,,"0000010287","0000002424","Hudson city","F","+44966950","-092742099","25",2.50
"G550109036275","1990","WI",,,,,,,,,,,,"99","St Croix","109","Hudson town","36275","T1","3","5120",,,,"9999","2","Wisconsin","55",,,,"0000069234","0000001308","Hudson town","A","+44988567","-092679401","43",3.33
"G550109039825","1990","WI",,,,,,,,,,,,"99","St Croix","109","Kinnickinnic town","39825","T1","3","5120",,,,"9999","2","Wisconsin","55",,,,"0000091873","0000000011","Kinnickinnic town","A","+44907209","-092558587","43",3.03
"G550109057100","1990","WI",,,,,,,,,,,,"99","St Croix","109","New Richmond city","57100","C5","3","5120",,,,"9999","2","Wisconsin","55",,,,"0000008483","0000000247","New Richmond city","F","+45122087","-092536719","25",2.53
"G550109058050","1990","WI",,,,,,,,,,,,"99","St Croix","109","North Hudson village","58050","C5","3","5120",,,,"9999","2","Wisconsin","55",,,,"0000003394","0000002080","North Hudson village","F","+44995761","-092759011","47",2.87
"G550109063425","1990","WI",,,,,,,,,,,,"99","St Croix","109","Pleasant Valley town","63425","T1","3","5120",,,,"9999","2","Wisconsin","55",,,,"0000046693","0000000000","Pleasant Valley town","A","+44903909","-092463257","43",3.07
"G550109067650","1990","WI",,,,,,,,,,,,"99","St Croix","109","Richmond town","67650","T1","3","5120",,,,"9999","2","Wisconsin","55",,,,"0000087993","0000000617","Richmond town","A","+45080125","-092560990","43",3.07
"G550109068275","1990","WI",,,,,,,,,,,,"99","St Croix","109","River Falls city","68275","C5","3","5120",,,,"9999","2","Wisconsin","55",,,,"0000003219","0000000000","River Falls city","F","+44868115","-092622309","25",2.43
"G550109068475","1990","WI",,,,,,,,,,,,"99","St Croix","109","Roberts village","68475","C5","3","5120",,,,"9999","2","Wisconsin","55",,,,"0000000910","0000000000","Roberts village","F","+44985008","-092552030","47",2.85
"G550109070200","1990","WI",,,,,,,,,,,,"99","St Croix","109","Rush River town","70200","T1","3","5120",,,,"9999","2","Wisconsin","55",,,,"0000046369","0000000000","Rush River town","A","+44908047","-092407826","43",2.91
"G550109070825","1990","WI",,,,,,,,,,,,"99","St Croix","109","St. Joseph town","70825","T1","3","5120",,,,"9999","2","Wisconsin","55",,,,"0000083218","0000006213","St. Joseph town","A","+45048111","-092700995","43",2.98
"G550109074675","1990","WI",,,,,,,,,,,,"99","St Croix","109","Somerset village","74675","C5","3","5120",,,,"9999","2","Wisconsin","55",,,,"0000004352","0000000000","Somerset village","F","+45127253","-092676047","47",2.62
"G550109074700","1990","WI",,,,,,,,,,,,"99","St Croix","109","Somerset town","74700","T1","3","5120",,,,"9999","2","Wisconsin","55",,,,"0000124485","0000005201","Somerset town","A","+45141757","-092702423","43",2.96
"G550109075950","1990","WI",,,,,,,,,,,,"99","St Croix","109","Springfield town","75950","T1","3","5120",,,,"9999","2","Wisconsin","55",,,,"0000088939","0000000546","Springfield town","A","+44988739","-092196916","43",3.03
"G550109076300","1990","WI",,,,,,,,,,,,"99","St Croix","109","Spring Valley village","76300","C5","3","5120",,,,"9999","2","Wisconsin","55",,,,"0000001239","0000001727","Spring Valley village","F","+44866200","-092244186","47",0.00
"G550109076675","1990","WI",,,,,,,,,,,,"99","St Croix","109","Stanton town","76675","T1","3","5120",,,,"9999","2","Wisconsin","55",,,,"0000088932","0000002230","Stanton town","A","+45167105","-092477273","43",3.08
"G550109076825","1990","WI",,,,,,,,,,,,"99","St Croix","109","Star Prairie village","76825","C5","3","5120",,,,"9999","2","Wisconsin","55",,,,"0000005275","0000000000","Star Prairie village","F","+45198310","-092531789","47",2.63
"G550109076850","1990","WI",,,,,,,,,,,,"99","St Croix","109","Star Prairie town","76850","T1","3","5120",,,,"9999","2","Wisconsin","55",,,,"0000083867","0000003394","Star Prairie town","A","+45162399","-092593374","43",2.91
"G550109080800","1990","WI",,,,,,,,,,,,"99","St Croix","109","Troy town","80800","T1","3","5120",,,,"9999","2","Wisconsin","55",,,,"0000100598","0000005270","Troy town","A","+44919100","-092697612","43",2.97
"G550109083400","1990","WI",,,,,,,,,,,,"99","St Croix","109","Warren town","83400","T1","3","5120",,,,"9999","2","Wisconsin","55",,,,"0000090587","0000001334","Warren town","A","+44989447","-092555307","43",3.19
"G550109087475","1990","WI",,,,,,,,,,,,"99","St Croix","109","Wilson village","87475","C5","3","5120",,,,"9999","2","Wisconsin","55",,,,"0000003573","0000000000","Wilson village","F","+44955631","-092172365","47",3.02
"G550109089025","1990","WI",,,,,,,,,,,,"99","St Croix","109","Woodville village","89025","C5","3","5120",,,,"9999","2","Wisconsin","55",,,,"0000002939","0000000000","Woodville village","F","+44952513","-092286355","47",2.51
"G550111004625","1990","WI",,,,,,,,,,,,"99","Sauk","111","Baraboo city","04625","C5","3","9999",,,,"9999","2","Wisconsin","55",,,,"0000012125","0000000000","Baraboo city","F","+43468532","-089741506","25",2.40
"G550111004650","1990","WI",,,,,,,,,,,,"99","Sauk","111","Baraboo town","04650","T1","3","9999",,,,"9999","2","Wisconsin","55",,,,"0000084531","0000001428","Baraboo town","A","+43461200","-089789977","43",2.79
"G550111005600","1990","WI",,,,,,,,,,,,"99","Sauk","111","Bear Creek town","05600","T1","3","9999",,,,"9999","2","Wisconsin","55",,,,"0000128720","0000000004","Bear Creek town","A","+43312138","-090143582","43",3.24
"G550111013300","1990","WI",,,,,,,,,,,,"99","Sauk","111","Cazenovia village","13300","C5","3","9999",,,,"9999","2","Wisconsin","55",,,,"0000000011","0000000000","Cazenovia village","F","+43523393","-090191323","47",0.00
"G550111019550","1990","WI",,,,,,,,,,,,"99","Sauk","111","Dellona town","19550","T1","3","9999",,,,"9999","2","Wisconsin","55",,,,"0000090931","0000000109","Dellona town","A","+43607346","-089896510","43",2.84
"G550111019675","1990","WI",,,,,,,,,,,,"99","Sauk","111","Delton town","19675","T1","3","9999",,,,"9999","2","Wisconsin","55",,,,"0000081792","0000001664","Delton town","A","+43564494","-089795609","43",2.90
"G550111024675","1990","WI",,,,,,,,,,,,"99","Sauk","111","Excelsior town","24675","T1","3","9999",,,,"9999","2","Wisconsin","55",,,,"0000087801","0000000227","Excelsior town","A","+43512221","-089899894","43",2.96
"G550111024900","1990","WI",,,,,,,,,,,,"99","Sauk","111","Fairfield town","24900","T1","3","9999",,,,"9999","2","Wisconsin","55",,,,"0000090572","0000001596","Fairfield town","A","+43540330","-089672942","43",2.71
"G550111027350","1990","WI",,,,,,,,,,,,"99","Sauk","111","Franklin town","27350","T1","3","9999",,,,"9999","2","Wisconsin","55",,,,"0000127443","0000000439","Franklin town","A","+43305817","-090038730","43",3.18
"G550111027675","1990","WI",,,,,,,,,,,,"99","Sauk","111","Freedom town","27675","T1","3","9999",,,,"9999","2","Wisconsin","55",,,,"0000089607","0000000312","Freedom town","A","+43422122","-089894218","43",2.81
"G550111031250","1990","WI",,,,,,,,,,,,"99","Sauk","111","Greenfield town","31250","T1","3","9999",,,,"9999","2","Wisconsin","55",,,,"0000076947","0000000000","Greenfield town","A","+43466575","-089663751","43",2.78
"G550111035625","1990","WI",,,,,,,,,,,,"99","Sauk","111","Honey Creek town","35625","T1","3","9999",,,,"9999","2","Wisconsin","55",,,,"0000123139","0000000073","Honey Creek town","A","+43331941","-089921780","43",2.96
"G550111037225","1990","WI",,,,,,,,,,,,"99","Sauk","111","Ironton village","37225","C5","3","9999",,,,"9999","2","Wisconsin","55",,,,"0000000870","0000000000","Ironton village","F","+43544725","-090141651","47",2.30
"G550111037250","1990","WI",,,,,,,,,,,,"99","Sauk","111","Ironton town","37250","T1","3","9999",,,,"9999","2","Wisconsin","55",,,,"0000091126","0000000018","Ironton town","A","+43503136","-090136825","43",3.20
"G550111041300","1990","WI",,,,,,,,,,,,"99","Sauk","111","Lake Delton village","41300","C5","3","9999",,,,"9999","2","Wisconsin","55",,,,"0000011023","0000001267","Lake Delton village","F","+43593308","-089780369","47",2.42
"G550111042825","1990","WI",,,,,,,,,,,,"99","Sauk","111","La Valle village","42825","C5","3","9999",,,,"9999","2","Wisconsin","55",,,,"0000001044","0000000078","La Valle village","F","+43582718","-090130622","47",2.59
"G550111042850","1990","WI",,,,,,,,,,,,"99","Sauk","111","La Valle town","42850","T1","3","9999",,,,"9999","2","Wisconsin","55",,,,"0000088619","0000002934","La Valle town","A","+43596985","-090133498","43",2.73
"G550111044225","1990","WI",,,,,,,,,,,,"99","Sauk","111","Lime Ridge village","44225","C5","3","9999",,,,"9999","2","Wisconsin","55",,,,"0000002617","0000000000","Lime Ridge village","F","+43468230","-090156421","47",2.45
"G550111045400","1990","WI",,,,,,,,,,,,"99","Sauk","111","Loganville village","45400","C5","3","9999",,,,"9999","2","Wisconsin","55",,,,"0000000507","0000000000","Loganville village","F","+43439833","-090036969","47",2.35
"G550111051325","1990","WI",,,,,,,,,,,,"99","Sauk","111","Merrimac village","51325","C5","3","9999",,,,"9999","2","Wisconsin","55",,,,"0000001968","0000001678","Merrimac village","F","+43373719","-089625363","47",2.63
"G550111051350","1990","WI",,,,,,,,,,,,"99","Sauk","111","Merrimac town","51350","T1","3","9999",,,,"9999","2","Wisconsin","55",,,,"0000063384","0000004757","Merrimac town","A","+43390498","-089670794","43",2.43
"G550111058025","1990","WI",,,,,,,,,,,,"99","Sauk","111","North Freedom village","58025","C5","3","9999",,,,"9999","2","Wisconsin","55",,,,"0000002253","0000000016","North Freedom village","F","+43458736","-089863104","47",2.50
"G550111063125","1990","WI",,,,,,,,,,,,"99","Sauk","111","Plain village","63125","C5","3","9999",,,,"9999","2","Wisconsin","55",,,,"0000001823","0000000000","Plain village","F","+43278286","-090042183","47",2.41
"G550111065100","1990","WI",,,,,,,,,,,,"99","Sauk","111","Prairie du Sac village","65100","C5","3","9999",,,,"9999","2","Wisconsin","55",,,,"0000003265","0000000266","Prairie du Sac village","F","+43291068","-089728504","47",2.63
"G550111065125","1990","WI",,,,,,,,,,,,"99","Sauk","111","Prairie du Sac town","65125","T1","3","9999",,,,"9999","2","Wisconsin","55",,,,"0000076881","0000002226","Prairie du Sac town","A","+43278793","-089787701","43",2.89
"G550111066800","1990","WI",,,,,,,,,,,,"99","Sauk","111","Reedsburg city","66800","C5","3","9999",,,,"9999","2","Wisconsin","55",,,,"0000009643","0000000000","Reedsburg city","F","+43534913","-089999022","25",2.40
"G550111066825","1990","WI",,,,,,,,,,,,"99","Sauk","111","Reedsburg town","66825","T1","3","9999",,,,"9999","2","Wisconsin","55",,,,"0000083496","0000000028","Reedsburg town","A","+43506250","-090017254","43",3.10
"G550111068975","1990","WI",,,,,,,,,,,,"99","Sauk","111","Rock Springs village","68975","C5","3","9999",,,,"9999","2","Wisconsin","55",,,,"0000003485","0000000000","Rock Springs village","F","+43479879","-089917964","47",2.73
"G550111071650","1990","WI",,,,,,,,,,,,"99","Sauk","111","Sauk City village","71650","C5","3","9999",,,,"9999","2","Wisconsin","55",,,,"0000003549","0000000279","Sauk City village","F","+43272192","-089728513","47",2.43
"G550111076025","1990","WI",,,,,,,,,,,,"99","Sauk","111","Spring Green village","76025","C5","3","9999",,,,"9999","2","Wisconsin","55",,,,"0000003033","0000000000","Spring Green village","F","+43175635","-090067143","47",2.49
"G550111076050","1990","WI",,,,,,,,,,,,"99","Sauk","111","Spring Green town","76050","T1","3","9999",,,,"9999","2","Wisconsin","55",,,,"0000115351","0000004732","Spring Green town","A","+43198036","-090103162","43",2.75
"G550111078525","1990","WI",,,,,,,,,,,,"99","Sauk","111","Sumpter town","78525","T1","3","9999",,,,"9999","2","Wisconsin","55",,,,"0000097657","0000000273","Sumpter town","A","+43369438","-089772250","43",2.42
"G550111080825","1990","WI",,,,,,,,,,,,"99","Sauk","111","Troy town","80825","T1","3","9999",,,,"9999","2","Wisconsin","55",,,,"0000137653","0000002986","Troy town","A","+43245911","-089921872","43",3.28
"G550111083700","1990","WI",,,,,,,,,,,,"99","Sauk","111","Washington town","83700","T1","3","9999",,,,"9999","2","Wisconsin","55",,,,"0000092108","0000000015","Washington town","A","+43423276","-090132095","43",3.19
"G550111085325","1990","WI",,,,,,,,,,,,"99","Sauk","111","West Baraboo village","85325","C5","3","9999",,,,"9999","2","Wisconsin","55",,,,"0000001954","0000000000","West Baraboo village","F","+43475933","-089767934","47",2.59
"G550111085625","1990","WI",,,,,,,,,,,,"99","Sauk","111","Westfield town","85625","T1","3","9999",,,,"9999","2","Wisconsin","55",,,,"0000092593","0000000017","Westfield town","A","+43420004","-090015053","43",3.11
"G550111087775","1990","WI",,,,,,,,,,,,"99","Sauk","111","Winfield town","87775","T1","3","9999",,,,"9999","2","Wisconsin","55",,,,"0000091800","0000000028","Winfield town","A","+43597902","-090014383","43",3.26
"G550111088150","1990","WI",,,,,,,,,,,,"99","Sauk","111","Wisconsin Dells city","88150","C5","3","9999",,,,"9999","2","Wisconsin","55",,,,"0000004930","0000000273","Wisconsin Dells city","F","+43625153","-089792340","25",2.44
"G550111088775","1990","WI",,,,,,,,,,,,"99","Sauk","111","Woodland town","88775","T1","3","9999",,,,"9999","2","Wisconsin","55",,,,"0000093432","0000000245","Woodland town","A","+43599569","-090253586","43",2.98
"G550113005200","1990","WI",,,,,,,,,,,,"99","Sawyer","113","Bass Lake town","05200","T1","3","9999",,,,"9999","2","Wisconsin","55",,,,"0000119041","0000040696","Bass Lake town","A","+45932568","-091450749","43",2.68
"G550113017225","1990","WI",,,,,,,,,,,,"99","Sawyer","113","Couderay village","17225","C5","3","9999",,,,"9999","2","Wisconsin","55",,,,"0000002505","0000000044","Couderay village","F","+45796173","-091299163","47",2.30
"G550113017250","1990","WI",,,,,,,,,,,,"99","Sawyer","113","Couderay town","17250","T1","3","9999",,,,"9999","2","Wisconsin","55",,,,"0000172241","0000002098","Couderay town","A","+45804910","-091347126","43",2.64
"G550113020825","1990","WI",,,,,,,,,,,,"99","Sawyer","113","Draper town","20825","T1","3","9999",,,,"9999","2","Wisconsin","55",,,,"0000352530","0000005511","Draper town","A","+45917193","-090812740","43",2.26
"G550113022625","1990","WI",,,,,,,,,,,,"99","Sawyer","113","Edgewater town","22625","T1","3","9999",,,,"9999","2","Wisconsin","55",,,,"0000122215","0000013338","Edgewater town","A","+45696978","-091468349","43",2.48
"G550113024700","1990","WI",,,,,,,,,,,,"99","Sawyer","113","Exeland village","24700","C5","3","9999",,,,"9999","2","Wisconsin","55",,,,"0000002561","0000000036","Exeland village","F","+45667961","-091240195","47",2.43
"G550113033450","1990","WI",,,,,,,,,,,,"99","Sawyer","113","Hayward city","33450","C5","3","9999",,,,"9999","2","Wisconsin","55",,,,"0000006841","0000000644","Hayward city","F","+46010032","-091480295","25",2.20
"G550113033475","1990","WI",,,,,,,,,,,,"99","Sawyer","113","Hayward town","33475","T1","3","9999",,,,"9999","2","Wisconsin","55",,,,"0000149548","0000016988","Hayward town","A","+45997981","-091401751","43",2.81
"G550113036450","1990","WI",,,,,,,,,,,,"99","Sawyer","113","Hunter town","36450","T1","3","9999",,,,"9999","2","Wisconsin","55",,,,"0000134973","0000061798","Hunter town","A","+45935360","-091174184","43",2.43
"G550113043400","1990","WI",,,,,,,,,,,,"99","Sawyer","113","Lenroot town","43400","T1","3","9999",,,,"9999","2","Wisconsin","55",,,,"0000211539","0000016280","Lenroot town","A","+46100551","-091434817","43",2.52
"G550113050300","1990","WI",,,,,,,,,,,,"99","Sawyer","113","Meadowbrook town","50300","T1","3","9999",,,,"9999","2","Wisconsin","55",,,,"0000093130","0000000711","Meadowbrook town","A","+45689653","-091109896","43",2.74
"G550113051425","1990","WI",,,,,,,,,,,,"99","Sawyer","113","Meteor town","51425","T1","3","9999",,,,"9999","2","Wisconsin","55",,,,"0000089187","0000002116","Meteor town","A","+45685922","-091351046","43",2.18
"G550113059600","1990","WI",,,,,,,,,,,,"99","Sawyer","113","Ojibwa town","59600","T1","3","9999",,,,"9999","2","Wisconsin","55",,,,"0000131661","0000001511","Ojibwa town","A","+45838767","-091114081","43",2.53
"G550113066050","1990","WI",,,,,,,,,,,,"99","Sawyer","113","Radisson village","66050","C5","3","9999",,,,"9999","2","Wisconsin","55",,,,"0000000976","0000000000","Radisson village","F","+45768525","-091218728","47",2.58
"G550113066075","1990","WI",,,,,,,,,,,,"99","Sawyer","113","Radisson town","66075","T1","3","9999",,,,"9999","2","Wisconsin","55",,,,"0000191987","0000002752","Radisson town","A","+45781946","-091198217","43",2.55
"G550113069750","1990","WI",,,,,,,,,,,,"99","Sawyer","113","Round Lake town","69750","T1","3","9999",,,,"9999","2","Wisconsin","55",,,,"0000283091","0000023030","Round Lake town","A","+46026184","-091127838","43",2.35
"G550113071500","1990","WI",,,,,,,,,,,,"99","Sawyer","113","Sand Lake town","71500","T1","3","9999",,,,"9999","2","Wisconsin","55",,,,"0000120125","0000013434","Sand Lake town","A","+45831474","-091468879","43",2.44
"G550113075450","1990","WI",,,,,,,,,,,,"99","Sawyer","113","Spider Lake town","75450","T1","3","9999",,,,"9999","2","Wisconsin","55",,,,"0000257088","0000024934","Spider Lake town","A","+46120340","-091115257","43",2.28
"G550113085100","1990","WI",,,,,,,,,,,,"99","Sawyer","113","Weirgor town","85100","T1","3","9999",,,,"9999","2","Wisconsin","55",,,,"0000087113","0000002291","Weirgor town","A","+45691561","-091246213","43",2.56
"G550113087975","1990","WI",,,,,,,,,,,,"99","Sawyer","113","Winter village","87975","C5","3","9999",,,,"9999","2","Wisconsin","55",,,,"0000002070","0000000000","Winter village","F","+45821053","-091012013","47",2.23
"G550113088000","1990","WI",,,,,,,,,,,,"99","Sawyer","113","Winter town","88000","T1","3","9999",,,,"9999","2","Wisconsin","55",,,,"0000723994","0000015020","Winter town","A","+45766143","-090884948","43",2.39
"G550115001375","1990","WI",,,,,,,,,,,,"99","Shawano","115","Almon town","01375","T1","3","9999",,,,"9999","2","Wisconsin","55",,,,"0000091006","0000000144","Almon town","A","+44894046","-089035479","43",2.73
"G550115001975","1990","WI",,,,,,,,,,,,"99","Shawano","115","Angelica town","01975","T1","3","9999",,,,"9999","2","Wisconsin","55",,,,"0000094814","0000000060","Angelica town","A","+44719203","-088310105","43",2.98
"G550115002075","1990","WI",,,,,,,,,,,,"99","Shawano","115","Aniwa village","02075","C5","3","9999",,,,"9999","2","Wisconsin","55",,,,"0000005411","0000000097","Aniwa village","F","+45009968","-089208214","47",2.39
"G550115002100","1990","WI",,,,,,,,,,,,"99","Shawano","115","Aniwa town","02100","T1","3","9999",,,,"9999","2","Wisconsin","55",,,,"0000085986","0000000706","Aniwa town","A","+44995613","-089166377","43",3.21
"G550115005000","1990","WI",,,,,,,,,,,,"99","Shawano","115","Bartelme town","05000","T1","3","9999",,,,"9999","2","Wisconsin","55",,,,"0000091978","0000000167","Bartelme town","A","+44903674","-088926369","43",2.93
"G550115006275","1990","WI",,,,,,,,,,,,"99","Shawano","115","Belle Plaine town","06275","T1","3","9999",,,,"9999","2","Wisconsin","55",,,,"0000099497","0000002007","Belle Plaine town","A","+44727220","-088667581","43",2.61
"G550115007600","1990","WI",,,,,,,,,,,,"99","Shawano","115","Birnamwood village","07600","C5","3","9999",,,,"9999","2","Wisconsin","55",,,,"0000005561","0000000000","Birnamwood village","F","+44931198","-089208528","47",2.42
"G550115007625","1990","WI",,,,,,,,,,,,"99","Shawano","115","Birnamwood town","07625","T1","3","9999",,,,"9999","2","Wisconsin","55",,,,"0000081321","0000000000","Birnamwood town","A","+44889823","-089157625","43",2.95
"G550115008725","1990","WI",,,,,,,,,,,,"99","Shawano","115","Bonduel village","08725","C5","3","9999",,,,"9999","2","Wisconsin","55",,,,"0000004342","0000000012","Bonduel village","F","+44741289","-088448352","47",2.53
"G550115009025","1990","WI",,,,,,,,,,,,"99","Shawano","115","Bowler village","09025","C5","3","9999",,,,"9999","2","Wisconsin","55",,,,"0000002614","0000000000","Bowler village","F","+44863494","-088982002","47",2.71
"G550115013325","1990","WI",,,,,,,,,,,,"99","Shawano","115","Cecil village","13325","C5","3","9999",,,,"9999","2","Wisconsin","55",,,,"0000003559","0000000072","Cecil village","F","+44812334","-088449067","47",2.25
"G550115022975","1990","WI",,,,,,,,,,,,"99","Shawano","115","Eland village","22975","C5","3","9999",,,,"9999","2","Wisconsin","55",,,,"0000005752","0000000000","Eland village","F","+44865841","-089211355","47",3.01
"G550115024775","1990","WI",,,,,,,,,,,,"99","Shawano","115","Fairbanks town","24775","T1","3","9999",,,,"9999","2","Wisconsin","55",,,,"0000091174","0000000204","Fairbanks town","A","+44732460","-089045367","43",2.76
"G550115028825","1990","WI",,,,,,,,,,,,"99","Shawano","115","Germania town","28825","T1","3","9999",,,,"9999","2","Wisconsin","55",,,,"0000093739","0000000000","Germania town","A","+44723396","-089167009","43",3.01
"G550115030400","1990","WI",,,,,,,,,,,,"99","Shawano","115","Grant town","30400","T1","3","9999",,,,"9999","2","Wisconsin","55",,,,"0000095662","0000000382","Grant town","A","+44720982","-088922394","43",3.01
"G550115031500","1990","WI",,,,,,,,,,,,"99","Shawano","115","Green Valley town","31500","T1","3","9999",,,,"9999","2","Wisconsin","55",,,,"0000092497","0000000341","Green Valley town","A","+44809297","-088311757","43",2.88
"G550115031675","1990","WI",,,,,,,,,,,,"99","Shawano","115","Gresham village","31675","C5","3","9999",,,,"9999","2","Wisconsin","55",,,,"0000002946","0000000263","Gresham village","F","+44848576","-088785948","47",2.35
"G550115033075","1990","WI",,,,,,,,,,,,"99","Shawano","115","Hartland town","33075","T1","3","9999",,,,"9999","2","Wisconsin","55",,,,"0000090890","0000000410","Hartland town","A","+44717482","-088427496","43",3.18
"G550115034025","1990","WI",,,,,,,,,,,,"99","Shawano","115","Herman town","34025","T1","3","9999",,,,"9999","2","Wisconsin","55",,,,"0000091087","0000000590","Herman town","A","+44808992","-088791591","43",2.97
"G550115036700","1990","WI",,,,,,,,,,,,"99","Shawano","115","Hutchins town","36700","T1","3","9999",,,,"9999","2","Wisconsin","55",,,,"0000087034","0000000266","Hutchins town","A","+44990498","-089034742","43",3.06
"G550115043675","1990","WI",,,,,,,,,,,,"99","Shawano","115","Lessor town","43675","T1","3","9999",,,,"9999","2","Wisconsin","55",,,,"0000093018","0000000565","Lessor town","A","+44638465","-088427445","43",3.21
"G550115048900","1990","WI",,,,,,,,,,,,"99","Shawano","115","Maple Grove town","48900","T1","3","9999",,,,"9999","2","Wisconsin","55",,,,"0000091708","0000000022","Maple Grove town","A","+44629284","-088309136","43",3.30
"G550115050000","1990","WI",,,,,,,,,,,,"99","Shawano","115","Mattoon village","50000","C5","3","9999",,,,"9999","2","Wisconsin","55",,,,"0000003943","0000000000","Mattoon village","F","+45004731","-089042641","47",2.60
"G550115054250","1990","WI",,,,,,,,,,,,"99","Shawano","115","Morris town","54250","T1","3","9999",,,,"9999","2","Wisconsin","55",,,,"0000093821","0000000000","Morris town","A","+44809910","-089036388","43",2.70
"G550115055675","1990","WI",,,,,,,,,,,,"99","Shawano","115","Navarino town","55675","T1","3","9999",,,,"9999","2","Wisconsin","55",,,,"0000091284","0000001294","Navarino town","A","+44636968","-088549001","43",2.87
"G550115061700","1990","WI",,,,,,,,,,,,"99","Shawano","115","Pella town","61700","T1","3","9999",,,,"9999","2","Wisconsin","55",,,,"0000094313","0000000895","Pella town","A","+44721635","-088795527","43",2.87
"G550115066750","1990","WI",,,,,,,,,,,,"99","Shawano","115","Red Springs town","66750","T1","3","9999",,,,"9999","2","Wisconsin","55",,,,"0000092636","0000001820","Red Springs town","A","+44895114","-088788875","43",2.98
"G550115067675","1990","WI",,,,,,,,,,,,"99","Shawano","115","Richmond town","67675","T1","3","9999",,,,"9999","2","Wisconsin","55",,,,"0000087134","0000002012","Richmond town","A","+44810612","-088680482","43",2.73
"G550115072550","1990","WI",,,,,,,,,,,,"99","Shawano","115","Seneca town","72550","T1","3","9999",,,,"9999","2","Wisconsin","55",,,,"0000094722","0000000222","Seneca town","A","+44814710","-088916116","43",2.78
"G550115072925","1990","WI",,,,,,,,,,,,"99","Shawano","115","Shawano city","72925","C5","3","9999",,,,"9999","2","Wisconsin","55",,,,"0000013466","0000000171","Shawano city","F","+44776548","-088588685","25",2.32
"G550115079825","1990","WI",,,,,,,,,,,,"99","Shawano","115","Tigerton village","79825","C5","3","9999",,,,"9999","2","Wisconsin","55",,,,"0000002339","0000000066","Tigerton village","F","+44740496","-089060904","47",2.45
"G550115083725","1990","WI",,,,,,,,,,,,"99","Shawano","115","Washington town","83725","T1","3","9999",,,,"9999","2","Wisconsin","55",,,,"0000091599","0000009374","Washington town","A","+44802347","-088443574","43",2.52
"G550115084225","1990","WI",,,,,,,,,,,,"99","Shawano","115","Waukechon town","84225","T1","3","9999",,,,"9999","2","Wisconsin","55",,,,"0000092835","0000001295","Waukechon town","A","+44725823","-088551142","43",2.78
"G550115085275","1990","WI",,,,,,,,,,,,"99","Shawano","115","Wescott town","85275","T1","3","9999",,,,"9999","2","Wisconsin","55",,,,"0000059483","0000019845","Wescott town","A","+44818598","-088559037","43",2.44
"G550115088325","1990","WI",,,,,,,,,,,,"99","Shawano","115","Wittenberg village","88325","C5","3","9999",,,,"9999","2","Wisconsin","55",,,,"0000003514","0000000000","Wittenberg village","F","+44826576","-089170729","47",2.39
"G550115088350","1990","WI",,,,,,,,,,,,"99","Shawano","115","Wittenberg town","88350","T1","3","9999",,,,"9999","2","Wisconsin","55",,,,"0000089069","0000000270","Wittenberg town","A","+44815145","-089172476","43",3.09
"G550117000450","1990","WI",,,,,,,,,,,,"99","Sheboygan","117","Adell village","00450","C5","3","7620",,,,"9999","2","Wisconsin","55",,,,"0000001241","0000000017","Adell village","F","+43620788","-087946174","47",2.73
"G550117012825","1990","WI",,,,,,,,,,,,"99","Sheboygan","117","Cascade village","12825","C5","3","7620",,,,"9999","2","Wisconsin","55",,,,"0000001923","0000000018","Cascade village","F","+43659415","-088008511","47",2.90
"G550117013475","1990","WI",,,,,,,,,,,,"99","Sheboygan","117","Cedar Grove village","13475","C5","3","7620",,,,"9999","2","Wisconsin","55",,,,"0000005299","0000000000","Cedar Grove village","F","+43567072","-087823619","47",2.80
"G550117023275","1990","WI",,,,,,,,,,,,"99","Sheboygan","117","Elkhart Lake village","23275","C5","3","7620",,,,"9999","2","Wisconsin","55",,,,"0000002950","0000000000","Elkhart Lake village","F","+43832814","-088014601","47",2.58
"G550117029350","1990","WI",,,,,,,,,,,,"99","Sheboygan","117","Glenbeulah village","29350","C5","3","7620",,,,"9999","2","Wisconsin","55",,,,"0000001712","0000000037","Glenbeulah village","F","+43798635","-088046650","47",2.84
"G550117031100","1990","WI",,,,,,,,,,,,"99","Sheboygan","117","Greenbush town","31100","T1","3","7620",,,,"9999","2","Wisconsin","55",,,,"0000122155","0000000662","Greenbush town","A","+43777589","-088100939","43",3.02
"G550117034050","1990","WI",,,,,,,,,,,,"99","Sheboygan","117","Herman town","34050","T1","3","7620",,,,"9999","2","Wisconsin","55",,,,"0000088564","0000000281","Herman town","A","+43853176","-087861085","43",3.01
"G550117035375","1990","WI",,,,,,,,,,,,"99","Sheboygan","117","Holland town","35375","T1","3","7620",,,,"9999","2","Wisconsin","55",,,,"0000108571","0000000035","Holland town","A","+43589552","-087843174","43",3.16
"G550117036025","1990","WI",,,,,,,,,,,,"99","Sheboygan","117","Howards Grove village","36025","C5","3","7620",,,,"9999","2","Wisconsin","55",,,,"0000005390","0000000000","Howards Grove village","F","+43829600","-087825919","47",2.92
"G550117040275","1990","WI",,,,,,,,,,,,"99","Sheboygan","117","Kohler village","40275","C5","3","7620",,,,"9999","2","Wisconsin","55",,,,"0000013934","0000000291","Kohler village","F","+43735450","-087779039","47",2.79
"G550117044150","1990","WI",,,,,,,,,,,,"99","Sheboygan","117","Lima town","44150","T1","3","7620",,,,"9999","2","Wisconsin","55",,,,"0000094764","0000000158","Lima town","A","+43675168","-087862700","43",2.98
"G550117046575","1990","WI",,,,,,,,,,,,"99","Sheboygan","117","Lyndon town","46575","T1","3","7620",,,,"9999","2","Wisconsin","55",,,,"0000088496","0000000522","Lyndon town","A","+43674427","-087980029","43",2.89
"G550117053375","1990","WI",,,,,,,,,,,,"99","Sheboygan","117","Mitchell town","53375","T1","3","7620",,,,"9999","2","Wisconsin","55",,,,"0000093608","0000000087","Mitchell town","A","+43673935","-088099688","43",2.94
"G550117054475","1990","WI",,,,,,,,,,,,"99","Sheboygan","117","Mosel town","54475","T1","3","7620",,,,"9999","2","Wisconsin","55",,,,"0000054751","0000000000","Mosel town","A","+43841277","-087765828","43",2.97
"G550117060100","1990","WI",,,,,,,,,,,,"99","Sheboygan","117","Oostburg village","60100","C5","3","7620",,,,"9999","2","Wisconsin","55",,,,"0000002032","0000000000","Oostburg village","F","+43624260","-087797579","47",2.81
"G550117063700","1990","WI",,,,,,,,,,,,"99","Sheboygan","117","Plymouth city","63700","C5","3","7620",,,,"9999","2","Wisconsin","55",,,,"0000009256","0000000163","Plymouth city","F","+43747202","-087971950","25",2.44
"G550117063725","1990","WI",,,,,,,,,,,,"99","Sheboygan","117","Plymouth town","63725","T1","3","7620",,,,"9999","2","Wisconsin","55",,,,"0000082855","0000000088","Plymouth town","A","+43763339","-087981189","43",3.07
"G550117066200","1990","WI",,,,,,,,,,,,"99","Sheboygan","117","Random Lake village","66200","C5","3","7620",,,,"9999","2","Wisconsin","55",,,,"0000003273","0000000846","Random Lake village","F","+43554963","-087956022","47",2.64
"G550117067150","1990","WI",,,,,,,,,,,,"99","Sheboygan","117","Rhine town","67150","T1","3","7620",,,,"9999","2","Wisconsin","55",,,,"0000087669","0000002447","Rhine town","A","+43848010","-087981677","43",2.94
"G550117070350","1990","WI",,,,,,,,,,,,"99","Sheboygan","117","Russell town","70350","T1","3","7620",,,,"9999","2","Wisconsin","55",,,,"0000059778","0000002705","Russell town","A","+43853665","-088100831","43",3.04
"G550117072350","1990","WI",,,,,,,,,,,,"99","Sheboygan","117","Scott town","72350","T1","3","7620",,,,"9999","2","Wisconsin","55",,,,"0000093670","0000000946","Scott town","A","+43583696","-088104061","43",2.98
"G550117072975","1990","WI",,,,,,,,,,,,"99","Sheboygan","117","Sheboygan city","72975","C5","3","7620",,,,"9999","2","Wisconsin","55",,,,"0000034264","0000000377","Sheboygan city","F","+43745700","-087730071","25",2.47
"G550117073000","1990","WI",,,,,,,,,,,,"99","Sheboygan","117","Sheboygan town","73000","T1","3","7620",,,,"9999","2","Wisconsin","55",,,,"0000029433","0000000098","Sheboygan town","A","+43784904","-087766438","43",2.78
"G550117073025","1990","WI",,,,,,,,,,,,"99","Sheboygan","117","Sheboygan Falls city","73025","C5","3","7620",,,,"9999","2","Wisconsin","55",,,,"0000007557","0000000211","Sheboygan Falls city","F","+43729750","-087822624","25",2.54
"G550117073050","1990","WI",,,,,,,,,,,,"99","Sheboygan","117","Sheboygan Falls town","73050","T1","3","7620",,,,"9999","2","Wisconsin","55",,,,"0000085929","0000000070","Sheboygan Falls town","A","+43761046","-087858500","43",2.83
"G550117073425","1990","WI",,,,,,,,,,,,"99","Sheboygan","117","Sherman town","73425","T1","3","7620",,,,"9999","2","Wisconsin","55",,,,"0000088795","0000000109","Sherman town","A","+43587317","-087981993","43",3.28
"G550117083100","1990","WI",,,,,,,,,,,,"99","Sheboygan","117","Waldo village","83100","C5","3","7620",,,,"9999","2","Wisconsin","55",,,,"0000002186","0000000090","Waldo village","F","+43675590","-087946544","47",2.91
"G550117087500","1990","WI",,,,,,,,,,,,"99","Sheboygan","117","Wilson town","87500","T1","3","7620",,,,"9999","2","Wisconsin","55",,,,"0000060310","0000000100","Wilson town","A","+43674403","-087758031","43",2.79
"G550119003900","1990","WI",,,,,,,,,,,,"99","Taylor","119","Aurora town","03900","T1","3","9999",,,,"9999","2","Wisconsin","55",,,,"0000088559","0000000000","Aurora town","A","+45164280","-090864365","43",3.30
"G550119010400","1990","WI",,,,,,,,,,,,"99","Taylor","119","Browning town","10400","T1","3","9999",,,,"9999","2","Wisconsin","55",,,,"0000094555","0000000032","Browning town","A","+45166397","-090232352","43",2.92
"G550119014200","1990","WI",,,,,,,,,,,,"99","Taylor","119","Chelsea town","14200","T1","3","9999",,,,"9999","2","Wisconsin","55",,,,"0000104553","0000001371","Chelsea town","A","+45244407","-090368480","43",3.01
"G550119015450","1990","WI",,,,,,,,,,,,"99","Taylor","119","Cleveland town","15450","T1","3","9999",,,,"9999","2","Wisconsin","55",,,,"0000087749","0000004685","Cleveland town","A","+45244217","-090726044","43",2.76
"G550119019225","1990","WI",,,,,,,,,,,,"99","Taylor","119","Deer Creek town","19225","T1","3","9999",,,,"9999","2","Wisconsin","55",,,,"0000088523","0000000016","Deer Creek town","A","+45081875","-090262736","43",3.29
"G550119026425","1990","WI",,,,,,,,,,,,"99","Taylor","119","Ford town","26425","T1","3","9999",,,,"9999","2","Wisconsin","55",,,,"0000084867","0000005979","Ford town","A","+45154212","-090732668","43",3.02
"G550119029175","1990","WI",,,,,,,,,,,,"99","Taylor","119","Gilman village","29175","C5","3","9999",,,,"9999","2","Wisconsin","55",,,,"0000006052","0000000000","Gilman village","F","+45166924","-090806878","47",2.28
"G550119029837","1990","WI",,,,,,,,,,,,"99","Taylor","119","Goodrich town","29837","T1","3","9999",,,,"9999","2","Wisconsin","55",,,,"0000093963","0000000000","Goodrich town","A","+45156827","-090095395","43",3.17
"G550119031600","1990","WI",,,,,,,,,,,,"99","Taylor","119","Greenwood town","31600","T1","3","9999",,,,"9999","2","Wisconsin","55",,,,"0000140612","0000000124","Greenwood town","A","+45247522","-090186075","43",2.87
"G550119031750","1990","WI",,,,,,,,,,,,"99","Taylor","119","Grover town","31750","T1","3","9999",,,,"9999","2","Wisconsin","55",,,,"0000183012","0000001842","Grover town","A","+45206737","-090617918","43",2.43
"G550119032300","1990","WI",,,,,,,,,,,,"99","Taylor","119","Hammel town","32300","T1","3","9999",,,,"9999","2","Wisconsin","55",,,,"0000091883","0000000647","Hammel town","A","+45158945","-090487301","43",3.23
"G550119035525","1990","WI",,,,,,,,,,,,"99","Taylor","119","Holway town","35525","T1","3","9999",,,,"9999","2","Wisconsin","55",,,,"0000094162","0000000025","Holway town","A","+45080746","-090492925","43",3.66
"G550119038627","1990","WI",,,,,,,,,,,,"99","Taylor","119","Jump River town","38627","T1","3","9999",,,,"9999","2","Wisconsin","55",,,,"0000093183","0000000000","Jump River town","A","+45346434","-090741930","43",3.03
"G550119044900","1990","WI",,,,,,,,,,,,"99","Taylor","119","Little Black town","44900","T1","3","9999",,,,"9999","2","Wisconsin","55",,,,"0000090919","0000000025","Little Black town","A","+45077526","-090377928","43",3.13
"G550119046150","1990","WI",,,,,,,,,,,,"99","Taylor","119","Lublin village","46150","C5","3","9999",,,,"9999","2","Wisconsin","55",,,,"0000003929","0000000000","Lublin village","F","+45075175","-090724040","47",2.22
"G550119046925","1990","WI",,,,,,,,,,,,"99","Taylor","119","McKinley town","46925","T1","3","9999",,,,"9999","2","Wisconsin","55",,,,"0000092592","0000000195","McKinley town","A","+45339718","-090858567","43",3.10
"G550119048925","1990","WI",,,,,,,,,,,,"99","Taylor","119","Maplehurst town","48925","T1","3","9999",,,,"9999","2","Wisconsin","55",,,,"0000093023","0000000052","Maplehurst town","A","+45060288","-090617575","43",2.78
"G550119050425","1990","WI",,,,,,,,,,,,"99","Taylor","119","Medford city","50425","C5","3","9999",,,,"9999","2","Wisconsin","55",,,,"0000008339","0000000070","Medford city","F","+45138647","-090347897","25",2.38
"G550119050450","1990","WI",,,,,,,,,,,,"99","Taylor","119","Medford town","50450","T1","3","9999",,,,"9999","2","Wisconsin","55",,,,"0000098160","0000000181","Medford town","A","+45170606","-090366635","43",3.03
"G550119053550","1990","WI",,,,,,,,,,,,"99","Taylor","119","Molitor town","53550","T1","3","9999",,,,"9999","2","Wisconsin","55",,,,"0000091441","0000001716","Molitor town","A","+45254123","-090483206","43",2.65
"G550119062100","1990","WI",,,,,,,,,,,,"99","Taylor","119","Pershing town","62100","T1","3","9999",,,,"9999","2","Wisconsin","55",,,,"0000092399","0000000406","Pershing town","A","+45251461","-090860011","43",2.75
"G550119067275","1990","WI",,,,,,,,,,,,"99","Taylor","119","Rib Lake village","67275","C5","3","9999",,,,"9999","2","Wisconsin","55",,,,"0000004819","0000001213","Rib Lake village","F","+45318869","-090203603","47",2.42
"G550119067300","1990","WI",,,,,,,,,,,,"99","Taylor","119","Rib Lake town","67300","T1","3","9999",,,,"9999","2","Wisconsin","55",,,,"0000191722","0000002195","Rib Lake town","A","+45325876","-090133612","43",2.97
"G550119069400","1990","WI",,,,,,,,,,,,"99","Taylor","119","Roosevelt town","69400","T1","3","9999",,,,"9999","2","Wisconsin","55",,,,"0000089067","0000000334","Roosevelt town","A","+45083642","-090736604","43",2.84
"G550119077100","1990","WI",,,,,,,,,,,,"99","Taylor","119","Stetsonville village","77100","C5","3","9999",,,,"9999","2","Wisconsin","55",,,,"0000001093","0000000000","Stetsonville village","F","+45076445","-090312515","47",2.50
"G550119078950","1990","WI",,,,,,,,,,,,"99","Taylor","119","Taft town","78950","T1","3","9999",,,,"9999","2","Wisconsin","55",,,,"0000094519","0000000341","Taft town","A","+45074310","-090862932","43",3.19
"G550119085450","1990","WI",,,,,,,,,,,,"99","Taylor","119","Westboro town","85450","T1","3","9999",,,,"9999","2","Wisconsin","55",,,,"0000321447","0000003471","Westboro town","A","+45331178","-090463107","43",2.71
"G550121000925","1990","WI",,,,,,,,,,,,"99","Trempealeau","121","Albion town","00925","T1","3","9999",,,,"9999","2","Wisconsin","55",,,,"0000091518","0000000012","Albion town","A","+44546754","-091466043","43",2.80
"G550121002500","1990","WI",,,,,,,,,,,,"99","Trempealeau","121","Arcadia city","02500","C5","3","9999",,,,"9999","2","Wisconsin","55",,,,"0000004586","0000000000","Arcadia city","F","+44252401","-091493360","25",2.30
"G550121002525","1990","WI",,,,,,,,,,,,"99","Trempealeau","121","Arcadia town","02525","T1","3","9999",,,,"9999","2","Wisconsin","55",,,,"0000310076","0000000520","Arcadia town","A","+44239862","-091462818","43",3.09
"G550121008075","1990","WI",,,,,,,,,,,,"99","Trempealeau","121","Blair city","08075","C5","3","9999",,,,"9999","2","Wisconsin","55",,,,"0000002365","0000000160","Blair city","F","+44295938","-091229946","25",2.17
"G550121011325","1990","WI",,,,,,,,,,,,"99","Trempealeau","121","Burnside town","11325","T1","3","9999",,,,"9999","2","Wisconsin","55",,,,"0000091263","0000000121","Burnside town","A","+44381646","-091478978","43",3.09
"G550121011975","1990","WI",,,,,,,,,,,,"99","Trempealeau","121","Caledonia town","11975","T1","3","9999",,,,"9999","2","Wisconsin","55",,,,"0000054067","0000001104","Caledonia town","A","+44031160","-091360754","43",2.82
"G550121014525","1990","WI",,,,,,,,,,,,"99","Trempealeau","121","Chimney Rock town","14525","T1","3","9999",,,,"9999","2","Wisconsin","55",,,,"0000093473","0000000000","Chimney Rock town","A","+44465983","-091478167","43",2.75
"G550121020300","1990","WI",,,,,,,,,,,,"99","Trempealeau","121","Dodge town","20300","T1","3","9999",,,,"9999","2","Wisconsin","55",,,,"0000055409","0000000000","Dodge town","A","+44127706","-091508598","43",2.90
"G550121023175","1990","WI",,,,,,,,,,,,"99","Trempealeau","121","Eleva village","23175","C5","3","9999",,,,"9999","2","Wisconsin","55",,,,"0000001407","0000000033","Eleva village","F","+44576391","-091470307","47",2.41
"G550121024400","1990","WI",,,,,,,,,,,,"99","Trempealeau","121","Ettrick village","24400","C5","3","9999",,,,"9999","2","Wisconsin","55",,,,"0000001718","0000000000","Ettrick village","F","+44169834","-091266124","47",2.25
"G550121024425","1990","WI",,,,,,,,,,,,"99","Trempealeau","121","Ettrick town","24425","T1","3","9999",,,,"9999","2","Wisconsin","55",,,,"0000199588","0000000000","Ettrick town","A","+44194048","-091248046","43",2.84
"G550121028150","1990","WI",,,,,,,,,,,,"99","Trempealeau","121","Gale town","28150","T1","3","9999",,,,"9999","2","Wisconsin","55",,,,"0000156698","0000001441","Gale town","A","+44102065","-091295280","43",2.74
"G550121028200","1990","WI",,,,,,,,,,,,"99","Trempealeau","121","Galesville city","28200","C5","3","9999",,,,"9999","2","Wisconsin","55",,,,"0000002806","0000000240","Galesville city","F","+44084182","-091356227","25",2.27
"G550121032050","1990","WI",,,,,,,,,,,,"99","Trempealeau","121","Hale town","32050","T1","3","9999",,,,"9999","2","Wisconsin","55",,,,"0000180535","0000000069","Hale town","A","+44463741","-091307229","43",2.88
"G550121036800","1990","WI",,,,,,,,,,,,"99","Trempealeau","121","Independence city","36800","C5","3","9999",,,,"9999","2","Wisconsin","55",,,,"0000002598","0000000096","Independence city","F","+44362159","-091419308","25",2.31
"G550121044500","1990","WI",,,,,,,,,,,,"99","Trempealeau","121","Lincoln town","44500","T1","3","9999",,,,"9999","2","Wisconsin","55",,,,"0000073683","0000000103","Lincoln town","A","+44371703","-091352128","43",2.91
"G550121060575","1990","WI",,,,,,,,,,,,"99","Trempealeau","121","Osseo city","60575","C5","3","9999",,,,"9999","2","Wisconsin","55",,,,"0000003928","0000000045","Osseo city","F","+44578345","-091218116","25",2.31
"G550121062650","1990","WI",,,,,,,,,,,,"99","Trempealeau","121","Pigeon town","62650","T1","3","9999",,,,"9999","2","Wisconsin","55",,,,"0000099920","0000000000","Pigeon town","A","+44392499","-091227824","43",3.06
"G550121062675","1990","WI",,,,,,,,,,,,"99","Trempealeau","121","Pigeon Falls village","62675","C5","3","9999",,,,"9999","2","Wisconsin","55",,,,"0000001236","0000000000","Pigeon Falls village","F","+44424701","-091208212","47",2.26
"G550121065500","1990","WI",,,,,,,,,,,,"99","Trempealeau","121","Preston town","65500","T1","3","9999",,,,"9999","2","Wisconsin","55",,,,"0000153691","0000000015","Preston town","A","+44300458","-091258169","43",3.14
"G550121077825","1990","WI",,,,,,,,,,,,"99","Trempealeau","121","Strum village","77825","C5","3","9999",,,,"9999","2","Wisconsin","55",,,,"0000002795","0000000213","Strum village","F","+44552899","-091386181","47",2.42
"G550121078500","1990","WI",,,,,,,,,,,,"99","Trempealeau","121","Sumner town","78500","T1","3","9999",,,,"9999","2","Wisconsin","55",,,,"0000089094","0000000080","Sumner town","A","+44558359","-091228310","43",2.94
"G550121080475","1990","WI",,,,,,,,,,,,"99","Trempealeau","121","Trempealeau village","80475","C5","3","9999",,,,"9999","2","Wisconsin","55",,,,"0000002732","0000000208","Trempealeau village","F","+44007025","-091435957","47",2.42
"G550121080500","1990","WI",,,,,,,,,,,,"99","Trempealeau","121","Trempealeau town","80500","T1","3","9999",,,,"9999","2","Wisconsin","55",,,,"0000132545","0000016009","Trempealeau town","A","+44071099","-091463165","43",2.81
"G550121081875","1990","WI",,,,,,,,,,,,"99","Trempealeau","121","Unity town","81875","T1","3","9999",,,,"9999","2","Wisconsin","55",,,,"0000089620","0000000000","Unity town","A","+44554827","-091347641","43",2.80
"G550121086725","1990","WI",,,,,,,,,,,,"99","Trempealeau","121","Whitehall city","86725","C5","3","9999",,,,"9999","2","Wisconsin","55",,,,"0000004092","0000000000","Whitehall city","F","+44365814","-091313694","25",2.23
"G550123006900","1990","WI",,,,,,,,,,,,"99","Vernon","123","Bergen town","06900","T1","3","9999",,,,"9999","2","Wisconsin","55",,,,"0000088642","0000048090","Bergen town","A","+43659339","-091207675","43",2.82
"G550123014150","1990","WI",,,,,,,,,,,,"99","Vernon","123","Chaseburg village","14150","C5","3","9999",,,,"9999","2","Wisconsin","55",,,,"0000001612","0000000000","Chaseburg village","F","+43654770","-091099945","47",2.59
"G550123014675","1990","WI",,,,,,,,,,,,"99","Vernon","123","Christiana town","14675","T1","3","9999",,,,"9999","2","Wisconsin","55",,,,"0000087416","0000000215","Christiana town","A","+43685131","-090844943","43",3.04
"G550123015675","1990","WI",,,,,,,,,,,,"99","Vernon","123","Clinton town","15675","T1","3","9999",,,,"9999","2","Wisconsin","55",,,,"0000092950","0000000018","Clinton town","A","+43685880","-090729179","43",3.99
"G550123016875","1990","WI",,,,,,,,,,,,"99","Vernon","123","Coon town","16875","T1","3","9999",,,,"9999","2","Wisconsin","55",,,,"0000090517","0000000000","Coon town","A","+43680823","-090971619","43",2.80
"G550123016900","1990","WI",,,,,,,,,,,,"99","Vernon","123","Coon Valley village","16900","C5","3","9999",,,,"9999","2","Wisconsin","55",,,,"0000002560","0000000000","Coon Valley village","F","+43701805","-091010211","47",2.63
"G550123019850","1990","WI",,,,,,,,,,,,"99","Vernon","123","De Soto village","19850","C5","3","9999",,,,"9999","2","Wisconsin","55",,,,"0000002316","0000000142","De Soto village","F","+43429146","-091195964","47",2.69
"G550123026550","1990","WI",,,,,,,,,,,,"99","Vernon","123","Forest town","26550","T1","3","9999",,,,"9999","2","Wisconsin","55",,,,"0000093154","0000000000","Forest town","A","+43678887","-090494283","43",2.92
"G550123027400","1990","WI",,,,,,,,,,,,"99","Vernon","123","Franklin town","27400","T1","3","9999",,,,"9999","2","Wisconsin","55",,,,"0000133511","0000000114","Franklin town","A","+43476490","-090906928","43",2.86
"G550123028625","1990","WI",,,,,,,,,,,,"99","Vernon","123","Genoa village","28625","C5","3","9999",,,,"9999","2","Wisconsin","55",,,,"0000000778","0000000000","Genoa village","F","+43573395","-091225795","47",2.40
"G550123028650","1990","WI",,,,,,,,,,,,"99","Vernon","123","Genoa town","28650","T1","3","9999",,,,"9999","2","Wisconsin","55",,,,"0000090649","0000003451","Genoa town","A","+43548635","-091168159","43",2.79
"G550123031625","1990","WI",,,,,,,,,,,,"99","Vernon","123","Greenwood town","31625","T1","3","9999",,,,"9999","2","Wisconsin","55",,,,"0000092725","0000000013","Greenwood town","A","+43596211","-090368293","43",3.21
"G550123032225","1990","WI",,,,,,,,,,,,"99","Vernon","123","Hamburg town","32225","T1","3","9999",,,,"9999","2","Wisconsin","55",,,,"0000092751","0000000030","Hamburg town","A","+43677773","-091089790","43",2.81
"G550123032725","1990","WI",,,,,,,,,,,,"99","Vernon","123","Harmony town","32725","T1","3","9999",,,,"9999","2","Wisconsin","55",,,,"0000111127","0000000000","Harmony town","A","+43583827","-091089322","43",2.93
"G550123034825","1990","WI",,,,,,,,,,,,"99","Vernon","123","Hillsboro city","34825","C5","3","9999",,,,"9999","2","Wisconsin","55",,,,"0000003050","0000000077","Hillsboro city","F","+43654063","-090337701","25",2.19
"G550123034850","1990","WI",,,,,,,,,,,,"99","Vernon","123","Hillsboro town","34850","T1","3","9999",,,,"9999","2","Wisconsin","55",,,,"0000092286","0000000089","Hillsboro town","A","+43689698","-090366264","43",2.65
"G550123037975","1990","WI",,,,,,,,,,,,"99","Vernon","123","Jefferson town","37975","T1","3","9999",,,,"9999","2","Wisconsin","55",,,,"0000121556","0000000221","Jefferson town","A","+43583455","-090974766","43",2.80
"G550123039475","1990","WI",,,,,,,,,,,,"99","Vernon","123","Kickapoo town","39475","T1","3","9999",,,,"9999","2","Wisconsin","55",,,,"0000098081","0000000066","Kickapoo town","A","+43461929","-090750035","43",2.78
"G550123040875","1990","WI",,,,,,,,,,,,"99","Vernon","123","La Farge village","40875","C5","3","9999",,,,"9999","2","Wisconsin","55",,,,"0000002693","0000000000","La Farge village","F","+43577502","-090638132","47",2.31
"G550123043900","1990","WI",,,,,,,,,,,,"99","Vernon","123","Liberty town","43900","T1","3","9999",,,,"9999","2","Wisconsin","55",,,,"0000059708","0000000036","Liberty town","A","+43528516","-090736076","43",2.70
"G550123060075","1990","WI",,,,,,,,,,,,"99","Vernon","123","Ontario village","60075","C5","3","9999",,,,"9999","2","Wisconsin","55",,,,"0000002622","0000000000","Ontario village","F","+43722063","-090592899","47",2.33
"G550123066450","1990","WI",,,,,,,,,,,,"99","Vernon","123","Readstown village","66450","C5","3","9999",,,,"9999","2","Wisconsin","55",,,,"0000004629","0000000000","Readstown village","F","+43448786","-090758902","47",2.15
"G550123076725","1990","WI",,,,,,,,,,,,"99","Vernon","123","Stark town","76725","T1","3","9999",,,,"9999","2","Wisconsin","55",,,,"0000089157","0000000034","Stark town","A","+43595714","-090609510","43",2.49
"G550123077075","1990","WI",,,,,,,,,,,,"99","Vernon","123","Sterling town","77075","T1","3","9999",,,,"9999","2","Wisconsin","55",,,,"0000117738","0000000000","Sterling town","A","+43470475","-091035031","43",2.67
"G550123077550","1990","WI",,,,,,,,,,,,"99","Vernon","123","Stoddard village","77550","C5","3","9999",,,,"9999","2","Wisconsin","55",,,,"0000001554","0000000229","Stoddard village","F","+43661184","-091218444","47",2.48
"G550123081675","1990","WI",,,,,,,,,,,,"99","Vernon","123","Union town","81675","T1","3","9999",,,,"9999","2","Wisconsin","55",,,,"0000092639","0000000010","Union town","A","+43603929","-090484871","43",2.90
"G550123082900","1990","WI",,,,,,,,,,,,"99","Vernon","123","Viola village","82900","C5","3","9999",,,,"9999","2","Wisconsin","55",,,,"0000001672","0000000000","Viola village","F","+43506669","-090675803","47",2.25
"G550123082925","1990","WI",,,,,,,,,,,,"99","Vernon","123","Viroqua city","82925","C5","3","9999",,,,"9999","2","Wisconsin","55",,,,"0000007973","0000000000","Viroqua city","F","+43558310","-090886328","25",2.14
"G550123082950","1990","WI",,,,,,,,,,,,"99","Vernon","123","Viroqua town","82950","T1","3","9999",,,,"9999","2","Wisconsin","55",,,,"0000125696","0000000089","Viroqua town","A","+43582811","-090846104","43",2.83
"G550123085050","1990","WI",,,,,,,,,,,,"99","Vernon","123","Webster town","85050","T1","3","9999",,,,"9999","2","Wisconsin","55",,,,"0000091728","0000000014","Webster town","A","+43596197","-090726125","43",2.96
"G550123085475","1990","WI",,,,,,,,,,,,"99","Vernon","123","Westby city","85475","C5","3","9999",,,,"9999","2","Wisconsin","55",,,,"0000005838","0000000000","Westby city","F","+43653010","-090857120","25",2.31
"G550123086525","1990","WI",,,,,,,,,,,,"99","Vernon","123","Wheatland town","86525","T1","3","9999",,,,"9999","2","Wisconsin","55",,,,"0000068920","0000002860","Wheatland town","A","+43453025","-091155905","43",2.52
"G550123086900","1990","WI",,,,,,,,,,,,"99","Vernon","123","Whitestown town","86900","T1","3","9999",,,,"9999","2","Wisconsin","55",,,,"0000090680","0000000011","Whitestown town","A","+43678607","-090608996","43",3.12
"G550125002450","1990","WI",,,,,,,,,,,,"99","Vilas","125","Arbor Vitae town","02450","T1","3","9999",,,,"9999","2","Wisconsin","55",,,,"0000162062","0000022503","Arbor Vitae town","A","+45958595","-089677975","43",2.41
"G550125008950","1990","WI",,,,,,,,,,,,"99","Vilas","125","Boulder Junction town","08950","T1","3","9999",,,,"9999","2","Wisconsin","55",,,,"0000212208","0000047819","Boulder Junction town","A","+46093793","-089680114","43",2.35
"G550125015850","1990","WI",,,,,,,,,,,,"99","Vilas","125","Cloverland town","15850","T1","3","9999",,,,"9999","2","Wisconsin","55",,,,"0000081294","0000009852","Cloverland town","A","+45944412","-089367239","43",2.36
"G550125016750","1990","WI",,,,,,,,,,,,"99","Vilas","125","Conover town","16750","T1","3","9999",,,,"9999","2","Wisconsin","55",,,,"0000208729","0000018496","Conover town","A","+46051196","-089264548","43",2.49
"G550125021625","1990","WI",,,,,,,,,,,,"99","Vilas","125","Eagle River city","21625","C5","3","9999",,,,"9999","2","Wisconsin","55",,,,"0000006240","0000000468","Eagle River city","F","+45924631","-089257902","25",2.02
"G550125040687","1990","WI",,,,,,,,,,,,"99","Vilas","125","Lac du Flambeau town","40687","T1","3","9999",,,,"9999","2","Wisconsin","55",,,,"0000259823","0000070969","Lac du Flambeau town","A","+45968110","-089881181","43",2.76
"G550125042325","1990","WI",,,,,,,,,,,,"99","Vilas","125","Land O'Lakes town","42325","T1","3","9999",,,,"9999","2","Wisconsin","55",,,,"0000215060","0000031801","Land O'Lakes town","A","+46159886","-089402852","43",2.42
"G550125044525","1990","WI",,,,,,,,,,,,"99","Vilas","125","Lincoln town","44525","T1","3","9999",,,,"9999","2","Wisconsin","55",,,,"0000084640","0000011914","Lincoln town","A","+45910956","-089247187","43",2.43
"G550125048462","1990","WI",,,,,,,,,,,,"99","Vilas","125","Manitowish Waters town","48462","T1","3","9999",,,,"9999","2","Wisconsin","55",,,,"0000078625","0000015744","Manitowish Waters town","A","+46112419","-089866953","43",2.16
"G550125062425","1990","WI",,,,,,,,,,,,"99","Vilas","125","Phelps town","62425","T1","3","9999",,,,"9999","2","Wisconsin","55",,,,"0000244112","0000036332","Phelps town","A","+46047673","-089069671","43",2.43
"G550125063625","1990","WI",,,,,,,,,,,,"99","Vilas","125","Plum Lake town","63625","T1","3","9999",,,,"9999","2","Wisconsin","55",,,,"0000230347","0000028828","Plum Lake town","A","+46048260","-089482132","43",2.54
"G550125065425","1990","WI",,,,,,,,,,,,"99","Vilas","125","Presque Isle town","65425","T1","3","9999",,,,"9999","2","Wisconsin","55",,,,"0000159038","0000033783","Presque Isle town","A","+46208399","-089698625","43",2.22
"G550125070725","1990","WI",,,,,,,,,,,,"99","Vilas","125","St. Germain town","70725","T1","3","9999",,,,"9999","2","Wisconsin","55",,,,"0000086415","0000017270","St. Germain town","A","+45942443","-089494555","43",2.26
"G550125083750","1990","WI",,,,,,,,,,,,"99","Vilas","125","Washington town","83750","T1","3","9999",,,,"9999","2","Wisconsin","55",,,,"0000107292","0000015916","Washington town","A","+45946374","-089136854","43",2.48
"G550125087600","1990","WI",,,,,,,,,,,,"99","Vilas","125","Winchester town","87600","T1","3","9999",,,,"9999","2","Wisconsin","55",,,,"0000124673","0000014164","Winchester town","A","+46224003","-089868535","43",2.21
"G550127008275","1990","WI",,,,,,,,,,,,"99","Walworth","127","Bloomfield town","08275","T1","3","9999",,,,"9999","2","Wisconsin","55",,,,"0000086620","0000002115","Bloomfield town","A","+42538650","-088365221","43",2.63
"G550127011200","1990","WI",,,,,,,,,,,,"99","Walworth","127","Burlington city","11200","C5","3","9999",,,,"9999","2","Wisconsin","55",,,,"0000000386","0000000000","Burlington city","F","+42694218","-088312458","25",4.00
"G550127018825","1990","WI",,,,,,,,,,,,"99","Walworth","127","Darien village","18825","C5","3","9999",,,,"9999","2","Wisconsin","55",,,,"0000002030","0000000000","Darien village","F","+42600923","-088710146","47",2.97
"G550127018850","1990","WI",,,,,,,,,,,,"99","Walworth","127","Darien town","18850","T1","3","9999",,,,"9999","2","Wisconsin","55",,,,"0000090275","0000000096","Darien town","A","+42619448","-088724505","43",2.79
"G550127019450","1990","WI",,,,,,,,,,,,"99","Walworth","127","Delavan city","19450","C5","3","9999",,,,"9999","2","Wisconsin","55",,,,"0000013107","0000001101","Delavan city","F","+42626683","-088632569","25",2.56
"G550127019475","1990","WI",,,,,,,,,,,,"99","Walworth","127","Delavan town","19475","T1","3","9999",,,,"9999","2","Wisconsin","55",,,,"0000069318","0000007323","Delavan town","A","+42628681","-088589767","43",2.60
"G550127022100","1990","WI",,,,,,,,,,,,"99","Walworth","127","East Troy village","22100","C5","3","9999",,,,"9999","2","Wisconsin","55",,,,"0000006748","0000000120","East Troy village","F","+42789100","-088399437","47",2.65
"G550127022125","1990","WI",,,,,,,,,,,,"99","Walworth","127","East Troy town","22125","T1","3","9999",,,,"9999","2","Wisconsin","55",,,,"0000081226","0000004635","East Troy town","A","+42802832","-088361001","43",2.85
"G550127023300","1990","WI",,,,,,,,,,,,"99","Walworth","127","Elkhorn city","23300","C5","3","9999",,,,"9999","2","Wisconsin","55",,,,"0000012374","0000000140","Elkhorn city","F","+42671037","-088540251","25",2.48
"G550127026350","1990","WI",,,,,,,,,,,,"99","Walworth","127","Fontana-on-Geneva Lake village","26350","C5","3","9999",,,,"9999","2","Wisconsin","55",,,,"0000007473","0000002899","Fontana-on-Geneva Lake village","F","+42545343","-088566428","47",2.51
"G550127028550","1990","WI",,,,,,,,,,,,"99","Walworth","127","Geneva town","28550","T1","3","9999",,,,"9999","2","Wisconsin","55",,,,"0000078946","0000003960","Geneva town","A","+42628847","-088479418","43",2.53
"G550127028675","1990","WI",,,,,,,,,,,,"99","Walworth","127","Genoa City village","28675","C5","3","9999",,,,"9999","2","Wisconsin","55",,,,"0000003506","0000000000","Genoa City village","F","+42500327","-088326235","47",2.73
"G550127040950","1990","WI",,,,,,,,,,,,"99","Walworth","127","Lafayette town","40950","T1","3","9999",,,,"9999","2","Wisconsin","55",,,,"0000089950","0000000050","Lafayette town","A","+42717036","-088486796","43",2.93
"G550127041050","1990","WI",,,,,,,,,,,,"99","Walworth","127","La Grange town","41050","T1","3","9999",,,,"9999","2","Wisconsin","55",,,,"0000088914","0000003621","La Grange town","A","+42802955","-088589126","43",2.71
"G550127041450","1990","WI",,,,,,,,,,,,"99","Walworth","127","Lake Geneva city","41450","C5","3","9999",,,,"9999","2","Wisconsin","55",,,,"0000012135","0000002063","Lake Geneva city","F","+42588647","-088429638","25",2.27
"G550127044750","1990","WI",,,,,,,,,,,,"99","Walworth","127","Linn town","44750","T1","3","9999",,,,"9999","2","Wisconsin","55",,,,"0000074342","0000013321","Linn town","A","+42538905","-088481561","43",2.52
"G550127046725","1990","WI",,,,,,,,,,,,"99","Walworth","127","Lyons town","46725","T1","3","9999",,,,"9999","2","Wisconsin","55",,,,"0000089861","0000000615","Lyons town","A","+42627362","-088369514","43",2.66
"G550127067725","1990","WI",,,,,,,,,,,,"99","Walworth","127","Richmond town","67725","T1","3","9999",,,,"9999","2","Wisconsin","55",,,,"0000091546","0000001684","Richmond town","A","+42714403","-088729431","43",2.67
"G550127072875","1990","WI",,,,,,,,,,,,"99","Walworth","127","Sharon village","72875","C5","3","9999",,,,"9999","2","Wisconsin","55",,,,"0000002284","0000000000","Sharon village","F","+42501564","-088730118","47",2.79
"G550127072900","1990","WI",,,,,,,,,,,,"99","Walworth","127","Sharon town","72900","T1","3","9999",,,,"9999","2","Wisconsin","55",,,,"0000092158","0000000035","Sharon town","A","+42540592","-088717589","43",3.05
"G550127076175","1990","WI",,,,,,,,,,,,"99","Walworth","127","Spring Prairie town","76175","T1","3","9999",,,,"9999","2","Wisconsin","55",,,,"0000092595","0000000214","Spring Prairie town","A","+42709579","-088370567","43",3.13
"G550127078100","1990","WI",,,,,,,,,,,,"99","Walworth","127","Sugar Creek town","78100","T1","3","9999",,,,"9999","2","Wisconsin","55",,,,"0000087745","0000002016","Sugar Creek town","A","+42710612","-088597663","43",2.90
"G550127080875","1990","WI",,,,,,,,,,,,"99","Walworth","127","Troy town","80875","T1","3","9999",,,,"9999","2","Wisconsin","55",,,,"0000090118","0000001789","Troy town","A","+42803880","-088479050","43",3.01
"G550127083250","1990","WI",,,,,,,,,,,,"99","Walworth","127","Walworth village","83250","C5","3","9999",,,,"9999","2","Wisconsin","55",,,,"0000003380","0000000000","Walworth village","F","+42530515","-088597423","47",2.45
"G550127083275","1990","WI",,,,,,,,,,,,"99","Walworth","127","Walworth town","83275","T1","3","9999",,,,"9999","2","Wisconsin","55",,,,"0000075442","0000001582","Walworth town","A","+42538431","-088606993","43",2.79
"G550127086925","1990","WI",,,,,,,,,,,,"99","Walworth","127","Whitewater city","86925","C5","3","9999",,,,"9999","2","Wisconsin","55",,,,"0000009905","0000000759","Whitewater city","F","+42831601","-088735301","25",2.43
"G550127086950","1990","WI",,,,,,,,,,,,"99","Walworth","127","Whitewater town","86950","T1","3","9999",,,,"9999","2","Wisconsin","55",,,,"0000079878","0000002525","Whitewater town","A","+42797310","-088705449","43",2.75
"G550127087200","1990","WI",,,,,,,,,,,,"99","Walworth","127","Williams Bay village","87200","C5","3","9999",,,,"9999","2","Wisconsin","55",,,,"0000006231","0000002116","Williams Bay village","F","+42576410","-088542789","47",2.34
"G550129004950","1990","WI",,,,,,,,,,,,"99","Washburn","129","Barronett town","04950","T1","3","9999",,,,"9999","2","Wisconsin","55",,,,"0000084850","0000002340","Barronett town","A","+45677926","-091966579","43",2.89
"G550129005125","1990","WI",,,,,,,,,,,,"99","Washburn","129","Bashaw town","05125","T1","3","9999",,,,"9999","2","Wisconsin","55",,,,"0000086850","0000000957","Bashaw town","A","+45771943","-091975754","43",2.78
"G550129005225","1990","WI",,,,,,,,,,,,"99","Washburn","129","Bass Lake town","05225","T1","3","9999",,,,"9999","2","Wisconsin","55",,,,"0000083722","0000002135","Bass Lake town","A","+45945296","-091602954","43",2.72
"G550129005875","1990","WI",,,,,,,,,,,,"99","Washburn","129","Beaver Brook town","05875","T1","3","9999",,,,"9999","2","Wisconsin","55",,,,"0000084024","0000001235","Beaver Brook town","A","+45772976","-091841395","43",2.86
"G550129007550","1990","WI",,,,,,,,,,,,"99","Washburn","129","Birchwood village","07550","C5","3","9999",,,,"9999","2","Wisconsin","55",,,,"0000002920","0000000410","Birchwood village","F","+45657100","-091552157","47",2.26
"G550129007575","1990","WI",,,,,,,,,,,,"99","Washburn","129","Birchwood town","07575","T1","3","9999",,,,"9999","2","Wisconsin","55",,,,"0000165344","0000015900","Birchwood town","A","+45732599","-091607500","43",2.46
"G550129010150","1990","WI",,,,,,,,,,,,"99","Washburn","129","Brooklyn town","10150","T1","3","9999",,,,"9999","2","Wisconsin","55",,,,"0000092485","0000001642","Brooklyn town","A","+46008336","-091852942","43",2.56
"G550129012925","1990","WI",,,,,,,,,,,,"99","Washburn","129","Casey town","12925","T1","3","9999",,,,"9999","2","Wisconsin","55",,,,"0000080639","0000007880","Casey town","A","+45945409","-091968704","43",2.32
"G550129014425","1990","WI",,,,,,,,,,,,"99","Washburn","129","Chicog town","14425","T1","3","9999",,,,"9999","2","Wisconsin","55",,,,"0000112864","0000005239","Chicog town","A","+46029983","-091965848","43",2.19
"G550129017850","1990","WI",,,,,,,,,,,,"99","Washburn","129","Crystal town","17850","T1","3","9999",,,,"9999","2","Wisconsin","55",,,,"0000090838","0000001600","Crystal town","A","+45854490","-091717935","43",2.82
"G550129024600","1990","WI",,,,,,,,,,,,"99","Washburn","129","Evergreen town","24600","T1","3","9999",,,,"9999","2","Wisconsin","55",,,,"0000086932","0000003330","Evergreen town","A","+45860548","-091976194","43",2.79
"G550129028025","1990","WI",,,,,,,,,,,,"99","Washburn","129","Frog Creek town","28025","T1","3","9999",,,,"9999","2","Wisconsin","55",,,,"0000183898","0000001440","Frog Creek town","A","+46125513","-091686905","43",2.98
"G550129031825","1990","WI",,,,,,,,,,,,"99","Washburn","129","Gull Lake town","31825","T1","3","9999",,,,"9999","2","Wisconsin","55",,,,"0000090781","0000003001","Gull Lake town","A","+46009927","-091725442","43",2.51
"G550129045650","1990","WI",,,,,,,,,,,,"99","Washburn","129","Long Lake town","45650","T1","3","9999",,,,"9999","2","Wisconsin","55",,,,"0000084485","0000013299","Long Lake town","A","+45685712","-091722380","43",2.49
"G550129047025","1990","WI",,,,,,,,,,,,"99","Washburn","129","Madge town","47025","T1","3","9999",,,,"9999","2","Wisconsin","55",,,,"0000082823","0000005390","Madge town","A","+45776276","-091732808","43",2.38
"G550129053250","1990","WI",,,,,,,,,,,,"99","Washburn","129","Minong village","53250","C5","3","9999",,,,"9999","2","Wisconsin","55",,,,"0000003153","0000000000","Minong village","F","+46098378","-091823932","47",2.27
"G550129053275","1990","WI",,,,,,,,,,,,"99","Washburn","129","Minong town","53275","T1","3","9999",,,,"9999","2","Wisconsin","55",,,,"0000167156","0000017516","Minong town","A","+46116314","-091926807","43",2.42
"G550129071637","1990","WI",,,,,,,,,,,,"99","Washburn","129","Sarona town","71637","T1","3","9999",,,,"9999","2","Wisconsin","55",,,,"0000082683","0000003657","Sarona town","A","+45689084","-091854717","43",2.66
"G550129073200","1990","WI",,,,,,,,,,,,"99","Washburn","129","Shell Lake city","73200","C5","3","9999",,,,"9999","2","Wisconsin","55",,,,"0000016042","0000010424","Shell Lake city","F","+45738590","-091899086","25",2.21
"G550129075625","1990","WI",,,,,,,,,,,,"99","Washburn","129","Spooner city","75625","C5","3","9999",,,,"9999","2","Wisconsin","55",,,,"0000007501","0000000207","Spooner city","F","+45824533","-091893502","25",2.26
"G550129075650","1990","WI",,,,,,,,,,,,"99","Washburn","129","Spooner town","75650","T1","3","9999",,,,"9999","2","Wisconsin","55",,,,"0000049299","0000005085","Spooner town","A","+45846836","-091843699","43",2.80
"G550129075800","1990","WI",,,,,,,,,,,,"99","Washburn","129","Springbrook town","75800","T1","3","9999",,,,"9999","2","Wisconsin","55",,,,"0000088472","0000001316","Springbrook town","A","+45940633","-091723671","43",2.53
"G550129077350","1990","WI",,,,,,,,,,,,"99","Washburn","129","Stinnett town","77350","T1","3","9999",,,,"9999","2","Wisconsin","55",,,,"0000089198","0000003151","Stinnett town","A","+46026911","-091611269","43",2.56
"G550129077650","1990","WI",,,,,,,,,,,,"99","Washburn","129","Stone Lake town","77650","T1","3","9999",,,,"9999","2","Wisconsin","55",,,,"0000087209","0000003026","Stone Lake town","A","+45858463","-091594341","43",2.69
"G550129080450","1990","WI",,,,,,,,,,,,"99","Washburn","129","Trego town","80450","T1","3","9999",,,,"9999","2","Wisconsin","55",,,,"0000093070","0000002179","Trego town","A","+45919586","-091849876","43",2.63
"G550131000425","1990","WI",,,,,,,,,,,,"63","Washington","131","Addison town","00425","T1","3","5082",,,,"5080","2","Wisconsin","55",,,,"0000093698","0000000000","Addison town","A","+43412933","-088340337","43",3.22
"G550131005050","1990","WI",,,,,,,,,,,,"63","Washington","131","Barton town","05050","T1","3","5082",,,,"5080","2","Wisconsin","55",,,,"0000051974","0000000613","Barton town","A","+43454331","-088230433","43",3.21
"G550131024225","1990","WI",,,,,,,,,,,,"63","Washington","131","Erin town","24225","T1","3","5082",,,,"5080","2","Wisconsin","55",,,,"0000092890","0000001106","Erin town","A","+43237976","-088352923","43",3.07
"G550131025375","1990","WI",,,,,,,,,,,,"63","Washington","131","Farmington town","25375","T1","3","5082",,,,"5080","2","Wisconsin","55",,,,"0000094230","0000000788","Farmington town","A","+43505576","-088105752","43",3.20
"G550131028875","1990","WI",,,,,,,,,,,,"63","Washington","131","Germantown village","28875","C5","3","5082",,,,"5080","2","Wisconsin","55",,,,"0000089147","0000000100","Germantown village","F","+43236051","-088120309","47",2.77
"G550131028900","1990","WI",,,,,,,,,,,,"63","Washington","131","Germantown town","28900","T1","3","5082",,,,"5080","2","Wisconsin","55",,,,"0000004502","0000000000","Germantown town","A","+43270805","-088155889","43",3.19
"G550131033000","1990","WI",,,,,,,,,,,,"63","Washington","131","Hartford city","33000","C5","3","5082",,,,"5080","2","Wisconsin","55",,,,"0000011142","0000000135","Hartford city","F","+43324112","-088384520","25",2.64
"G550131033025","1990","WI",,,,,,,,,,,,"63","Washington","131","Hartford town","33025","T1","3","5082",,,,"5080","2","Wisconsin","55",,,,"0000081641","0000001902","Hartford town","A","+43325947","-088354862","43",2.93
"G550131037675","1990","WI",,,,,,,,,,,,"63","Washington","131","Jackson village","37675","C5","3","5082",,,,"5080","2","Wisconsin","55",,,,"0000004337","0000000006","Jackson village","F","+43320912","-088163873","47",2.60
"G550131037700","1990","WI",,,,,,,,,,,,"63","Washington","131","Jackson town","37700","T1","3","5082",,,,"5080","2","Wisconsin","55",,,,"0000090061","0000000281","Jackson town","A","+43316096","-088117158","43",3.19
"G550131039300","1990","WI",,,,,,,,,,,,"63","Washington","131","Kewaskum village","39300","C5","3","5082",,,,"5080","2","Wisconsin","55",,,,"0000003588","0000000000","Kewaskum village","F","+43520304","-088227446","47",2.72
"G550131039325","1990","WI",,,,,,,,,,,,"63","Washington","131","Kewaskum town","39325","T1","3","5082",,,,"5080","2","Wisconsin","55",,,,"0000059207","0000000062","Kewaskum town","A","+43512199","-088220821","43",3.19
"G550131053000","1990","WI",,,,,,,,,,,,"63","Washington","131","Milwaukee city","53000","C5","3","5082",,,,"5080","2","Wisconsin","55",,,,"0000000075","0000000000","Milwaukee city","F","+43194469","-088065527","25",0.00
"G550131056450","1990","WI",,,,,,,,,,,,"63","Washington","131","Newburg village","56450","C5","3","5082",,,,"5080","2","Wisconsin","55",,,,"0000001912","0000000000","Newburg village","F","+43431440","-088047539","47",2.94
"G550131063875","1990","WI",,,,,,,,,,,,"63","Washington","131","Polk town","63875","T1","3","5082",,,,"5080","2","Wisconsin","55",,,,"0000086938","0000000751","Polk town","A","+43321799","-088235966","43",3.10
"G550131067475","1990","WI",,,,,,,,,,,,"63","Washington","131","Richfield town","67475","T1","3","5082",,,,"5080","2","Wisconsin","55",,,,"0000092911","0000001407","Richfield town","A","+43234192","-088240513","43",3.17
"G550131074400","1990","WI",,,,,,,,,,,,"63","Washington","131","Slinger village","74400","C5","3","5082",,,,"5080","2","Wisconsin","55",,,,"0000005806","0000000035","Slinger village","F","+43332064","-088285675","47",2.62
"G550131080575","1990","WI",,,,,,,,,,,,"63","Washington","131","Trenton town","80575","T1","3","5082",,,,"5080","2","Wisconsin","55",,,,"0000088712","0000000171","Trenton town","A","+43400392","-088095585","43",3.25
"G550131084900","1990","WI",,,,,,,,,,,,"63","Washington","131","Wayne town","84900","T1","3","5082",,,,"5080","2","Wisconsin","55",,,,"0000092719","0000000000","Wayne town","A","+43504512","-088351732","43",3.29
"G550131085350","1990","WI",,,,,,,,,,,,"63","Washington","131","West Bend city","85350","C5","3","5082",,,,"5080","2","Wisconsin","55",,,,"0000025973","0000000614","West Bend city","F","+43422784","-088184227","25",2.71
"G550131085375","1990","WI",,,,,,,,,,,,"63","Washington","131","West Bend town","85375","T1","3","5082",,,,"5080","2","Wisconsin","55",,,,"0000044436","0000005161","West Bend town","A","+43395699","-088231929","43",2.56
"G550133007200","1990","WI",,,,,,,,,,,,"63","Waukesha","133","Big Bend village","07200","C5","3","5082",,,,"5080","2","Wisconsin","55",,,,"0000001947","0000000027","Big Bend village","F","+42882304","-088204082","47",3.12
"G550133010025","1990","WI",,,,,,,,,,,,"63","Waukesha","133","Brookfield city","10025","C5","3","5082",,,,"5080","2","Wisconsin","55",,,,"0000069504","0000000118","Brookfield city","F","+43062800","-088119761","25",2.92
"G550133010050","1990","WI",,,,,,,,,,,,"63","Waukesha","133","Brookfield town","10050","T1","3","5082",,,,"5080","2","Wisconsin","55",,,,"0000014924","0000000081","Brookfield town","A","+43050401","-088172061","43",3.00
"G550133011475","1990","WI",,,,,,,,,,,,"63","Waukesha","133","Butler village","11475","C5","3","5082",,,,"5080","2","Wisconsin","55",,,,"0000002046","0000000000","Butler village","F","+43108350","-088072249","47",2.24
"G550133014225","1990","WI",,,,,,,,,,,,"63","Waukesha","133","Chenequa village","14225","C5","3","5082",,,,"5080","2","Wisconsin","55",,,,"0000009181","0000002944","Chenequa village","F","+43123392","-088381077","47",2.62
"G550133019400","1990","WI",,,,,,,,,,,,"63","Waukesha","133","Delafield city","19400","C5","3","5082",,,,"5080","2","Wisconsin","55",,,,"0000024115","0000004110","Delafield city","F","+43069595","-088391884","25",2.60
"G550133019425","1990","WI",,,,,,,,,,,,"63","Waukesha","133","Delafield town","19425","T1","3","5082",,,,"5080","2","Wisconsin","55",,,,"0000050564","0000005485","Delafield town","A","+43047814","-088344428","43",3.00
"G550133020550","1990","WI",,,,,,,,,,,,"63","Waukesha","133","Dousman village","20550","C5","3","5082",,,,"5080","2","Wisconsin","55",,,,"0000002708","0000000118","Dousman village","F","+43014840","-088471363","47",3.08
"G550133021425","1990","WI",,,,,,,,,,,,"63","Waukesha","133","Eagle village","21425","C5","3","5082",,,,"5080","2","Wisconsin","55",,,,"0000002693","0000000000","Eagle village","F","+42879627","-088471266","47",2.98
"G550133021450","1990","WI",,,,,,,,,,,,"63","Waukesha","133","Eagle town","21450","T1","3","5082",,,,"5080","2","Wisconsin","55",,,,"0000090294","0000001101","Eagle town","A","+42882192","-088490349","43",3.06
"G550133023575","1990","WI",,,,,,,,,,,,"63","Waukesha","133","Elm Grove village","23575","C5","3","5082",,,,"5080","2","Wisconsin","55",,,,"0000008434","0000000000","Elm Grove village","F","+43047650","-088086661","47",2.60
"G550133028487","1990","WI",,,,,,,,,,,,"63","Waukesha","133","Genesee town","28487","T1","3","5082",,,,"5080","2","Wisconsin","55",,,,"0000084803","0000000254","Genesee town","A","+42972859","-088366503","43",3.25
"G550133033100","1990","WI",,,,,,,,,,,,"63","Waukesha","133","Hartland village","33100","C5","3","5082",,,,"5080","2","Wisconsin","55",,,,"0000008158","0000000016","Hartland village","F","+43098216","-088344619","47",2.94
"G550133040750","1990","WI",,,,,,,,,,,,"63","Waukesha","133","Lac La Belle village","40750","C5","3","5082",,,,"5080","2","Wisconsin","55",,,,"0000001260","0000000000","Lac La Belle village","F","+43145456","-088525658","47",3.07
"G550133042450","1990","WI",,,,,,,,,,,,"63","Waukesha","133","Lannon village","42450","C5","3","5082",,,,"5080","2","Wisconsin","55",,,,"0000006327","0000000000","Lannon village","F","+43151373","-088162408","47",2.57
"G550133044850","1990","WI",,,,,,,,,,,,"63","Waukesha","133","Lisbon town","44850","T1","3","5082",,,,"5080","2","Wisconsin","55",,,,"0000082915","0000000084","Lisbon town","A","+43151141","-088246099","43",3.08
"G550133051000","1990","WI",,,,,,,,,,,,"63","Waukesha","133","Menomonee Falls village","51000","C5","3","5082",,,,"5080","2","Wisconsin","55",,,,"0000086194","0000000018","Menomonee Falls village","F","+43147168","-088125927","47",2.71
"G550133051375","1990","WI",,,,,,,,,,,,"63","Waukesha","133","Merton village","51375","C5","3","5082",,,,"5080","2","Wisconsin","55",,,,"0000005914","0000000072","Merton village","F","+43140976","-088313537","47",3.35
"G550133051400","1990","WI",,,,,,,,,,,,"63","Waukesha","133","Merton town","51400","T1","3","5082",,,,"5080","2","Wisconsin","55",,,,"0000068454","0000006514","Merton town","A","+43156792","-088358774","43",3.01
"G550133053000","1990","WI",,,,,,,,,,,,"63","Waukesha","133","Milwaukee city","53000","C5","3","5082",,,,"5080","2","Wisconsin","55",,,,"0000000214","0000000000","Milwaukee city","F","+43122096","-088068187","25",0.00
"G550133055050","1990","WI",,,,,,,,,,,,"63","Waukesha","133","Mukwonago village","55050","C5","3","5082",,,,"5080","2","Wisconsin","55",,,,"0000006436","0000000164","Mukwonago village","F","+42866336","-088331215","47",2.90
"G550133055075","1990","WI",,,,,,,,,,,,"63","Waukesha","133","Mukwonago town","55075","T1","3","5082",,,,"5080","2","Wisconsin","55",,,,"0000086060","0000002921","Mukwonago town","A","+42885504","-088367937","43",3.40
"G550133055275","1990","WI",,,,,,,,,,,,"63","Waukesha","133","Muskego city","55275","C5","3","5082",,,,"5080","2","Wisconsin","55",,,,"0000080878","0000012061","Muskego city","F","+42891104","-088122910","25",3.00
"G550133055550","1990","WI",,,,,,,,,,,,"63","Waukesha","133","Nashotah village","55550","C5","3","5082",,,,"5080","2","Wisconsin","55",,,,"0000004194","0000000082","Nashotah village","F","+43093016","-088401344","47",3.08
"G550133056375","1990","WI",,,,,,,,,,,,"63","Waukesha","133","New Berlin city","56375","C5","3","5082",,,,"5080","2","Wisconsin","55",,,,"0000095425","0000000214","New Berlin city","F","+42972783","-088129221","25",2.86
"G550133058400","1990","WI",,,,,,,,,,,,"63","Waukesha","133","North Prairie village","58400","C5","3","5082",,,,"5080","2","Wisconsin","55",,,,"0000003524","0000000019","North Prairie village","F","+42937176","-088395622","47",3.25
"G550133059250","1990","WI",,,,,,,,,,,,"63","Waukesha","133","Oconomowoc city","59250","C5","3","5082",,,,"5080","2","Wisconsin","55",,,,"0000014999","0000001277","Oconomowoc city","F","+43102760","-088496752","25",2.56
"G550133059275","1990","WI",,,,,,,,,,,,"63","Waukesha","133","Oconomowoc town","59275","T1","3","5082",,,,"5080","2","Wisconsin","55",,,,"0000077643","0000008591","Oconomowoc town","A","+43157992","-088471393","43",2.86
"G550133059300","1990","WI",,,,,,,,,,,,"63","Waukesha","133","Oconomowoc Lake village","59300","C5","3","5082",,,,"5080","2","Wisconsin","55",,,,"0000004726","0000003339","Oconomowoc Lake village","F","+43098680","-088455038","47",2.74
"G550133060700","1990","WI",,,,,,,,,,,,"63","Waukesha","133","Ottawa town","60700","T1","3","5082",,,,"5080","2","Wisconsin","55",,,,"0000090248","0000001569","Ottawa town","A","+42976672","-088485593","43",3.09
"G550133062250","1990","WI",,,,,,,,,,,,"63","Waukesha","133","Pewaukee village","62250","C5","3","5082",,,,"5080","2","Wisconsin","55",,,,"0000010299","0000000746","Pewaukee village","F","+43085712","-088251992","47",2.46
"G550133062275","1990","WI",,,,,,,,,,,,"63","Waukesha","133","Pewaukee town","62275","T1","3","5082",,,,"5080","2","Wisconsin","55",,,,"0000061108","0000003758","Pewaukee town","A","+43064847","-088243595","43",2.97
"G550133078375","1990","WI",,,,,,,,,,,,"63","Waukesha","133","Summit town","78375","T1","3","5082",,,,"5080","2","Wisconsin","55",,,,"0000067976","0000007194","Summit town","A","+43051376","-088478676","43",2.78
"G550133078750","1990","WI",,,,,,,,,,,,"63","Waukesha","133","Sussex village","78750","C5","3","5082",,,,"5080","2","Wisconsin","55",,,,"0000010104","0000000000","Sussex village","F","+43135949","-088217945","47",2.89
"G550133082575","1990","WI",,,,,,,,,,,,"63","Waukesha","133","Vernon town","82575","T1","3","5082",,,,"5080","2","Wisconsin","55",,,,"0000087730","0000001211","Vernon town","A","+42891328","-088245593","43",3.34
"G550133083175","1990","WI",,,,,,,,,,,,"63","Waukesha","133","Wales village","83175","C5","3","5082",,,,"5080","2","Wisconsin","55",,,,"0000005900","0000000000","Wales village","F","+43004896","-088377743","47",3.43
"G550133084250","1990","WI",,,,,,,,,,,,"63","Waukesha","133","Waukesha city","84250","C5","3","5082",,,,"5080","2","Wisconsin","55",,,,"0000044845","0000000112","Waukesha city","F","+43012467","-088238208","25",2.59
"G550133084275","1990","WI",,,,,,,,,,,,"63","Waukesha","133","Waukesha town","84275","T1","3","5082",,,,"5080","2","Wisconsin","55",,,,"0000066272","0000000331","Waukesha town","A","+42964472","-088249106","43",3.12
"G550135005625","1990","WI",,,,,,,,,,,,"99","Waupaca","135","Bear Creek town","05625","T1","3","9999",,,,"9999","2","Wisconsin","55",,,,"0000094943","0000000000","Bear Creek town","A","+44546438","-088802859","43",3.10
"G550135007250","1990","WI",,,,,,,,,,,,"99","Waupaca","135","Big Falls village","07250","C5","3","9999",,,,"9999","2","Wisconsin","55",,,,"0000001254","0000000060","Big Falls village","F","+44619498","-089016855","47",2.34
"G550135012000","1990","WI",,,,,,,,,,,,"99","Waupaca","135","Caledonia town","12000","T1","3","9999",,,,"9999","2","Wisconsin","55",,,,"0000072126","0000000558","Caledonia town","A","+44294219","-088789546","43",2.92
"G550135015725","1990","WI",,,,,,,,,,,,"99","Waupaca","135","Clintonville city","15725","C5","3","9999",,,,"9999","2","Wisconsin","55",,,,"0000010272","0000000152","Clintonville city","F","+44621542","-088750988","25",2.30
"G550135019025","1990","WI",,,,,,,,,,,,"99","Waupaca","135","Dayton town","19025","T1","3","9999",,,,"9999","2","Wisconsin","55",,,,"0000091263","0000002989","Dayton town","A","+44290852","-089164648","43",2.69
"G550135021200","1990","WI",,,,,,,,,,,,"99","Waupaca","135","Dupont town","21200","T1","3","9999",,,,"9999","2","Wisconsin","55",,,,"0000090287","0000000881","Dupont town","A","+44636714","-088922892","43",3.09
"G550135023850","1990","WI",,,,,,,,,,,,"99","Waupaca","135","Embarrass village","23850","C5","3","9999",,,,"9999","2","Wisconsin","55",,,,"0000003117","0000000010","Embarrass village","F","+44670735","-088703342","47",2.55
"G550135025400","1990","WI",,,,,,,,,,,,"99","Waupaca","135","Farmington town","25400","T1","3","9999",,,,"9999","2","Wisconsin","55",,,,"0000090307","0000002575","Farmington town","A","+44377376","-089164803","43",2.71
"G550135027800","1990","WI",,,,,,,,,,,,"99","Waupaca","135","Fremont village","27800","C5","3","9999",,,,"9999","2","Wisconsin","55",,,,"0000002699","0000000347","Fremont village","F","+44259677","-088870726","47",2.27
"G550135027850","1990","WI",,,,,,,,,,,,"99","Waupaca","135","Fremont town","27850","T1","3","9999",,,,"9999","2","Wisconsin","55",,,,"0000049405","0000002584","Fremont town","A","+44263884","-088891092","43",2.76
"G550135032925","1990","WI",,,,,,,,,,,,"99","Waupaca","135","Harrison town","32925","T1","3","9999",,,,"9999","2","Wisconsin","55",,,,"0000095531","0000000159","Harrison town","A","+44638702","-089170305","43",2.73
"G550135033850","1990","WI",,,,,,,,,,,,"99","Waupaca","135","Helvetia town","33850","T1","3","9999",,,,"9999","2","Wisconsin","55",,,,"0000093077","0000000763","Helvetia town","A","+44544545","-089036653","43",2.63
"G550135037025","1990","WI",,,,,,,,,,,,"99","Waupaca","135","Iola village","37025","C5","3","9999",,,,"9999","2","Wisconsin","55",,,,"0000003519","0000000401","Iola village","F","+44509410","-089126331","47",2.19
"G550135037050","1990","WI",,,,,,,,,,,,"99","Waupaca","135","Iola town","37050","T1","3","9999",,,,"9999","2","Wisconsin","55",,,,"0000087554","0000002168","Iola town","A","+44551260","-089171890","43",2.62
"G550135042650","1990","WI",,,,,,,,,,,,"99","Waupaca","135","Larrabee town","42650","T1","3","9999",,,,"9999","2","Wisconsin","55",,,,"0000087112","0000000588","Larrabee town","A","+44635354","-088800266","43",2.90
"G550135043075","1990","WI",,,,,,,,,,,,"99","Waupaca","135","Lebanon town","43075","T1","3","9999",,,,"9999","2","Wisconsin","55",,,,"0000093370","0000000076","Lebanon town","A","+44458278","-088798856","43",3.12
"G550135044575","1990","WI",,,,,,,,,,,,"99","Waupaca","135","Lind town","44575","T1","3","9999",,,,"9999","2","Wisconsin","55",,,,"0000093104","0000000441","Lind town","A","+44286307","-089043509","43",2.79
"G550135045300","1990","WI",,,,,,,,,,,,"99","Waupaca","135","Little Wolf town","45300","T1","3","9999",,,,"9999","2","Wisconsin","55",,,,"0000087087","0000001117","Little Wolf town","A","+44456755","-088930555","43",2.95
"G550135048350","1990","WI",,,,,,,,,,,,"99","Waupaca","135","Manawa city","48350","C5","3","9999",,,,"9999","2","Wisconsin","55",,,,"0000004066","0000000282","Manawa city","F","+44461215","-088920381","25",2.38
"G550135049400","1990","WI",,,,,,,,,,,,"99","Waupaca","135","Marion city","49400","C5","3","9999",,,,"9999","2","Wisconsin","55",,,,"0000004803","0000000205","Marion city","F","+44671223","-088887394","25",2.42
"G550135049975","1990","WI",,,,,,,,,,,,"99","Waupaca","135","Matteson town","49975","T1","3","9999",,,,"9999","2","Wisconsin","55",,,,"0000094976","0000001222","Matteson town","A","+44632076","-088668679","43",2.99
"G550135055025","1990","WI",,,,,,,,,,,,"99","Waupaca","135","Mukwa town","55025","T1","3","9999",,,,"9999","2","Wisconsin","55",,,,"0000081709","0000004401","Mukwa town","A","+44373147","-088801258","43",2.93
"G550135056925","1990","WI",,,,,,,,,,,,"99","Waupaca","135","New London city","56925","C5","3","9999",,,,"9999","2","Wisconsin","55",,,,"0000007898","0000000098","New London city","F","+44394691","-088746947","25",2.53
"G550135059475","1990","WI",,,,,,,,,,,,"99","Waupaca","135","Ogdensburg village","59475","C5","3","9999",,,,"9999","2","Wisconsin","55",,,,"0000002532","0000000130","Ogdensburg village","F","+44453916","-089032197","47",2.72
"G550135069900","1990","WI",,,,,,,,,,,,"99","Waupaca","135","Royalton town","69900","T1","3","9999",,,,"9999","2","Wisconsin","55",,,,"0000087569","0000005919","Royalton town","A","+44372814","-088913653","43",2.91
"G550135070900","1990","WI",,,,,,,,,,,,"99","Waupaca","135","St. Lawrence town","70900","T1","3","9999",,,,"9999","2","Wisconsin","55",,,,"0000089896","0000000728","St. Lawrence town","A","+44457365","-089044119","43",2.81
"G550135071975","1990","WI",,,,,,,,,,,,"99","Waupaca","135","Scandinavia village","71975","C5","3","9999",,,,"9999","2","Wisconsin","55",,,,"0000002234","0000000321","Scandinavia village","F","+44460758","-089146541","47",2.53
"G550135072000","1990","WI",,,,,,,,,,,,"99","Waupaca","135","Scandinavia town","72000","T1","3","9999",,,,"9999","2","Wisconsin","55",,,,"0000088053","0000001156","Scandinavia town","A","+44456624","-089159921","43",2.86
"G550135081700","1990","WI",,,,,,,,,,,,"99","Waupaca","135","Union town","81700","T1","3","9999",,,,"9999","2","Wisconsin","55",,,,"0000093015","0000000576","Union town","A","+44549269","-088922479","43",2.94
"G550135084375","1990","WI",,,,,,,,,,,,"99","Waupaca","135","Waupaca city","84375","C5","3","9999",,,,"9999","2","Wisconsin","55",,,,"0000013456","0000000355","Waupaca city","F","+44354647","-089075461","25",2.32
"G550135084400","1990","WI",,,,,,,,,,,,"99","Waupaca","135","Waupaca town","84400","T1","3","9999",,,,"9999","2","Wisconsin","55",,,,"0000080735","0000000241","Waupaca town","A","+44389010","-089027642","43",2.84
"G550135086400","1990","WI",,,,,,,,,,,,"99","Waupaca","135","Weyauwega city","86400","C5","3","9999",,,,"9999","2","Wisconsin","55",,,,"0000002936","0000000272","Weyauwega city","F","+44322656","-088928670","25",2.46
"G550135086425","1990","WI",,,,,,,,,,,,"99","Waupaca","135","Weyauwega town","86425","T1","3","9999",,,,"9999","2","Wisconsin","55",,,,"0000051949","0000004927","Weyauwega town","A","+44303256","-088926387","43",2.79
"G550135089375","1990","WI",,,,,,,,,,,,"99","Waupaca","135","Wyoming town","89375","T1","3","9999",,,,"9999","2","Wisconsin","55",,,,"0000093596","0000000173","Wyoming town","A","+44633387","-089044624","43",2.98
"G550137003925","1990","WI",,,,,,,,,,,,"99","Waushara","137","Aurora town","03925","T1","3","9999",,,,"9999","2","Wisconsin","55",,,,"0000089178","0000000962","Aurora town","A","+44020599","-088940521","43",2.86
"G550137006925","1990","WI",,,,,,,,,,,,"99","Waushara","137","Berlin city","06925","C5","3","9999",,,,"9999","2","Wisconsin","55",,,,"0000001452","0000000163","Berlin city","F","+43990246","-088939030","25",3.05
"G550137008300","1990","WI",,,,,,,,,,,,"99","Waushara","137","Bloomfield town","08300","T1","3","9999",,,,"9999","2","Wisconsin","55",,,,"0000091724","0000001183","Bloomfield town","A","+44204799","-088949967","43",2.93
"G550137016375","1990","WI",,,,,,,,,,,,"99","Waushara","137","Coloma village","16375","C5","3","9999",,,,"9999","2","Wisconsin","55",,,,"0000002805","0000000000","Coloma village","F","+44033448","-089520955","47",2.41
"G550137016400","1990","WI",,,,,,,,,,,,"99","Waushara","137","Coloma town","16400","T1","3","9999",,,,"9999","2","Wisconsin","55",,,,"0000085604","0000000510","Coloma town","A","+44029434","-089544949","43",2.76
"G550137018475","1990","WI",,,,,,,,,,,,"99","Waushara","137","Dakota town","18475","T1","3","9999",,,,"9999","2","Wisconsin","55",,,,"0000086727","0000001539","Dakota town","A","+44018432","-089303103","43",2.66
"G550137019300","1990","WI",,,,,,,,,,,,"99","Waushara","137","Deerfield town","19300","T1","3","9999",,,,"9999","2","Wisconsin","55",,,,"0000089790","0000000882","Deerfield town","A","+44108370","-089425082","43",2.55
"G550137032450","1990","WI",,,,,,,,,,,,"99","Waushara","137","Hancock village","32450","C5","3","9999",,,,"9999","2","Wisconsin","55",,,,"0000002852","0000000133","Hancock village","F","+44134516","-089520244","47",2.33
"G550137032475","1990","WI",,,,,,,,,,,,"99","Waushara","137","Hancock town","32475","T1","3","9999",,,,"9999","2","Wisconsin","55",,,,"0000086616","0000000781","Hancock town","A","+44111328","-089541657","43",2.62
"G550137043500","1990","WI",,,,,,,,,,,,"99","Waushara","137","Leon town","43500","T1","3","9999",,,,"9999","2","Wisconsin","55",,,,"0000093249","0000000809","Leon town","A","+44109055","-089067321","43",2.50
"G550137045425","1990","WI",,,,,,,,,,,,"99","Waushara","137","Lohrville village","45425","C5","3","9999",,,,"9999","2","Wisconsin","55",,,,"0000003189","0000000027","Lohrville village","F","+44037960","-089121107","47",2.59
"G550137049425","1990","WI",,,,,,,,,,,,"99","Waushara","137","Marion town","49425","T1","3","9999",,,,"9999","2","Wisconsin","55",,,,"0000086904","0000003691","Marion town","A","+44015642","-089189475","43",2.31
"G550137054825","1990","WI",,,,,,,,,,,,"99","Waushara","137","Mount Morris town","54825","T1","3","9999",,,,"9999","2","Wisconsin","55",,,,"0000088637","0000002593","Mount Morris town","A","+44111804","-089187267","43",2.35
"G550137059225","1990","WI",,,,,,,,,,,,"99","Waushara","137","Oasis town","59225","T1","3","9999",,,,"9999","2","Wisconsin","55",,,,"0000090745","0000000688","Oasis town","A","+44196602","-089420744","43",2.86
"G550137063150","1990","WI",,,,,,,,,,,,"99","Waushara","137","Plainfield village","63150","C5","3","9999",,,,"9999","2","Wisconsin","55",,,,"0000003361","0000000000","Plainfield village","F","+44214096","-089494282","47",2.55
"G550137063175","1990","WI",,,,,,,,,,,,"99","Waushara","137","Plainfield town","63175","T1","3","9999",,,,"9999","2","Wisconsin","55",,,,"0000087934","0000000031","Plainfield town","A","+44199260","-089537666","43",2.77
"G550137064975","1990","WI",,,,,,,,,,,,"99","Waushara","137","Poysippi town","64975","T1","3","9999",,,,"9999","2","Wisconsin","55",,,,"0000083666","0000009397","Poysippi town","A","+44107650","-088948650","43",2.62
"G550137066625","1990","WI",,,,,,,,,,,,"99","Waushara","137","Redgranite village","66625","C5","3","9999",,,,"9999","2","Wisconsin","55",,,,"0000005218","0000000028","Redgranite village","F","+44050279","-089102759","47",2.40
"G550137067550","1990","WI",,,,,,,,,,,,"99","Waushara","137","Richford town","67550","T1","3","9999",,,,"9999","2","Wisconsin","55",,,,"0000089540","0000000415","Richford town","A","+44024241","-089430230","43",3.03
"G550137069425","1990","WI",,,,,,,,,,,,"99","Waushara","137","Rose town","69425","T1","3","9999",,,,"9999","2","Wisconsin","55",,,,"0000090350","0000000162","Rose town","A","+44199427","-089319870","43",2.53
"G550137071825","1990","WI",,,,,,,,,,,,"99","Waushara","137","Saxeville town","71825","T1","3","9999",,,,"9999","2","Wisconsin","55",,,,"0000093423","0000001258","Saxeville town","A","+44211218","-089072432","43",2.68
"G550137076400","1990","WI",,,,,,,,,,,,"99","Waushara","137","Springwater town","76400","T1","3","9999",,,,"9999","2","Wisconsin","55",,,,"0000086991","0000003387","Springwater town","A","+44199269","-089180341","43",2.33
"G550137083425","1990","WI",,,,,,,,,,,,"99","Waushara","137","Warren town","83425","T1","3","9999",,,,"9999","2","Wisconsin","55",,,,"0000084795","0000000239","Warren town","A","+44027779","-089069905","43",2.62
"G550137084625","1990","WI",,,,,,,,,,,,"99","Waushara","137","Wautoma city","84625","C5","3","9999",,,,"9999","2","Wisconsin","55",,,,"0000004943","0000000112","Wautoma city","F","+44069728","-089292715","25",2.25
"G550137084650","1990","WI",,,,,,,,,,,,"99","Waushara","137","Wautoma town","84650","T1","3","9999",,,,"9999","2","Wisconsin","55",,,,"0000088594","0000000367","Wautoma town","A","+44106091","-089309749","43",2.59
"G550137087075","1990","WI",,,,,,,,,,,,"99","Waushara","137","Wild Rose village","87075","C5","3","9999",,,,"9999","2","Wisconsin","55",,,,"0000003274","0000000063","Wild Rose village","F","+44176288","-089248045","47",2.15
"G550139001025","1990","WI",,,,,,,,,,,,"99","Winnebago","139","Algoma town","01025","T1","3","0460",,,,"9999","2","Wisconsin","55",,,,"0000028183","0000006735","Algoma town","A","+44029259","-088616661","43",2.85
"G550139002375","1990","WI",,,,,,,,,,,,"99","Winnebago","139","Appleton city","02375","C5","3","0460",,,,"9999","2","Wisconsin","55",,,,"0000000891","0000000000","Appleton city","F","+44240337","-088415835","25",1.63
"G550139008000","1990","WI",,,,,,,,,,,,"99","Winnebago","139","Black Wolf town","08000","T1","3","0460",,,,"9999","2","Wisconsin","55",,,,"0000040682","0000068126","Black Wolf town","A","+43935953","-088478399","43",2.63
"G550139015150","1990","WI",,,,,,,,,,,,"99","Winnebago","139","Clayton town","15150","T1","3","0460",,,,"9999","2","Wisconsin","55",,,,"0000094462","0000000040","Clayton town","A","+44192150","-088584719","43",2.80
"G550139050825","1990","WI",,,,,,,,,,,,"99","Winnebago","139","Menasha city","50825","C5","3","0460",,,,"9999","2","Wisconsin","55",,,,"0000011144","0000003676","Menasha city","F","+44211500","-088438418","25",2.46
"G550139050850","1990","WI",,,,,,,,,,,,"99","Winnebago","139","Menasha town","50850","T1","3","0460",,,,"9999","2","Wisconsin","55",,,,"0000032563","0000004259","Menasha town","A","+44221400","-088473042","43",2.59
"G550139055750","1990","WI",,,,,,,,,,,,"99","Winnebago","139","Neenah city","55750","C5","3","0460",,,,"9999","2","Wisconsin","55",,,,"0000019236","0000001363","Neenah city","F","+44169533","-088472189","25",2.56
"G550139055775","1990","WI",,,,,,,,,,,,"99","Winnebago","139","Neenah town","55775","T1","3","0460",,,,"9999","2","Wisconsin","55",,,,"0000025456","0000023178","Neenah town","A","+44155232","-088464040","43",2.77
"G550139055850","1990","WI",,,,,,,,,,,,"99","Winnebago","139","Nekimi town","55850","T1","3","0460",,,,"9999","2","Wisconsin","55",,,,"0000078083","0000000000","Nekimi town","A","+43939011","-088589711","43",3.06
"G550139056100","1990","WI",,,,,,,,,,,,"99","Winnebago","139","Nepeuskun town","56100","T1","3","0460",,,,"9999","2","Wisconsin","55",,,,"0000082732","0000010937","Nepeuskun town","A","+43944614","-088826837","43",2.81
"G550139059875","1990","WI",,,,,,,,,,,,"99","Winnebago","139","Omro city","59875","C5","3","0460",,,,"9999","2","Wisconsin","55",,,,"0000005078","0000000301","Omro city","F","+44038978","-088741535","25",2.66
"G550139059900","1990","WI",,,,,,,,,,,,"99","Winnebago","139","Omro town","59900","T1","3","0460",,,,"9999","2","Wisconsin","55",,,,"0000085915","0000006481","Omro town","A","+44030769","-088712266","43",2.81
"G550139060500","1990","WI",,,,,,,,,,,,"99","Winnebago","139","Oshkosh city","60500","C5","3","0460",,,,"9999","2","Wisconsin","55",,,,"0000046463","0000005411","Oshkosh city","F","+44017767","-088553991","25",2.39
"G550139060525","1990","WI",,,,,,,,,,,,"99","Winnebago","139","Oshkosh town","60525","T1","3","0460",,,,"9999","2","Wisconsin","55",,,,"0000036022","0000127339","Oshkosh town","A","+44050699","-088507456","43",2.60
"G550139064875","1990","WI",,,,,,,,,,,,"99","Winnebago","139","Poygan town","64875","T1","3","0460",,,,"9999","2","Wisconsin","55",,,,"0000060462","0000047464","Poygan town","A","+44124385","-088822298","43",2.77
"G550139070125","1990","WI",,,,,,,,,,,,"99","Winnebago","139","Rushford town","70125","T1","3","0460",,,,"9999","2","Wisconsin","55",,,,"0000090823","0000001269","Rushford town","A","+44021508","-088816511","43",2.76
"G550139082175","1990","WI",,,,,,,,,,,,"99","Winnebago","139","Utica town","82175","T1","3","0460",,,,"9999","2","Wisconsin","55",,,,"0000092866","0000000026","Utica town","A","+43938408","-088702566","43",2.76
"G550139082875","1990","WI",,,,,,,,,,,,"99","Winnebago","139","Vinland town","82875","T1","3","0460",,,,"9999","2","Wisconsin","55",,,,"0000075209","0000018823","Vinland town","A","+44126400","-088533650","43",2.84
"G550139087650","1990","WI",,,,,,,,,,,,"99","Winnebago","139","Winchester town","87650","T1","3","0460",,,,"9999","2","Wisconsin","55",,,,"0000092694","0000001868","Winchester town","A","+44206771","-088711585","43",2.83
"G550139087900","1990","WI",,,,,,,,,,,,"99","Winnebago","139","Winneconne village","87900","C5","3","0460",,,,"9999","2","Wisconsin","55",,,,"0000003707","0000001070","Winneconne village","F","+44112030","-088711882","47",2.65
"G550139087925","1990","WI",,,,,,,,,,,,"99","Winnebago","139","Winneconne town","87925","T1","3","0460",,,,"9999","2","Wisconsin","55",,,,"0000057353","0000029685","Winneconne town","A","+44120052","-088706404","43",2.62
"G550139088475","1990","WI",,,,,,,,,,,,"99","Winnebago","139","Wolf River town","88475","T1","3","0460",,,,"9999","2","Wisconsin","55",,,,"0000076028","0000002919","Wolf River town","A","+44215689","-088827627","43",2.57
"G550141003025","1990","WI",,,,,,,,,,,,"99","Wood","141","Arpin village","03025","C5","3","9999",,,,"9999","2","Wisconsin","55",,,,"0000002197","0000000000","Arpin village","F","+44541272","-090032516","47",2.76
"G550141003050","1990","WI",,,,,,,,,,,,"99","Wood","141","Arpin town","03050","T1","3","9999",,,,"9999","2","Wisconsin","55",,,,"0000085505","0000000000","Arpin town","A","+44555546","-090022910","43",3.33
"G550141003775","1990","WI",,,,,,,,,,,,"99","Wood","141","Auburndale village","03775","C5","3","9999",,,,"9999","2","Wisconsin","55",,,,"0000005320","0000000000","Auburndale village","F","+44628279","-090014882","47",2.83
"G550141003800","1990","WI",,,,,,,,,,,,"99","Wood","141","Auburndale town","03800","T1","3","9999",,,,"9999","2","Wisconsin","55",,,,"0000083600","0000000000","Auburndale town","A","+44636489","-090015199","43",3.11
"G550141007650","1990","WI",,,,,,,,,,,,"99","Wood","141","Biron village","07650","C5","3","9999",,,,"9999","2","Wisconsin","55",,,,"0000010853","0000004451","Biron village","F","+44428389","-089764381","47",2.38
"G550141012275","1990","WI",,,,,,,,,,,,"99","Wood","141","Cameron town","12275","T1","3","9999",,,,"9999","2","Wisconsin","55",,,,"0000019611","0000000000","Cameron town","A","+44619645","-090172393","43",3.00
"G550141012775","1990","WI",,,,,,,,,,,,"99","Wood","141","Cary town","12775","T1","3","9999",,,,"9999","2","Wisconsin","55",,,,"0000090719","0000000315","Cary town","A","+44469382","-090255003","43",2.66
"G550141017525","1990","WI",,,,,,,,,,,,"99","Wood","141","Cranmoor town","17525","T1","3","9999",,,,"9999","2","Wisconsin","55",,,,"0000095155","0000014504","Cranmoor town","A","+44344817","-090015674","43",2.80
"G550141020075","1990","WI",,,,,,,,,,,,"99","Wood","141","Dexter town","20075","T1","3","9999",,,,"9999","2","Wisconsin","55",,,,"0000088603","0000003385","Dexter town","A","+44377552","-090137314","43",2.74
"G550141030125","1990","WI",,,,,,,,,,,,"99","Wood","141","Grand Rapids town","30125","T1","3","9999",,,,"9999","2","Wisconsin","55",,,,"0000058611","0000000546","Grand Rapids town","A","+44377586","-089766571","43",3.01
"G550141032575","1990","WI",,,,,,,,,,,,"99","Wood","141","Hansen town","32575","T1","3","9999",,,,"9999","2","Wisconsin","55",,,,"0000087686","0000000012","Hansen town","A","+44463643","-090025550","43",3.13
"G550141034250","1990","WI",,,,,,,,,,,,"99","Wood","141","Hewitt village","34250","C5","3","9999",,,,"9999","2","Wisconsin","55",,,,"0000002072","0000000000","Hewitt village","F","+44645195","-090105108","47",3.15
"G550141034675","1990","WI",,,,,,,,,,,,"99","Wood","141","Hiles town","34675","T1","3","9999",,,,"9999","2","Wisconsin","55",,,,"0000090242","0000001254","Hiles town","A","+44381257","-090252538","43",2.77
"G550141044550","1990","WI",,,,,,,,,,,,"99","Wood","141","Lincoln town","44550","T1","3","9999",,,,"9999","2","Wisconsin","55",,,,"0000088835","0000000037","Lincoln town","A","+44640640","-090255085","43",3.03
"G550141049675","1990","WI",,,,,,,,,,,,"99","Wood","141","Marshfield city","49675","C5","3","9999",,,,"9999","2","Wisconsin","55",,,,"0000026380","0000000071","Marshfield city","F","+44660917","-090171722","25",2.44
"G550141049700","1990","WI",,,,,,,,,,,,"99","Wood","141","Marshfield town","49700","T1","3","9999",,,,"9999","2","Wisconsin","55",,,,"0000044404","0000000033","Marshfield town","A","+44645411","-090114949","43",3.09
"G550141051875","1990","WI",,,,,,,,,,,,"99","Wood","141","Milladore village","51875","C5","3","9999",,,,"9999","2","Wisconsin","55",,,,"0000002585","0000000000","Milladore village","F","+44604636","-089854138","47",2.93
"G550141051900","1990","WI",,,,,,,,,,,,"99","Wood","141","Milladore town","51900","T1","3","9999",,,,"9999","2","Wisconsin","55",,,,"0000088090","0000000053","Milladore town","A","+44644280","-089895879","43",3.21
"G550141055875","1990","WI",,,,,,,,,,,,"99","Wood","141","Nekoosa city","55875","C5","3","9999",,,,"9999","2","Wisconsin","55",,,,"0000008786","0000000029","Nekoosa city","F","+44313159","-089907954","25",2.64
"G550141063100","1990","WI",,,,,,,,,,,,"99","Wood","141","Pittsville city","63100","C5","3","9999",,,,"9999","2","Wisconsin","55",,,,"0000005182","0000000027","Pittsville city","F","+44440448","-090129870","25",2.66
"G550141064175","1990","WI",,,,,,,,,,,,"99","Wood","141","Port Edwards village","64175","C5","3","9999",,,,"9999","2","Wisconsin","55",,,,"0000015629","0000003239","Port Edwards village","F","+44346539","-089846379","47",2.58
"G550141064200","1990","WI",,,,,,,,,,,,"99","Wood","141","Port Edwards town","64200","T1","3","9999",,,,"9999","2","Wisconsin","55",,,,"0000100027","0000001605","Port Edwards town","A","+44285414","-089979397","43",2.94
"G550141067000","1990","WI",,,,,,,,,,,,"99","Wood","141","Remington town","67000","T1","3","9999",,,,"9999","2","Wisconsin","55",,,,"0000179658","0000005637","Remington town","A","+44298263","-090202591","43",2.67
"G550141067500","1990","WI",,,,,,,,,,,,"99","Wood","141","Richfield town","67500","T1","3","9999",,,,"9999","2","Wisconsin","55",,,,"0000090111","0000000105","Richfield town","A","+44554883","-090150032","43",3.29
"G550141068625","1990","WI",,,,,,,,,,,,"99","Wood","141","Rock town","68625","T1","3","9999",,,,"9999","2","Wisconsin","55",,,,"0000089370","0000000114","Rock town","A","+44561475","-090251850","43",3.06
"G550141070000","1990","WI",,,,,,,,,,,,"99","Wood","141","Rudolph village","70000","C5","3","9999",,,,"9999","2","Wisconsin","55",,,,"0000002504","0000000000","Rudolph village","F","+44497238","-089801773","47",2.63
"G550141070025","1990","WI",,,,,,,,,,,,"99","Wood","141","Rudolph town","70025","T1","3","9999",,,,"9999","2","Wisconsin","55",,,,"0000077283","0000000036","Rudolph town","A","+44472549","-089792616","43",3.10
"G550141071600","1990","WI",,,,,,,,,,,,"99","Wood","141","Saratoga town","71600","T1","3","9999",,,,"9999","2","Wisconsin","55",,,,"0000127991","0000004555","Saratoga town","A","+44292556","-089810868","43",2.96
"G550141072575","1990","WI",,,,,,,,,,,,"99","Wood","141","Seneca town","72575","T1","3","9999",,,,"9999","2","Wisconsin","55",,,,"0000083645","0000000483","Seneca town","A","+44395462","-089946927","43",3.07
"G550141073475","1990","WI",,,,,,,,,,,,"99","Wood","141","Sherry town","73475","T1","3","9999",,,,"9999","2","Wisconsin","55",,,,"0000091332","0000000317","Sherry town","A","+44560260","-089897725","43",3.20
"G550141073900","1990","WI",,,,,,,,,,,,"99","Wood","141","Sigel town","73900","T1","3","9999",,,,"9999","2","Wisconsin","55",,,,"0000092043","0000000023","Sigel town","A","+44468056","-089901295","43",3.17
"G550141082650","1990","WI",,,,,,,,,,,,"99","Wood","141","Vesper village","82650","C5","3","9999",,,,"9999","2","Wisconsin","55",,,,"0000002906","0000000000","Vesper village","F","+44481056","-089967295","47",2.81
"G550141088200","1990","WI",,,,,,,,,,,,"99","Wood","141","Wisconsin Rapids city","88200","C5","3","9999",,,,"9999","2","Wisconsin","55",,,,"0000030280","0000002209","Wisconsin Rapids city","F","+44394494","-089832872","25",2.38
"G550141088575","1990","WI",,,,,,,,,,,,"99","Wood","141","Wood town","88575","T1","3","9999",,,,"9999","2","Wisconsin","55",,,,"0000086284","0000000095","Wood town","A","+44472085","-090142049","43",3.19
